Brand,Usage_Type,CPU_Brand,CPU_Cores,CPU_Frequency_GHz,GPU_Brand,GPU_Model,RAM_GB,Storage_GB,Screen_Size,CPU_Performance_Score,GPU_Performance_Score,Overall_Performance_Score,Price_USD,Price_Performance_Ratio
Acer,Student,Intel,6,2.5,AMD,AMD Radeon,8,256.0,16.0,1479,1307,1376,568,2.42
Dell,Student,Intel,6,2.6,Intel,Intel UHD,16,256.0,15.6,1588,1214,1364,655,2.08
ASUS,Gaming,Intel,8,4.8,NVIDIA,NVIDIA GeForce,32,512.0,14.0,3868,10395,7784,1549,5.03
Dell,Professional,AMD,8,3.4,NVIDIA,NVIDIA RTX,16,512.0,17.3,2754,3777,3368,1308,2.57
ASUS,Gaming,Intel,12,5.0,NVIDIA,NVIDIA RTX,16,1024.0,13.3,5959,10820,8875,1355,6.55
Dell,Student,Intel,6,2.2,AMD,AMD Radeon,8,256.0,13.3,1319,1479,1415,444,3.19
Dell,Student,Intel,4,2.4,Intel,Intel UHD,8,512.0,16.0,942,1238,1120,901,1.24
HP,Gaming,Intel,16,3.9,AMD,AMD Radeon,32,1024.0,16.0,6229,13059,10327,2255,4.58
Dell,Professional,Intel,8,3.7,NVIDIA,NVIDIA GeForce,32,512.0,16.0,2996,3539,3321,1780,1.87
MSI,Professional,AMD,12,2.6,NVIDIA,NVIDIA GeForce,16,1024.0,15.6,3076,3283,3200,2036,1.57
Dell,Basic,Intel,4,1.8,AMD,AMD Radeon,4,128.0,16.0,709,617,654,368,1.78
Dell,Professional,AMD,12,3.9,AMD,AMD Radeon,16,512.0,15.6,4686,2401,3315,1624,2.04
Apple,Student,Intel,4,2.1,Intel,Intel Iris Xe,8,256.0,15.6,859,873,867,569,1.52
Lenovo,Basic,Intel,4,2.0,AMD,AMD Radeon,4,128.0,17.3,808,693,739,342,2.16
Lenovo,Gaming,AMD,12,5.5,NVIDIA,NVIDIA RTX,32,2048.0,14.0,6579,8277,7597,1438,5.28
Lenovo,Student,Intel,6,3.5,AMD,AMD Radeon,8,512.0,16.0,2091,532,1155,489,2.36
Apple,Professional,Intel,8,3.4,NVIDIA,NVIDIA GeForce,32,512.0,16.0,2687,2912,2822,937,3.01
ASUS,Student,Intel,4,2.2,Intel,Intel Iris Xe,8,512.0,13.3,888,525,670,494,1.36
Lenovo,Gaming,AMD,8,5.4,AMD,AMD Radeon,32,512.0,15.6,4341,5341,4941,1512,3.27
Lenovo,Student,Intel,4,2.0,Intel,Intel UHD,8,512.0,14.0,819,597,686,703,0.98
Dell,Professional,Intel,8,4.4,NVIDIA,NVIDIA RTX,32,1024.0,17.3,3544,1259,2173,1159,1.87
ASUS,Student,AMD,4,2.0,Intel,Intel UHD,8,256.0,14.0,816,827,823,540,1.52
Dell,Professional,Intel,8,3.3,NVIDIA,NVIDIA GeForce,32,512.0,15.6,2672,3273,3033,1613,1.88
Dell,Basic,AMD,4,2.5,AMD,AMD Radeon,4,128.0,16.0,1012,761,861,467,1.84
Dell,Basic,Intel,4,2.3,Intel,Intel UHD,4,512.0,13.3,902,379,588,310,1.9
HP,Student,Intel,4,3.3,Intel,Intel Iris Xe,8,256.0,14.0,1327,549,860,727,1.18
Dell,Student,AMD,6,2.9,AMD,AMD Radeon,8,256.0,14.0,1739,810,1182,940,1.26
Dell,Student,AMD,6,2.2,AMD,AMD Radeon,8,512.0,15.6,1311,1324,1319,741,1.78
MSI,Professional,Intel,8,2.7,AMD,AMD Radeon,32,1024.0,15.6,2162,3270,2827,2225,1.27
Lenovo,Basic,AMD,2,2.1,AMD,AMD Radeon,8,256.0,16.0,417,421,420,419,1.0
Lenovo,Gaming,Intel,8,3.4,AMD,AMD Radeon,32,1024.0,15.6,2757,12127,8379,3654,2.29
HP,Student,Intel,6,3.2,Intel,Intel Iris Xe,16,512.0,16.0,1930,1213,1500,836,1.79
ASUS,Basic,Intel,2,2.4,Intel,Intel UHD,4,256.0,15.6,489,422,449,254,1.77
MSI,Professional,AMD,12,2.7,AMD,AMD Radeon,16,1024.0,17.3,3242,3595,3454,1785,1.94
Lenovo,Basic,Intel,2,1.9,Intel,Intel Iris Xe,4,256.0,17.3,385,542,479,388,1.23
Dell,Student,Intel,4,3.2,AMD,AMD Radeon,16,512.0,14.0,1296,798,997,915,1.09
HP,Basic,Intel,4,1.6,Intel,Intel UHD,8,128.0,15.6,652,594,617,271,2.28
Dell,Student,Intel,6,2.1,Intel,Intel UHD,8,256.0,17.3,1261,1453,1376,397,3.47
MSI,Student,AMD,4,2.0,AMD,AMD Radeon,16,256.0,15.6,815,1334,1127,633,1.78
ASUS,Professional,AMD,6,3.1,NVIDIA,NVIDIA GeForce,32,512.0,14.0,1864,2688,2359,1208,1.95
HP,Professional,Intel,8,3.8,NVIDIA,NVIDIA GeForce,16,512.0,15.6,3042,1394,2053,1512,1.36
Lenovo,Professional,AMD,8,3.5,NVIDIA,NVIDIA RTX,32,1024.0,13.3,2764,3918,3456,1862,1.86
HP,Professional,AMD,6,3.0,NVIDIA,NVIDIA RTX,16,512.0,15.6,1807,1050,1353,1409,0.96
HP,Student,AMD,4,2.2,Intel,Intel Iris Xe,8,256.0,14.0,865,1103,1008,863,1.17
ASUS,Professional,Intel,12,4.5,NVIDIA,NVIDIA RTX,16,1024.0,14.0,5366,3525,4261,1175,3.63
HP,Gaming,Intel,8,4.8,AMD,AMD Radeon,32,1024.0,13.3,3860,14469,10226,1546,6.61
ASUS,Student,Intel,6,2.3,Intel,Intel Iris Xe,8,512.0,16.0,1353,872,1064,671,1.59
HP,Student,Intel,6,2.3,AMD,AMD Radeon,8,512.0,17.3,1390,1435,1417,352,4.03
Apple,Basic,AMD,2,1.6,Intel,Intel Iris Xe,4,256.0,13.3,323,341,334,175,1.91
Lenovo,Professional,AMD,8,3.3,NVIDIA,NVIDIA RTX,16,1024.0,16.0,2662,3488,3158,939,3.36
Dell,Professional,Intel,6,4.3,NVIDIA,NVIDIA GeForce,16,1024.0,15.6,2572,1641,2013,1806,1.11
Apple,Basic,Intel,4,2.6,AMD,AMD Radeon,4,128.0,15.6,1024,475,695,353,1.97
HP,Basic,Intel,2,2.7,Intel,Intel Iris Xe,4,256.0,13.3,548,401,460,372,1.24
Acer,Professional,Intel,8,3.7,AMD,AMD Radeon,16,1024.0,15.6,2996,2563,2736,2197,1.25
ASUS,Gaming,Intel,16,3.1,NVIDIA,NVIDIA RTX,16,512.0,16.0,4902,8709,7186,1529,4.7
Apple,Basic,AMD,4,2.0,AMD,AMD Radeon,4,256.0,16.0,806,519,634,375,1.69
ASUS,Professional,Intel,6,3.2,AMD,AMD Radeon,32,512.0,15.6,1947,1596,1736,1102,1.58
ASUS,Basic,AMD,2,2.7,AMD,AMD Radeon,8,256.0,13.3,535,237,356,505,0.7
HP,Student,Intel,6,3.2,AMD,AMD Radeon,8,256.0,16.0,1900,1384,1590,606,2.62
Razer,Basic,AMD,4,2.2,AMD,AMD Radeon,4,128.0,15.6,884,203,475,406,1.17
Lenovo,Student,Intel,6,2.1,Intel,Intel UHD,16,256.0,15.6,1241,842,1002,761,1.32
ASUS,Basic,AMD,4,2.5,AMD,AMD Radeon,4,128.0,16.0,989,708,820,511,1.6
Lenovo,Student,AMD,6,2.5,Intel,Intel Iris Xe,16,256.0,14.0,1505,673,1006,566,1.78
Lenovo,Basic,Intel,4,2.3,AMD,AMD Radeon,4,128.0,15.6,931,690,786,382,2.06
Acer,Basic,Intel,4,1.7,Intel,Intel UHD,8,128.0,16.0,672,203,391,257,1.52
ASUS,Professional,Intel,6,3.7,AMD,AMD Radeon,16,1024.0,15.6,2196,3981,3267,914,3.57
Lenovo,Gaming,Intel,16,4.7,NVIDIA,NVIDIA RTX,16,2048.0,15.6,7572,8654,8221,3921,2.1
HP,Professional,AMD,6,2.8,AMD,AMD Radeon,16,512.0,13.3,1696,2803,2360,2565,0.92
Acer,Basic,Intel,4,1.7,AMD,AMD Radeon,4,512.0,15.6,696,392,513,170,3.02
Dell,Student,Intel,4,2.9,Intel,Intel Iris Xe,8,256.0,15.6,1174,630,847,797,1.06
Dell,Student,Intel,4,2.7,AMD,AMD Radeon,8,256.0,15.6,1070,1476,1314,534,2.46
Lenovo,Student,Intel,4,2.3,Intel,Intel UHD,8,512.0,15.6,933,645,760,415,1.83
Lenovo,Student,Intel,6,3.3,Intel,Intel UHD,8,256.0,15.6,1970,1226,1524,403,3.78
HP,Basic,Intel,4,2.0,Intel,Intel Iris Xe,4,256.0,16.0,789,515,625,375,1.67
HP,Gaming,Intel,12,5.1,NVIDIA,NVIDIA GeForce,16,512.0,14.0,6105,9382,8071,1522,5.3
Dell,Professional,AMD,6,4.1,NVIDIA,NVIDIA RTX,16,512.0,14.0,2452,1069,1622,1386,1.17
HP,Student,Intel,6,2.1,AMD,AMD Radeon,8,256.0,14.0,1239,624,870,687,1.27
Acer,Basic,Intel,4,1.7,AMD,AMD Radeon,4,128.0,17.3,680,539,595,292,2.04
Dell,Gaming,Intel,8,3.6,AMD,AMD Radeon,32,512.0,15.6,2888,7220,5488,2462,2.23
HP,Basic,Intel,4,2.1,Intel,Intel Iris Xe,8,128.0,15.6,852,518,651,525,1.24
Acer,Basic,Intel,2,2.0,AMD,AMD Radeon,4,256.0,16.0,394,434,418,221,1.89
Lenovo,Basic,Intel,4,2.3,Intel,Intel UHD,8,256.0,17.3,913,248,514,248,2.07
Dell,Basic,Intel,2,2.6,AMD,AMD Radeon,4,128.0,15.6,524,306,393,432,0.91
ASUS,Student,AMD,6,2.9,AMD,AMD Radeon,8,256.0,15.6,1745,572,1041,514,2.03
HP,Gaming,Intel,8,4.9,NVIDIA,NVIDIA GeForce,16,512.0,14.0,3945,14443,10244,1073,9.55
MSI,Student,Intel,4,2.6,AMD,AMD Radeon,8,256.0,15.6,1027,1485,1302,448,2.91
HP,Gaming,Intel,8,4.0,NVIDIA,NVIDIA GeForce,32,1024.0,14.0,3238,9929,7252,2259,3.21
HP,Student,Intel,4,3.5,Intel,Intel UHD,8,512.0,16.0,1400,1449,1429,626,2.28
Dell,Gaming,Intel,12,3.6,NVIDIA,NVIDIA RTX,32,1024.0,14.0,4324,14862,10647,4023,2.65
Acer,Professional,Intel,6,3.1,NVIDIA,NVIDIA GeForce,16,512.0,15.6,1875,3370,2772,1879,1.48
Dell,Professional,AMD,12,4.0,NVIDIA,NVIDIA RTX,16,1024.0,17.3,4839,2640,3520,1329,2.65
Dell,Student,Intel,4,2.3,Intel,Intel UHD,8,512.0,15.6,927,655,764,536,1.43
Dell,Gaming,Intel,8,4.6,AMD,AMD Radeon,32,512.0,15.6,3712,5304,4667,2266,2.06
ASUS,Basic,Intel,4,1.7,AMD,AMD Radeon,4,128.0,17.3,692,512,584,514,1.14
MSI,Student,Intel,4,2.9,AMD,AMD Radeon,16,512.0,14.0,1143,1376,1283,429,2.99
Razer,Student,Intel,4,2.9,AMD,AMD Radeon,8,256.0,16.0,1163,778,932,819,1.14
Dell,Student,Intel,4,3.3,Intel,Intel Iris Xe,8,512.0,14.0,1308,906,1067,903,1.18
Acer,Professional,Intel,6,3.5,NVIDIA,NVIDIA GeForce,32,1024.0,15.6,2129,3078,2698,1496,1.8
HP,Student,AMD,6,2.2,Intel,Intel Iris Xe,16,256.0,13.3,1345,1074,1182,475,2.49
Acer,Basic,AMD,2,2.6,AMD,AMD Radeon,4,512.0,14.0,516,293,382,220,1.74
HP,Gaming,Intel,8,4.0,NVIDIA,NVIDIA GeForce,32,1024.0,13.3,3200,10443,7546,3893,1.94
Lenovo,Basic,AMD,4,2.3,AMD,AMD Radeon,4,256.0,15.6,903,551,692,389,1.78
ASUS,Basic,AMD,2,2.2,Intel,Intel UHD,8,256.0,16.0,449,452,451,473,0.95
Razer,Gaming,AMD,8,4.0,NVIDIA,NVIDIA GeForce,32,512.0,15.6,3235,13278,9261,2983,3.1
Lenovo,Basic,Intel,4,1.9,Intel,Intel UHD,4,128.0,14.0,766,433,566,300,1.89
Acer,Gaming,Intel,12,4.6,NVIDIA,NVIDIA GeForce,16,512.0,14.0,5503,14160,10697,1627,6.57
Dell,Gaming,AMD,12,3.5,NVIDIA,NVIDIA RTX,32,512.0,13.3,4211,7483,6174,1554,3.97
Dell,Basic,Intel,4,2.6,Intel,Intel Iris Xe,4,128.0,17.3,1054,469,703,303,2.32
Dell,Gaming,AMD,16,3.9,AMD,AMD Radeon,32,512.0,17.3,6196,6731,6517,3225,2.02
Acer,Professional,Intel,12,3.2,AMD,AMD Radeon,32,512.0,15.6,3861,3068,3385,1820,1.86
Lenovo,Basic,AMD,4,2.4,Intel,Intel UHD,4,256.0,15.6,949,756,833,202,4.12
ASUS,Professional,Intel,6,2.9,NVIDIA,NVIDIA GeForce,16,512.0,16.0,1717,2108,1951,2215,0.88
Dell,Basic,Intel,4,1.8,Intel,Intel Iris Xe,4,256.0,17.3,701,606,644,389,1.66
HP,Professional,AMD,12,3.3,NVIDIA,NVIDIA RTX,16,1024.0,15.6,3919,1724,2602,1094,2.38
Lenovo,Basic,Intel,2,2.0,AMD,AMD Radeon,4,128.0,16.0,402,241,306,433,0.71
Lenovo,Student,Intel,6,2.1,Intel,Intel UHD,8,256.0,14.0,1278,1446,1379,580,2.38
ASUS,Student,Intel,4,2.6,AMD,AMD Radeon,8,512.0,13.3,1048,1280,1187,897,1.32
Dell,Gaming,Intel,16,4.9,AMD,AMD Radeon,32,1024.0,16.0,7878,13749,11401,3115,3.66
ASUS,Basic,AMD,4,2.0,Intel,Intel Iris Xe,4,256.0,15.6,792,453,589,489,1.2
Lenovo,Basic,Intel,2,1.7,Intel,Intel UHD,4,128.0,15.6,349,624,514,439,1.17
HP,Gaming,Intel,16,4.1,AMD,AMD Radeon,16,2048.0,14.0,6581,7519,7144,1040,6.87
MSI,Student,AMD,4,2.5,Intel,Intel Iris Xe,8,256.0,15.6,996,952,970,889,1.09
HP,Student,AMD,4,2.7,AMD,AMD Radeon,8,256.0,16.0,1067,852,938,687,1.37
Acer,Student,Intel,6,2.2,Intel,Intel UHD,8,256.0,13.3,1345,960,1114,515,2.16
MSI,Gaming,AMD,16,5.3,NVIDIA,NVIDIA GeForce,32,1024.0,17.3,8401,14097,11818,1742,6.78
Razer,Student,Intel,6,3.5,AMD,AMD Radeon,8,512.0,15.6,2098,703,1261,747,1.69
Acer,Professional,Intel,8,3.9,AMD,AMD Radeon,16,512.0,13.3,3154,1036,1883,1403,1.34
ASUS,Gaming,AMD,12,3.1,AMD,AMD Radeon,16,2048.0,15.6,3752,11501,8401,1231,6.82
Dell,Student,Intel,6,2.0,AMD,AMD Radeon,8,256.0,13.3,1208,981,1072,595,1.8
Dell,Student,Intel,4,3.3,AMD,AMD Radeon,16,512.0,15.6,1331,1174,1237,499,2.48
Acer,Student,AMD,6,2.4,Intel,Intel UHD,8,256.0,15.6,1464,791,1060,967,1.1
Acer,Student,AMD,4,2.8,Intel,Intel Iris Xe,8,512.0,15.6,1116,1377,1273,772,1.65
Dell,Student,Intel,6,2.5,AMD,AMD Radeon,16,512.0,14.0,1491,979,1184,687,1.72
HP,Gaming,Intel,12,4.9,NVIDIA,NVIDIA RTX,32,1024.0,16.0,5874,7357,6764,1703,3.97
ASUS,Student,Intel,6,3.1,AMD,AMD Radeon,8,512.0,14.0,1875,944,1316,498,2.64
Lenovo,Professional,Intel,8,3.7,AMD,AMD Radeon,16,512.0,14.0,2928,1783,2241,1305,1.72
Apple,Student,Intel,6,3.0,AMD,AMD Radeon,8,512.0,17.3,1807,703,1144,735,1.56
Lenovo,Gaming,Intel,8,4.4,AMD,AMD Radeon,16,512.0,13.3,3513,8995,6802,3324,2.05
ASUS,Basic,Intel,2,1.6,Intel,Intel UHD,8,256.0,15.6,325,317,320,481,0.67
HP,Professional,Intel,12,2.5,NVIDIA,NVIDIA RTX,16,1024.0,14.0,3025,2165,2509,1990,1.26
Dell,Basic,AMD,2,2.6,Intel,Intel UHD,4,256.0,15.6,527,418,462,428,1.08
Dell,Student,Intel,6,2.3,AMD,AMD Radeon,16,256.0,15.6,1374,779,1017,779,1.31
Dell,Professional,Intel,8,4.5,AMD,AMD Radeon,16,512.0,16.0,3587,1397,2273,1857,1.22
HP,Professional,Intel,8,2.6,NVIDIA,NVIDIA RTX,32,512.0,13.3,2090,2074,2080,1516,1.37
HP,Gaming,Intel,12,4.4,AMD,AMD Radeon,16,512.0,16.0,5242,13294,10073,1143,8.81
HP,Student,Intel,6,2.1,Intel,Intel UHD,16,512.0,17.3,1271,1169,1210,672,1.8
Dell,Basic,Intel,2,1.8,Intel,Intel Iris Xe,8,256.0,14.0,354,612,508,170,2.99
Dell,Professional,Intel,8,3.5,AMD,AMD Radeon,16,512.0,14.0,2826,1160,1826,2268,0.81
ASUS,Basic,AMD,2,2.1,Intel,Intel UHD,4,256.0,15.6,411,302,346,365,0.95
Apple,Gaming,Intel,12,3.3,AMD,AMD Radeon,16,1024.0,16.0,3952,11227,8317,2457,3.39
HP,Basic,AMD,2,2.6,AMD,AMD Radeon,4,128.0,15.6,519,675,613,290,2.11
HP,Student,Intel,6,3.3,AMD,AMD Radeon,8,256.0,15.6,1997,1336,1600,640,2.5
Lenovo,Basic,Intel,2,2.7,Intel,Intel Iris Xe,4,256.0,13.3,547,727,655,251,2.61
Acer,Basic,AMD,2,2.2,Intel,Intel UHD,4,256.0,16.0,450,200,300,223,1.35
Dell,Student,AMD,6,2.0,AMD,AMD Radeon,8,256.0,13.3,1225,1028,1107,583,1.9
Dell,Basic,Intel,4,1.7,Intel,Intel Iris Xe,8,128.0,15.6,682,702,694,228,3.04
Razer,Student,Intel,4,2.6,AMD,AMD Radeon,16,256.0,15.6,1025,1313,1198,276,4.34
Dell,Student,Intel,4,3.1,AMD,AMD Radeon,8,256.0,15.6,1232,1296,1271,810,1.57
Acer,Professional,Intel,6,2.5,AMD,AMD Radeon,32,512.0,17.3,1500,1732,1639,1307,1.25
Lenovo,Basic,Intel,2,2.5,AMD,AMD Radeon,4,128.0,16.0,492,580,545,551,0.99
Dell,Student,Intel,6,2.3,AMD,AMD Radeon,8,256.0,15.6,1375,1058,1185,840,1.41
HP,Basic,Intel,4,2.6,Intel,Intel UHD,8,128.0,15.6,1049,571,762,453,1.68
Apple,Student,Intel,6,2.4,AMD,AMD Radeon,8,512.0,17.3,1459,1145,1271,548,2.32
MSI,Basic,Intel,4,1.7,AMD,AMD Radeon,4,128.0,14.0,681,473,556,491,1.13
HP,Professional,Intel,6,3.1,NVIDIA,NVIDIA RTX,16,512.0,13.3,1843,3186,2649,1196,2.21
ASUS,Basic,Intel,2,2.6,Intel,Intel Iris Xe,4,128.0,14.0,513,672,608,278,2.19
Dell,Basic,AMD,2,2.2,Intel,Intel UHD,8,512.0,14.0,443,764,636,448,1.42
Lenovo,Gaming,AMD,12,3.5,AMD,AMD Radeon,16,1024.0,15.6,4260,6149,5393,1789,3.01
Dell,Gaming,Intel,12,4.1,NVIDIA,NVIDIA GeForce,32,1024.0,15.6,4936,12791,9649,2497,3.86
Lenovo,Student,AMD,4,2.7,AMD,AMD Radeon,8,256.0,15.6,1098,1408,1284,593,2.17
Dell,Gaming,Intel,12,3.3,NVIDIA,NVIDIA RTX,32,1024.0,14.0,3926,11496,8468,1051,8.06
ASUS,Gaming,Intel,8,4.7,NVIDIA,NVIDIA RTX,16,2048.0,17.3,3785,13267,9474,3558,2.66
Lenovo,Student,Intel,6,2.1,AMD,AMD Radeon,16,512.0,16.0,1281,1288,1285,736,1.75
Dell,Basic,AMD,4,1.6,AMD,AMD Radeon,4,128.0,17.3,652,763,718,230,3.12
ASUS,Gaming,Intel,12,3.5,NVIDIA,NVIDIA GeForce,32,512.0,16.0,4228,13983,10081,1931,5.22
Dell,Student,AMD,6,2.0,AMD,AMD Radeon,8,512.0,14.0,1210,1371,1307,531,2.46
Razer,Gaming,Intel,8,4.0,AMD,AMD Radeon,16,512.0,15.6,3223,8250,6239,3124,2.0
HP,Gaming,Intel,12,4.2,NVIDIA,NVIDIA GeForce,16,512.0,16.0,5027,6829,6108,1254,4.87
Lenovo,Professional,Intel,6,2.9,AMD,AMD Radeon,32,512.0,14.0,1768,1154,1399,1855,0.75
Lenovo,Basic,AMD,4,2.7,AMD,AMD Radeon,4,256.0,15.6,1098,393,675,436,1.55
Lenovo,Professional,Intel,8,4.5,NVIDIA,NVIDIA GeForce,32,1024.0,15.6,3575,1037,2052,2079,0.99
Lenovo,Professional,Intel,12,3.1,AMD,AMD Radeon,32,1024.0,14.0,3695,2061,2715,1827,1.49
Razer,Gaming,Intel,16,3.8,AMD,AMD Radeon,16,512.0,15.6,6055,13369,10444,1025,10.19
Apple,Student,Intel,4,2.5,AMD,AMD Radeon,8,512.0,15.6,1009,984,994,606,1.64
Lenovo,Gaming,Intel,16,4.0,AMD,AMD Radeon,16,512.0,14.0,6469,13512,10695,3639,2.94
Dell,Professional,AMD,12,4.0,NVIDIA,NVIDIA RTX,16,1024.0,14.0,4825,2660,3526,818,4.31
Apple,Basic,Intel,2,2.7,AMD,AMD Radeon,8,512.0,15.6,550,450,490,211,2.32
Lenovo,Student,Intel,6,2.8,AMD,AMD Radeon,16,512.0,17.3,1705,1171,1384,717,1.93
Dell,Student,Intel,4,2.2,AMD,AMD Radeon,8,256.0,15.6,894,514,666,663,1.0
Dell,Student,Intel,4,2.2,Intel,Intel UHD,8,256.0,13.3,879,807,836,982,0.85
Razer,Gaming,Intel,12,4.8,NVIDIA,NVIDIA GeForce,32,512.0,15.6,5712,8949,7654,1832,4.18
Lenovo,Student,AMD,6,2.5,AMD,AMD Radeon,8,512.0,15.6,1530,1334,1413,815,1.73
ASUS,Student,AMD,4,2.3,AMD,AMD Radeon,8,256.0,13.3,900,1404,1202,483,2.49
Dell,Student,Intel,6,3.0,Intel,Intel UHD,8,512.0,13.3,1791,886,1248,555,2.25
HP,Basic,Intel,2,2.1,Intel,Intel Iris Xe,8,128.0,13.3,413,686,577,311,1.86
Lenovo,Basic,Intel,2,2.7,AMD,AMD Radeon,4,128.0,15.6,536,461,491,376,1.31
MSI,Student,Intel,4,3.0,Intel,Intel UHD,16,256.0,17.3,1218,1330,1286,508,2.53
MSI,Gaming,Intel,8,3.9,NVIDIA,NVIDIA GeForce,16,512.0,17.3,3082,6523,5146,1148,4.48
HP,Professional,Intel,8,3.0,NVIDIA,NVIDIA GeForce,16,512.0,15.6,2377,2448,2420,1068,2.27
HP,Basic,Intel,4,1.8,Intel,Intel UHD,8,256.0,15.6,712,373,508,329,1.54
ASUS,Student,AMD,6,3.4,AMD,AMD Radeon,8,256.0,14.0,2038,940,1379,717,1.92
HP,Gaming,Intel,12,3.4,NVIDIA,NVIDIA GeForce,32,512.0,13.3,4062,12177,8931,1454,6.14
HP,Gaming,Intel,8,3.1,NVIDIA,NVIDIA RTX,16,512.0,14.0,2495,10792,7473,2572,2.91
Lenovo,Student,Intel,6,2.8,AMD,AMD Radeon,8,256.0,13.3,1701,727,1116,623,1.79
Razer,Professional,AMD,6,3.9,NVIDIA,NVIDIA RTX,16,512.0,15.6,2322,1999,2128,1640,1.3
Acer,Professional,Intel,8,2.8,NVIDIA,NVIDIA RTX,16,1024.0,13.3,2238,1006,1499,1302,1.15
ASUS,Basic,Intel,2,1.8,Intel,Intel UHD,4,256.0,15.6,358,361,360,405,0.89
ASUS,Gaming,Intel,8,4.0,AMD,AMD Radeon,32,512.0,15.6,3207,14988,10276,1851,5.55
HP,Student,Intel,4,2.5,AMD,AMD Radeon,16,512.0,13.3,1018,1273,1171,622,1.88
ASUS,Basic,Intel,2,2.0,AMD,AMD Radeon,8,128.0,16.0,391,201,277,366,0.76
Dell,Professional,AMD,8,3.1,NVIDIA,NVIDIA RTX,16,1024.0,15.6,2496,3416,3048,1570,1.94
Lenovo,Basic,Intel,2,1.6,AMD,AMD Radeon,8,512.0,15.6,329,217,262,453,0.58
Apple,Student,Intel,4,2.7,Intel,Intel UHD,8,512.0,17.3,1083,1086,1085,404,2.69
HP,Basic,Intel,2,1.7,AMD,AMD Radeon,8,256.0,15.6,349,419,391,301,1.3
Dell,Professional,Intel,8,3.0,AMD,AMD Radeon,32,1024.0,13.3,2400,2254,2313,2345,0.99
ASUS,Basic,AMD,2,1.6,AMD,AMD Radeon,4,512.0,17.3,327,258,286,493,0.58
Lenovo,Student,Intel,4,2.3,AMD,AMD Radeon,16,256.0,15.6,925,1388,1203,729,1.65
Acer,Student,Intel,4,3.2,AMD,AMD Radeon,8,256.0,13.3,1260,1065,1143,758,1.51
Lenovo,Professional,AMD,8,4.4,AMD,AMD Radeon,16,512.0,15.6,3506,2819,3094,2009,1.54
Dell,Gaming,Intel,8,4.2,NVIDIA,NVIDIA GeForce,32,2048.0,13.3,3332,9588,7085,2841,2.49
ASUS,Professional,Intel,12,3.8,NVIDIA,NVIDIA GeForce,32,1024.0,13.3,4532,3222,3746,2109,1.78
HP,Professional,Intel,8,2.9,NVIDIA,NVIDIA RTX,16,1024.0,15.6,2314,2512,2433,1974,1.23
MSI,Professional,Intel,8,4.3,AMD,AMD Radeon,16,1024.0,17.3,3416,3271,3329,1375,2.42
Dell,Student,AMD,4,2.1,AMD,AMD Radeon,8,512.0,14.0,847,1141,1023,565,1.81
HP,Basic,Intel,4,2.0,AMD,AMD Radeon,4,128.0,15.6,786,778,781,422,1.85
Lenovo,Professional,Intel,8,3.9,NVIDIA,NVIDIA RTX,32,512.0,15.6,3150,3801,3541,1708,2.07
ASUS,Basic,Intel,2,1.8,Intel,Intel UHD,4,128.0,15.6,361,550,474,461,1.03
HP,Basic,AMD,2,2.6,AMD,AMD Radeon,4,256.0,13.3,515,226,342,386,0.89
ASUS,Professional,Intel,6,3.7,NVIDIA,NVIDIA GeForce,16,1024.0,15.6,2209,3539,3007,1595,1.89
ASUS,Gaming,Intel,12,4.1,NVIDIA,NVIDIA GeForce,32,512.0,14.0,4979,7146,6279,3337,1.88
Dell,Professional,Intel,12,4.0,NVIDIA,NVIDIA GeForce,16,512.0,13.3,4768,3078,3754,1786,2.1
Razer,Basic,Intel,2,2.2,Intel,Intel Iris Xe,8,256.0,14.0,434,746,621,150,4.14
Dell,Student,AMD,4,2.3,Intel,Intel Iris Xe,16,256.0,15.6,913,913,913,878,1.04
ASUS,Basic,Intel,2,1.9,Intel,Intel UHD,4,512.0,13.3,381,545,480,407,1.18
Lenovo,Basic,AMD,4,2.0,AMD,AMD Radeon,4,128.0,15.6,814,499,625,340,1.84
Lenovo,Student,Intel,6,3.3,AMD,AMD Radeon,16,256.0,14.0,1962,1262,1542,490,3.15
Lenovo,Professional,Intel,8,2.8,NVIDIA,NVIDIA GeForce,16,512.0,14.0,2234,1671,1896,2457,0.77
Lenovo,Professional,AMD,8,4.3,AMD,AMD Radeon,32,512.0,16.0,3432,3798,3652,1286,2.84
HP,Professional,Intel,6,2.8,NVIDIA,NVIDIA RTX,16,512.0,16.0,1673,2617,2239,1598,1.4
Apple,Professional,AMD,12,3.5,NVIDIA,NVIDIA RTX,16,512.0,17.3,4202,3599,3840,861,4.46
HP,Basic,Intel,2,1.9,Intel,Intel UHD,4,256.0,14.0,384,655,547,536,1.02
Lenovo,Student,Intel,6,3.0,Intel,Intel UHD,8,256.0,15.6,1774,551,1040,659,1.58
ASUS,Basic,Intel,2,2.6,Intel,Intel Iris Xe,4,256.0,15.6,528,658,606,372,1.63
HP,Professional,Intel,8,2.5,NVIDIA,NVIDIA GeForce,16,512.0,16.0,2001,1760,1857,1075,1.73
Dell,Professional,Intel,6,3.5,NVIDIA,NVIDIA RTX,32,512.0,15.6,2100,1831,1938,1462,1.33
ASUS,Student,AMD,6,3.0,AMD,AMD Radeon,16,256.0,13.3,1814,720,1158,762,1.52
MSI,Professional,Intel,6,2.8,AMD,AMD Radeon,32,512.0,15.6,1662,1485,1556,1758,0.89
Apple,Professional,Intel,6,3.3,AMD,AMD Radeon,16,1024.0,15.6,1950,1861,1897,2453,0.77
ASUS,Professional,Intel,6,3.6,NVIDIA,NVIDIA GeForce,32,512.0,15.6,2156,1947,2031,880,2.31
Lenovo,Professional,Intel,12,2.8,NVIDIA,NVIDIA GeForce,32,512.0,15.6,3361,2248,2693,1587,1.7
Acer,Basic,Intel,2,2.5,Intel,Intel Iris Xe,4,128.0,15.6,492,282,366,363,1.01
Lenovo,Professional,Intel,12,4.4,NVIDIA,NVIDIA GeForce,16,1024.0,15.6,5275,3211,4037,1073,3.76
MSI,Student,AMD,4,2.9,AMD,AMD Radeon,8,256.0,17.3,1160,596,821,598,1.37
HP,Student,Intel,4,2.1,AMD,AMD Radeon,8,512.0,13.3,840,1052,967,690,1.4
Lenovo,Gaming,Intel,8,5.2,AMD,AMD Radeon,16,1024.0,13.3,4149,6872,5782,3307,1.75
Apple,Student,Intel,6,2.7,Intel,Intel UHD,8,256.0,14.0,1601,1278,1407,582,2.42
Acer,Professional,Intel,8,2.8,AMD,AMD Radeon,32,512.0,16.0,2210,1947,2052,1043,1.97
Dell,Basic,Intel,2,2.7,AMD,AMD Radeon,4,256.0,15.6,535,416,464,171,2.71
Acer,Student,AMD,4,2.5,Intel,Intel Iris Xe,8,512.0,15.6,1018,1342,1213,403,3.01
Dell,Professional,Intel,8,4.3,AMD,AMD Radeon,32,1024.0,17.3,3418,3592,3522,920,3.83
Dell,Basic,Intel,4,2.2,Intel,Intel Iris Xe,8,256.0,16.0,860,500,644,548,1.18
HP,Basic,Intel,4,2.2,Intel,Intel UHD,4,128.0,13.3,861,247,492,240,2.05
Dell,Student,Intel,6,2.9,AMD,AMD Radeon,16,256.0,15.6,1720,1494,1584,852,1.86
Lenovo,Gaming,AMD,8,5.0,NVIDIA,NVIDIA GeForce,32,512.0,15.6,3986,8359,6610,1451,4.56
MSI,Basic,AMD,2,2.4,Intel,Intel UHD,4,256.0,15.6,488,411,442,396,1.12
Acer,Student,Intel,6,2.3,Intel,Intel UHD,8,512.0,14.0,1353,1172,1244,427,2.91
Razer,Basic,Intel,2,2.6,AMD,AMD Radeon,4,128.0,15.6,519,721,640,283,2.26
HP,Gaming,Intel,12,3.7,NVIDIA,NVIDIA GeForce,32,2048.0,17.3,4425,14207,10294,1495,6.89
Dell,Student,AMD,4,2.6,Intel,Intel Iris Xe,8,256.0,13.3,1033,1361,1230,440,2.8
Razer,Basic,Intel,4,1.9,AMD,AMD Radeon,4,256.0,15.6,752,673,705,438,1.61
Dell,Student,Intel,6,2.4,AMD,AMD Radeon,8,512.0,13.3,1447,1017,1189,946,1.26
Lenovo,Student,Intel,4,3.1,Intel,Intel Iris Xe,8,512.0,16.0,1234,1267,1254,558,2.25
Lenovo,Professional,Intel,6,3.5,NVIDIA,NVIDIA RTX,16,512.0,17.3,2128,3491,2945,1728,1.7
Lenovo,Basic,Intel,2,1.9,Intel,Intel UHD,4,512.0,15.6,378,484,441,440,1.0
Acer,Student,Intel,6,2.5,Intel,Intel Iris Xe,16,256.0,15.6,1480,1154,1285,592,2.17
ASUS,Gaming,AMD,8,5.1,AMD,AMD Radeon,32,512.0,15.6,4074,13285,9601,1182,8.12
ASUS,Basic,AMD,4,2.0,Intel,Intel Iris Xe,4,256.0,14.0,814,729,763,334,2.28
Apple,Gaming,Intel,8,3.6,AMD,AMD Radeon,32,512.0,14.0,2885,10090,7208,3791,1.9
Lenovo,Professional,Intel,8,2.8,NVIDIA,NVIDIA GeForce,32,512.0,15.6,2279,3959,3287,1429,2.3
HP,Professional,Intel,6,3.1,NVIDIA,NVIDIA GeForce,16,512.0,14.0,1861,3944,3111,932,3.34
HP,Gaming,AMD,16,4.3,NVIDIA,NVIDIA RTX,32,2048.0,14.0,6914,5759,6221,1593,3.91
Apple,Student,Intel,4,2.9,Intel,Intel UHD,8,256.0,15.6,1165,1045,1093,615,1.78
ASUS,Student,Intel,4,2.5,AMD,AMD Radeon,8,512.0,15.6,1003,1456,1275,520,2.45
Lenovo,Gaming,Intel,12,4.2,NVIDIA,NVIDIA GeForce,32,512.0,13.3,5002,8153,6892,1192,5.78
Acer,Basic,Intel,2,2.6,Intel,Intel Iris Xe,4,256.0,14.0,527,573,554,150,3.69
Lenovo,Basic,Intel,4,2.8,AMD,AMD Radeon,4,128.0,15.6,1104,653,833,433,1.92
Dell,Basic,Intel,2,1.7,AMD,AMD Radeon,4,256.0,15.6,344,339,341,477,0.71
Lenovo,Basic,AMD,2,2.4,AMD,AMD Radeon,4,256.0,16.0,478,431,449,301,1.49
HP,Gaming,Intel,12,3.6,AMD,AMD Radeon,32,2048.0,15.6,4359,9652,7535,3140,2.4
Lenovo,Student,Intel,6,3.3,AMD,AMD Radeon,16,256.0,14.0,1972,899,1328,573,2.32
HP,Professional,Intel,8,2.9,NVIDIA,NVIDIA GeForce,16,1024.0,14.0,2304,2038,2144,1963,1.09
ASUS,Basic,Intel,4,2.2,AMD,AMD Radeon,4,128.0,16.0,898,780,827,456,1.81
ASUS,Basic,Intel,2,1.7,AMD,AMD Radeon,8,256.0,14.0,330,402,373,247,1.51
Acer,Student,AMD,6,2.7,Intel,Intel UHD,8,256.0,17.3,1640,1352,1467,593,2.47
HP,Student,Intel,4,3.4,AMD,AMD Radeon,8,256.0,15.6,1344,1212,1265,785,1.61
ASUS,Professional,AMD,8,2.8,NVIDIA,NVIDIA RTX,32,1024.0,15.6,2227,3935,3252,2302,1.41
ASUS,Gaming,AMD,16,4.9,NVIDIA,NVIDIA RTX,32,512.0,14.0,7877,12918,10902,2136,5.1
HP,Basic,Intel,4,2.6,AMD,AMD Radeon,8,128.0,15.6,1026,316,600,393,1.53
HP,Professional,AMD,6,3.1,NVIDIA,NVIDIA GeForce,16,1024.0,14.0,1844,2773,2401,2309,1.04
Lenovo,Basic,Intel,2,2.8,Intel,Intel Iris Xe,4,128.0,16.0,559,541,548,354,1.55
HP,Student,Intel,4,3.2,Intel,Intel Iris Xe,8,256.0,15.6,1286,873,1038,517,2.01
Lenovo,Professional,Intel,12,4.4,NVIDIA,NVIDIA RTX,16,1024.0,13.3,5230,3345,4099,2362,1.74
Apple,Basic,AMD,2,2.1,Intel,Intel Iris Xe,8,128.0,13.3,416,388,399,167,2.39
Apple,Student,AMD,6,2.3,AMD,AMD Radeon,16,512.0,14.0,1371,1223,1282,385,3.33
Acer,Basic,AMD,2,2.6,AMD,AMD Radeon,8,128.0,15.6,514,501,506,310,1.63
Lenovo,Student,Intel,6,3.1,Intel,Intel UHD,16,512.0,14.0,1836,717,1165,841,1.39
Dell,Gaming,Intel,8,5.4,AMD,AMD Radeon,32,512.0,15.6,4306,14069,10164,2512,4.05
MSI,Professional,Intel,8,4.0,AMD,AMD Radeon,32,1024.0,14.0,3234,1991,2488,1031,2.41
HP,Professional,AMD,8,2.7,NVIDIA,NVIDIA GeForce,32,1024.0,15.6,2135,3189,2767,976,2.84
HP,Professional,Intel,12,3.3,NVIDIA,NVIDIA GeForce,32,512.0,15.6,3987,3330,3593,1441,2.49
ASUS,Professional,Intel,8,3.7,AMD,AMD Radeon,16,1024.0,15.6,2925,1306,1954,1156,1.69
Acer,Gaming,Intel,16,4.4,NVIDIA,NVIDIA RTX,32,512.0,15.6,7013,12456,10279,1996,5.15
Acer,Basic,Intel,2,2.0,AMD,AMD Radeon,8,128.0,15.6,396,415,407,527,0.77
HP,Student,AMD,4,3.2,Intel,Intel Iris Xe,8,256.0,15.6,1273,668,910,491,1.85
HP,Basic,AMD,4,1.6,AMD,AMD Radeon,8,128.0,14.0,642,772,720,227,3.17
Lenovo,Professional,Intel,8,4.2,NVIDIA,NVIDIA RTX,16,1024.0,16.0,3372,3734,3589,990,3.63
HP,Gaming,Intel,12,3.1,AMD,AMD Radeon,32,1024.0,17.3,3774,8974,6894,1561,4.42
Acer,Gaming,Intel,12,4.0,AMD,AMD Radeon,16,512.0,14.0,4829,12978,9718,3996,2.43
Dell,Student,Intel,4,3.4,Intel,Intel Iris Xe,8,256.0,15.6,1363,530,863,605,1.43
Lenovo,Basic,Intel,4,2.7,Intel,Intel UHD,8,512.0,14.0,1072,276,595,422,1.41
Dell,Gaming,AMD,16,3.3,AMD,AMD Radeon,32,1024.0,15.6,5242,6869,6218,2645,2.35
Lenovo,Basic,AMD,4,2.2,AMD,AMD Radeon,8,256.0,16.0,896,200,479,385,1.24
Acer,Gaming,AMD,12,4.4,NVIDIA,NVIDIA GeForce,16,512.0,15.6,5322,5901,5669,1985,2.86
Dell,Gaming,AMD,8,3.6,AMD,AMD Radeon,32,1024.0,15.6,2892,12640,8741,1177,7.43
Razer,Student,AMD,4,2.5,Intel,Intel UHD,16,256.0,15.6,981,1434,1253,712,1.76
Lenovo,Gaming,Intel,8,3.3,NVIDIA,NVIDIA RTX,16,2048.0,14.0,2638,5634,4436,1907,2.33
HP,Professional,Intel,8,2.8,NVIDIA,NVIDIA RTX,16,512.0,15.6,2253,1915,2051,1535,1.34
MSI,Basic,Intel,4,2.7,Intel,Intel UHD,8,256.0,15.6,1067,450,697,331,2.11
Lenovo,Basic,AMD,2,1.7,AMD,AMD Radeon,4,128.0,13.3,349,754,592,443,1.34
Razer,Professional,AMD,12,4.0,AMD,AMD Radeon,16,512.0,15.6,4773,3844,4215,1222,3.45
Dell,Student,Intel,4,2.9,Intel,Intel UHD,16,512.0,13.3,1178,503,773,531,1.46
Dell,Professional,Intel,6,3.2,NVIDIA,NVIDIA RTX,16,512.0,16.0,1900,2348,2169,1610,1.35
HP,Student,AMD,6,3.3,AMD,AMD Radeon,8,256.0,14.0,1959,1119,1455,804,1.81
Apple,Basic,AMD,4,2.2,Intel,Intel UHD,8,256.0,15.6,882,322,546,212,2.58
Dell,Gaming,AMD,8,4.2,AMD,AMD Radeon,16,2048.0,14.0,3363,6028,4962,3745,1.32
HP,Student,Intel,6,2.5,Intel,Intel UHD,8,512.0,15.6,1497,1005,1202,388,3.1
HP,Professional,Intel,8,4.0,NVIDIA,NVIDIA GeForce,16,1024.0,16.0,3169,2474,2752,1949,1.41
HP,Basic,Intel,2,2.1,Intel,Intel UHD,4,128.0,14.0,430,513,480,154,3.12
Lenovo,Gaming,Intel,16,4.1,AMD,AMD Radeon,16,512.0,17.3,6488,6232,6334,1256,5.04
Lenovo,Student,AMD,6,2.9,AMD,AMD Radeon,16,256.0,17.3,1727,1215,1420,719,1.97
Lenovo,Student,Intel,6,2.0,Intel,Intel Iris Xe,8,512.0,16.0,1217,1255,1240,769,1.61
Dell,Professional,Intel,6,2.7,NVIDIA,NVIDIA RTX,16,512.0,15.6,1613,2427,2102,1490,1.41
Lenovo,Student,Intel,6,2.5,Intel,Intel Iris Xe,8,256.0,15.6,1506,1109,1268,531,2.39
HP,Student,Intel,6,2.2,AMD,AMD Radeon,8,512.0,14.0,1314,1253,1278,557,2.29
HP,Student,Intel,6,2.7,AMD,AMD Radeon,8,256.0,13.3,1611,1427,1500,836,1.79
MSI,Basic,Intel,2,2.8,AMD,AMD Radeon,8,128.0,17.3,552,694,638,331,1.93
ASUS,Professional,AMD,12,2.7,AMD,AMD Radeon,16,1024.0,16.0,3283,1532,2232,2008,1.11
HP,Professional,Intel,6,4.2,NVIDIA,NVIDIA GeForce,32,512.0,17.3,2518,3002,2808,1846,1.52
ASUS,Gaming,AMD,8,3.6,NVIDIA,NVIDIA GeForce,16,512.0,15.6,2841,13186,9048,1051,8.61
Apple,Basic,Intel,2,2.8,Intel,Intel UHD,4,128.0,15.6,559,659,619,193,3.21
HP,Student,Intel,6,2.8,Intel,Intel UHD,8,256.0,16.0,1691,1013,1284,891,1.44
Lenovo,Gaming,Intel,12,3.6,NVIDIA,NVIDIA GeForce,16,1024.0,13.3,4372,5702,5170,1194,4.33
Acer,Student,Intel,4,3.2,Intel,Intel UHD,8,256.0,16.0,1279,1305,1294,477,2.71
Razer,Student,Intel,4,2.4,AMD,AMD Radeon,8,512.0,14.0,973,1490,1283,757,1.69
Dell,Student,AMD,6,2.8,Intel,Intel Iris Xe,8,256.0,15.6,1659,711,1090,508,2.15
Acer,Gaming,AMD,16,4.8,NVIDIA,NVIDIA GeForce,32,1024.0,16.0,7692,5943,6643,2586,2.57
Dell,Student,Intel,4,3.5,AMD,AMD Radeon,8,256.0,15.6,1384,1442,1419,977,1.45
ASUS,Basic,Intel,2,2.2,AMD,AMD Radeon,8,256.0,13.3,448,570,521,312,1.67
Lenovo,Basic,Intel,2,2.1,AMD,AMD Radeon,8,128.0,17.3,412,717,595,409,1.45
HP,Student,AMD,6,2.2,AMD,AMD Radeon,8,512.0,13.3,1311,1150,1215,473,2.57
Acer,Student,Intel,6,3.4,AMD,AMD Radeon,8,512.0,13.3,2025,889,1343,881,1.52
Dell,Basic,Intel,4,2.4,Intel,Intel Iris Xe,4,256.0,15.6,948,356,593,271,2.19
HP,Student,Intel,6,2.4,AMD,AMD Radeon,8,256.0,14.0,1440,1484,1466,838,1.75
Acer,Basic,AMD,4,2.6,Intel,Intel Iris Xe,8,128.0,13.3,1028,369,633,338,1.87
MSI,Student,Intel,4,2.1,Intel,Intel UHD,8,512.0,14.0,849,549,669,764,0.88
Dell,Student,Intel,6,3.1,AMD,AMD Radeon,8,512.0,16.0,1849,783,1209,518,2.33
MSI,Gaming,Intel,12,3.8,AMD,AMD Radeon,16,512.0,15.6,4597,6132,5518,3553,1.55
Dell,Professional,AMD,8,3.0,NVIDIA,NVIDIA RTX,16,512.0,15.6,2426,3016,2780,922,3.02
Acer,Student,Intel,6,2.4,Intel,Intel Iris Xe,8,256.0,13.3,1415,1226,1302,412,3.16
HP,Basic,Intel,4,2.3,AMD,AMD Radeon,4,256.0,14.0,902,588,713,490,1.46
ASUS,Gaming,Intel,8,4.7,AMD,AMD Radeon,32,512.0,13.3,3790,8992,6911,1619,4.27
ASUS,Student,AMD,4,3.3,Intel,Intel UHD,8,256.0,13.3,1330,978,1118,941,1.19
Acer,Student,Intel,6,2.6,Intel,Intel Iris Xe,8,512.0,15.6,1574,776,1095,734,1.49
HP,Gaming,Intel,8,3.6,AMD,AMD Radeon,16,512.0,15.6,2864,13034,8966,2527,3.55
ASUS,Basic,Intel,4,2.1,AMD,AMD Radeon,8,128.0,13.3,837,446,603,278,2.17
HP,Professional,Intel,12,2.6,AMD,AMD Radeon,16,1024.0,15.6,3147,1322,2052,2251,0.91
Acer,Gaming,AMD,8,4.2,AMD,AMD Radeon,32,512.0,14.0,3337,14325,9929,2945,3.37
MSI,Professional,AMD,12,4.5,NVIDIA,NVIDIA GeForce,32,1024.0,15.6,5354,3869,4463,2314,1.93
Apple,Professional,Intel,8,4.2,NVIDIA,NVIDIA RTX,16,512.0,14.0,3399,2445,2827,2048,1.38
Dell,Student,Intel,4,2.0,Intel,Intel UHD,16,512.0,15.6,812,851,836,616,1.36
ASUS,Basic,AMD,2,2.2,Intel,Intel UHD,8,256.0,15.6,437,736,617,467,1.32
Dell,Student,AMD,4,2.1,Intel,Intel UHD,16,256.0,16.0,846,1057,972,510,1.91
HP,Basic,Intel,2,1.8,Intel,Intel Iris Xe,4,256.0,14.0,352,673,544,331,1.64
Acer,Professional,Intel,6,3.8,AMD,AMD Radeon,16,512.0,15.6,2305,1051,1552,1050,1.48
Acer,Professional,Intel,8,4.3,NVIDIA,NVIDIA RTX,16,512.0,13.3,3480,3657,3586,1023,3.51
Lenovo,Student,Intel,4,3.3,AMD,AMD Radeon,8,512.0,17.3,1314,1461,1402,548,2.56
Lenovo,Student,Intel,6,2.3,AMD,AMD Radeon,16,256.0,14.0,1379,1405,1395,864,1.61
Lenovo,Student,AMD,6,3.2,AMD,AMD Radeon,8,256.0,14.0,1907,1172,1466,915,1.6
HP,Basic,AMD,4,1.7,AMD,AMD Radeon,4,128.0,15.6,681,719,704,353,1.99
Dell,Student,Intel,4,3.0,AMD,AMD Radeon,8,512.0,15.6,1208,1250,1233,645,1.91
Lenovo,Basic,Intel,2,2.5,Intel,Intel Iris Xe,4,128.0,15.6,497,688,612,522,1.17
Acer,Professional,Intel,6,3.5,NVIDIA,NVIDIA RTX,16,1024.0,15.6,2071,3934,3189,1269,2.51
Dell,Student,Intel,6,3.1,Intel,Intel UHD,8,512.0,15.6,1850,542,1065,722,1.48
Dell,Student,Intel,6,2.3,AMD,AMD Radeon,16,512.0,15.6,1370,1393,1384,457,3.03
HP,Gaming,AMD,8,3.0,AMD,AMD Radeon,16,512.0,14.0,2403,5924,4515,2975,1.52
Dell,Gaming,Intel,8,4.8,AMD,AMD Radeon,32,2048.0,15.6,3867,10170,7649,2282,3.35
Dell,Student,Intel,6,3.5,AMD,AMD Radeon,8,256.0,14.0,2074,1011,1436,567,2.53
HP,Gaming,Intel,8,5.4,NVIDIA,NVIDIA RTX,16,1024.0,15.6,4327,11567,8671,3445,2.52
ASUS,Basic,Intel,4,2.6,Intel,Intel UHD,4,128.0,14.0,1033,464,692,306,2.26
Lenovo,Student,Intel,6,3.4,AMD,AMD Radeon,16,512.0,16.0,2030,508,1117,503,2.22
Dell,Professional,Intel,6,3.8,NVIDIA,NVIDIA RTX,32,1024.0,15.6,2261,3873,3228,2175,1.48
Dell,Professional,Intel,8,3.8,NVIDIA,NVIDIA RTX,16,512.0,15.6,3055,3938,3585,2209,1.62
Lenovo,Professional,Intel,6,3.1,AMD,AMD Radeon,16,512.0,13.3,1861,2605,2307,2274,1.01
Lenovo,Professional,Intel,6,4.4,AMD,AMD Radeon,16,512.0,17.3,2669,3428,3124,1313,2.38
Lenovo,Student,Intel,6,2.8,AMD,AMD Radeon,8,512.0,15.6,1689,874,1200,790,1.52
Acer,Basic,Intel,4,2.1,AMD,AMD Radeon,4,256.0,17.3,850,771,803,583,1.38
Lenovo,Student,Intel,6,3.1,Intel,Intel UHD,8,512.0,14.0,1877,794,1227,740,1.66
ASUS,Basic,Intel,2,2.8,AMD,AMD Radeon,8,256.0,14.0,558,794,700,396,1.77
HP,Student,Intel,4,2.4,AMD,AMD Radeon,8,512.0,15.6,962,792,860,884,0.97
Apple,Gaming,AMD,12,3.2,NVIDIA,NVIDIA GeForce,16,1024.0,16.0,3798,14369,10141,2200,4.61
Dell,Basic,Intel,4,2.4,Intel,Intel Iris Xe,4,128.0,17.3,940,715,805,256,3.14
Dell,Basic,AMD,4,2.4,AMD,AMD Radeon,4,128.0,16.0,954,796,859,423,2.03
ASUS,Basic,Intel,4,1.8,Intel,Intel Iris Xe,4,128.0,16.0,710,269,446,402,1.11
Dell,Professional,AMD,6,2.9,NVIDIA,NVIDIA RTX,16,1024.0,13.3,1743,3948,3066,1973,1.55
Dell,Professional,AMD,8,3.9,NVIDIA,NVIDIA RTX,32,512.0,15.6,3158,2345,2670,1928,1.38
Lenovo,Basic,Intel,2,2.0,AMD,AMD Radeon,4,512.0,15.6,397,227,295,378,0.78
Dell,Student,Intel,6,2.2,AMD,AMD Radeon,16,256.0,15.6,1308,1181,1232,621,1.98
Lenovo,Basic,Intel,2,2.2,AMD,AMD Radeon,4,256.0,16.0,448,531,498,336,1.48
ASUS,Basic,Intel,4,2.6,Intel,Intel UHD,4,128.0,15.6,1045,609,783,222,3.53
Lenovo,Professional,Intel,8,3.7,NVIDIA,NVIDIA RTX,16,512.0,15.6,2954,3101,3042,2364,1.29
Dell,Student,Intel,4,3.2,AMD,AMD Radeon,8,256.0,14.0,1274,656,903,540,1.67
HP,Student,Intel,6,2.9,AMD,AMD Radeon,8,256.0,14.0,1754,1410,1547,742,2.08
Acer,Basic,Intel,4,2.3,AMD,AMD Radeon,4,256.0,14.0,911,666,764,464,1.65
HP,Gaming,Intel,12,3.9,AMD,AMD Radeon,32,2048.0,15.6,4736,10442,8160,1182,6.9
HP,Gaming,AMD,8,5.2,AMD,AMD Radeon,32,512.0,14.0,4173,6573,5613,3151,1.78
ASUS,Gaming,Intel,16,5.3,AMD,AMD Radeon,16,2048.0,13.3,8551,6615,7389,1429,5.17
Lenovo,Basic,AMD,2,2.6,Intel,Intel Iris Xe,4,256.0,15.6,516,739,650,418,1.56
Apple,Basic,AMD,2,2.7,Intel,Intel Iris Xe,4,256.0,17.3,532,652,604,364,1.66
Lenovo,Student,Intel,6,2.1,Intel,Intel UHD,8,512.0,15.6,1239,607,860,474,1.81
HP,Gaming,Intel,16,3.9,AMD,AMD Radeon,16,1024.0,15.6,6273,8626,7685,1366,5.63
Dell,Professional,Intel,8,3.1,NVIDIA,NVIDIA GeForce,16,512.0,15.6,2515,3622,3179,1808,1.76
ASUS,Gaming,Intel,12,5.2,AMD,AMD Radeon,32,512.0,15.6,6238,5427,5752,1465,3.93
Lenovo,Gaming,Intel,8,3.2,NVIDIA,NVIDIA GeForce,32,512.0,15.6,2582,7959,5808,2446,2.37
ASUS,Student,AMD,6,2.5,Intel,Intel UHD,8,512.0,14.0,1505,924,1157,468,2.47
Acer,Student,Intel,4,2.9,Intel,Intel Iris Xe,16,256.0,15.6,1144,1478,1344,561,2.4
Lenovo,Student,Intel,6,3.1,Intel,Intel Iris Xe,16,256.0,16.0,1889,831,1254,894,1.4
Apple,Professional,Intel,8,3.8,NVIDIA,NVIDIA GeForce,32,512.0,14.0,3069,2367,2648,1414,1.87
Lenovo,Student,Intel,4,2.4,AMD,AMD Radeon,8,256.0,15.6,958,1152,1074,655,1.64
HP,Professional,AMD,8,2.9,NVIDIA,NVIDIA GeForce,16,1024.0,13.3,2301,3029,2738,1463,1.87
Dell,Student,Intel,4,3.5,AMD,AMD Radeon,8,512.0,15.6,1380,696,970,798,1.22
ASUS,Gaming,Intel,8,3.9,AMD,AMD Radeon,16,512.0,14.0,3107,13209,9168,1520,6.03
MSI,Student,Intel,6,3.1,AMD,AMD Radeon,16,512.0,15.6,1862,787,1217,732,1.66
ASUS,Basic,AMD,2,2.2,AMD,AMD Radeon,8,128.0,15.6,437,575,520,160,3.25
HP,Professional,AMD,8,3.8,NVIDIA,NVIDIA RTX,32,1024.0,13.3,3032,1593,2169,1156,1.88
Lenovo,Gaming,Intel,12,5.1,AMD,AMD Radeon,32,1024.0,13.3,6069,13332,10427,3112,3.35
ASUS,Professional,Intel,8,2.7,NVIDIA,NVIDIA GeForce,32,1024.0,16.0,2157,2879,2590,2178,1.19
Dell,Basic,Intel,4,2.1,Intel,Intel Iris Xe,4,128.0,16.0,835,450,604,424,1.42
ASUS,Basic,AMD,2,2.1,AMD,AMD Radeon,4,256.0,14.0,426,614,539,173,3.12
Acer,Professional,Intel,6,3.8,NVIDIA,NVIDIA RTX,16,1024.0,13.3,2264,3696,3123,2445,1.28
Lenovo,Basic,Intel,4,2.4,Intel,Intel UHD,4,128.0,13.3,974,299,569,511,1.11
HP,Student,AMD,6,2.2,Intel,Intel UHD,8,512.0,17.3,1304,1076,1167,654,1.78
MSI,Student,AMD,6,2.5,AMD,AMD Radeon,8,512.0,14.0,1504,840,1105,406,2.72
HP,Professional,Intel,6,4.1,AMD,AMD Radeon,16,1024.0,13.3,2464,2835,2686,1429,1.88
HP,Student,Intel,4,3.2,Intel,Intel Iris Xe,16,512.0,16.0,1286,865,1034,292,3.54
Dell,Gaming,Intel,12,4.7,AMD,AMD Radeon,32,2048.0,13.3,5631,10072,8295,2300,3.61
Dell,Professional,AMD,6,4.1,NVIDIA,NVIDIA GeForce,32,512.0,14.0,2486,2644,2581,1630,1.58
Acer,Professional,Intel,6,3.3,AMD,AMD Radeon,32,512.0,16.0,2006,1384,1633,2372,0.69
HP,Basic,Intel,4,2.2,AMD,AMD Radeon,8,128.0,16.0,890,511,662,456,1.45
Dell,Basic,Intel,2,1.9,AMD,AMD Radeon,8,512.0,15.6,372,252,300,347,0.86
ASUS,Basic,Intel,4,1.6,Intel,Intel UHD,4,512.0,14.0,650,431,519,458,1.13
Acer,Professional,Intel,8,4.0,NVIDIA,NVIDIA GeForce,16,512.0,14.0,3186,3971,3657,1408,2.6
MSI,Student,Intel,6,3.3,AMD,AMD Radeon,8,512.0,14.0,1961,744,1231,664,1.85
HP,Gaming,AMD,16,5.2,NVIDIA,NVIDIA GeForce,32,1024.0,15.6,8326,12888,11063,2317,4.77
Acer,Basic,Intel,2,2.7,Intel,Intel UHD,4,256.0,15.6,543,773,681,348,1.96
Lenovo,Basic,AMD,4,2.4,AMD,AMD Radeon,4,256.0,15.6,978,592,747,551,1.36
Dell,Professional,AMD,6,3.2,AMD,AMD Radeon,16,512.0,16.0,1943,1519,1689,1672,1.01
HP,Basic,Intel,2,2.7,AMD,AMD Radeon,8,256.0,17.3,545,538,541,154,3.51
Acer,Basic,Intel,4,2.1,Intel,Intel UHD,4,128.0,14.0,830,292,507,393,1.29
Lenovo,Gaming,Intel,8,3.9,NVIDIA,NVIDIA GeForce,16,512.0,13.3,3155,11738,8305,2695,3.08
Acer,Basic,Intel,4,2.2,AMD,AMD Radeon,4,128.0,15.6,881,707,776,383,2.03
HP,Professional,Intel,6,3.3,NVIDIA,NVIDIA RTX,16,1024.0,16.0,2005,1237,1544,2224,0.69
HP,Professional,AMD,8,2.6,NVIDIA,NVIDIA RTX,16,512.0,15.6,2045,1389,1651,1683,0.98
Lenovo,Basic,Intel,2,2.0,AMD,AMD Radeon,4,512.0,15.6,399,215,289,456,0.63
Acer,Professional,Intel,8,2.5,AMD,AMD Radeon,16,1024.0,13.3,2026,3778,3077,2202,1.4
Dell,Student,Intel,4,3.4,Intel,Intel UHD,8,256.0,15.6,1352,1035,1162,722,1.61
Razer,Basic,Intel,2,2.4,AMD,AMD Radeon,4,128.0,14.0,485,559,529,326,1.62
Dell,Gaming,Intel,16,4.7,NVIDIA,NVIDIA RTX,32,512.0,15.6,7566,5594,6383,3569,1.79
HP,Basic,Intel,2,2.5,Intel,Intel UHD,4,128.0,14.0,491,641,581,355,1.64
Dell,Student,Intel,6,3.3,AMD,AMD Radeon,8,256.0,14.0,1986,1257,1548,861,1.8
ASUS,Gaming,Intel,8,4.8,AMD,AMD Radeon,16,512.0,15.6,3801,12677,9126,3094,2.95
Acer,Student,Intel,4,3.2,AMD,AMD Radeon,8,256.0,14.0,1298,699,939,539,1.74
Lenovo,Professional,Intel,6,3.9,NVIDIA,NVIDIA RTX,16,1024.0,15.6,2318,2078,2174,1574,1.38
Acer,Basic,Intel,4,1.7,AMD,AMD Radeon,4,256.0,15.6,671,342,473,511,0.93
MSI,Student,Intel,6,2.0,AMD,AMD Radeon,8,256.0,15.6,1225,722,923,715,1.29
Dell,Gaming,Intel,8,4.8,NVIDIA,NVIDIA GeForce,32,512.0,14.0,3837,8711,6761,3692,1.83
Lenovo,Professional,Intel,8,4.2,NVIDIA,NVIDIA RTX,32,1024.0,13.3,3392,2576,2903,1364,2.13
ASUS,Basic,AMD,4,2.5,Intel,Intel UHD,4,128.0,15.6,992,372,620,512,1.21
Acer,Professional,Intel,6,4.1,AMD,AMD Radeon,16,512.0,13.3,2444,1468,1859,1571,1.18
Lenovo,Professional,Intel,8,3.9,NVIDIA,NVIDIA RTX,32,512.0,14.0,3138,3723,3489,1029,3.39
Apple,Gaming,AMD,12,5.4,NVIDIA,NVIDIA GeForce,32,1024.0,16.0,6460,11066,9224,1582,5.83
Dell,Student,Intel,4,2.2,AMD,AMD Radeon,8,512.0,13.3,884,575,699,835,0.84
Dell,Basic,Intel,2,2.2,Intel,Intel UHD,8,128.0,14.0,449,710,606,207,2.93
HP,Student,Intel,6,3.3,Intel,Intel Iris Xe,8,512.0,15.6,1998,1460,1675,792,2.11
Lenovo,Student,Intel,6,2.1,AMD,AMD Radeon,8,512.0,15.6,1252,1268,1262,530,2.38
Dell,Student,Intel,4,2.7,AMD,AMD Radeon,8,512.0,14.0,1075,875,955,581,1.64
HP,Professional,Intel,6,3.0,NVIDIA,NVIDIA RTX,32,512.0,15.6,1797,2797,2397,1183,2.03
Lenovo,Basic,Intel,4,2.8,Intel,Intel Iris Xe,4,256.0,15.6,1105,609,807,528,1.53
HP,Student,Intel,6,3.1,Intel,Intel UHD,16,256.0,14.0,1876,706,1174,695,1.69
Dell,Professional,AMD,6,2.6,NVIDIA,NVIDIA GeForce,16,1024.0,15.6,1589,1117,1306,1976,0.66
ASUS,Gaming,AMD,8,4.9,AMD,AMD Radeon,32,2048.0,14.0,3950,7082,5829,3061,1.9
HP,Basic,Intel,2,2.4,Intel,Intel UHD,8,128.0,17.3,484,717,624,485,1.29
ASUS,Basic,Intel,2,2.7,AMD,AMD Radeon,8,128.0,17.3,543,757,672,364,1.85
HP,Student,Intel,6,2.9,Intel,Intel Iris Xe,8,256.0,15.6,1759,727,1140,456,2.5
ASUS,Professional,Intel,6,3.1,NVIDIA,NVIDIA GeForce,32,512.0,17.3,1845,1189,1452,1866,0.78
Dell,Basic,AMD,4,2.3,Intel,Intel Iris Xe,4,128.0,16.0,917,691,781,241,3.24
HP,Student,AMD,4,2.6,Intel,Intel UHD,8,256.0,15.6,1036,1407,1258,588,2.14
Dell,Basic,Intel,2,2.4,Intel,Intel UHD,4,128.0,17.3,472,503,490,325,1.51
Dell,Professional,Intel,8,4.2,AMD,AMD Radeon,16,512.0,16.0,3387,2335,2756,2184,1.26
Lenovo,Professional,AMD,8,3.2,NVIDIA,NVIDIA RTX,16,1024.0,14.0,2527,1417,1861,1292,1.44
Dell,Gaming,Intel,16,3.6,NVIDIA,NVIDIA RTX,32,1024.0,15.6,5697,8828,7576,1195,6.34
ASUS,Student,Intel,4,2.0,Intel,Intel Iris Xe,8,256.0,15.6,814,1060,961,509,1.89
ASUS,Basic,Intel,2,2.5,AMD,AMD Radeon,4,128.0,15.6,501,734,641,404,1.59
Razer,Student,Intel,6,3.0,AMD,AMD Radeon,8,512.0,13.3,1775,1146,1398,877,1.59
Lenovo,Gaming,Intel,12,3.7,NVIDIA,NVIDIA RTX,32,512.0,14.0,4447,6171,5481,2809,1.95
Lenovo,Professional,Intel,8,3.1,NVIDIA,NVIDIA GeForce,32,512.0,15.6,2440,3112,2844,2143,1.33
Lenovo,Basic,Intel,2,2.3,AMD,AMD Radeon,8,128.0,17.3,459,540,508,260,1.95
HP,Basic,AMD,2,2.1,Intel,Intel UHD,8,256.0,15.6,423,649,559,445,1.26
ASUS,Student,AMD,6,3.1,Intel,Intel Iris Xe,8,512.0,13.3,1879,1360,1568,658,2.38
ASUS,Gaming,Intel,8,3.6,AMD,AMD Radeon,16,512.0,14.0,2915,9787,7038,3273,2.15
MSI,Student,AMD,4,3.0,AMD,AMD Radeon,8,512.0,15.6,1190,1375,1301,788,1.65
Lenovo,Gaming,Intel,8,3.8,NVIDIA,NVIDIA RTX,16,1024.0,15.6,3047,6712,5246,2804,1.87
ASUS,Basic,Intel,4,1.8,AMD,AMD Radeon,8,128.0,15.6,721,235,429,480,0.89
Dell,Gaming,AMD,8,4.4,AMD,AMD Radeon,32,2048.0,15.6,3497,8561,6535,1552,4.21
HP,Professional,Intel,12,3.2,NVIDIA,NVIDIA RTX,16,1024.0,13.3,3831,1501,2433,1991,1.22
MSI,Basic,Intel,2,1.9,AMD,AMD Radeon,8,128.0,15.6,388,206,279,350,0.8
MSI,Gaming,Intel,12,5.3,NVIDIA,NVIDIA RTX,16,512.0,13.3,6387,12609,10120,1410,7.18
Dell,Student,AMD,6,2.4,Intel,Intel Iris Xe,8,256.0,16.0,1422,1135,1250,623,2.01
Lenovo,Basic,Intel,4,2.6,Intel,Intel UHD,8,128.0,16.0,1029,418,662,150,4.41
Lenovo,Basic,AMD,4,1.7,AMD,AMD Radeon,4,256.0,13.3,673,489,563,351,1.6
Acer,Basic,AMD,4,2.4,AMD,AMD Radeon,4,512.0,15.6,947,393,615,256,2.4
Dell,Gaming,AMD,12,3.6,AMD,AMD Radeon,16,512.0,15.6,4261,5072,4747,1289,3.68
Lenovo,Gaming,Intel,12,5.1,NVIDIA,NVIDIA RTX,16,1024.0,16.0,6155,13052,10293,3596,2.86
Dell,Student,Intel,6,2.1,AMD,AMD Radeon,8,512.0,13.3,1255,980,1090,708,1.54
Acer,Student,AMD,4,2.7,AMD,AMD Radeon,16,512.0,15.6,1064,611,792,641,1.24
Acer,Student,Intel,6,3.0,Intel,Intel UHD,16,256.0,15.6,1774,511,1016,626,1.62
HP,Student,Intel,4,2.6,AMD,AMD Radeon,16,256.0,15.6,1042,1184,1127,405,2.78
Dell,Professional,Intel,12,2.7,AMD,AMD Radeon,32,512.0,17.3,3238,2565,2834,1757,1.61
MSI,Professional,Intel,8,4.4,NVIDIA,NVIDIA GeForce,16,1024.0,15.6,3527,1576,2356,1290,1.83
Razer,Professional,AMD,6,2.6,NVIDIA,NVIDIA GeForce,16,1024.0,13.3,1558,1132,1302,1630,0.8
ASUS,Basic,Intel,2,2.1,AMD,AMD Radeon,8,256.0,15.6,416,755,620,150,4.13
ASUS,Student,Intel,4,3.1,AMD,AMD Radeon,8,512.0,17.3,1221,1332,1287,875,1.47
Dell,Professional,Intel,12,3.7,NVIDIA,NVIDIA GeForce,16,512.0,14.0,4399,1887,2891,2324,1.24
MSI,Student,AMD,4,3.1,Intel,Intel Iris Xe,16,512.0,16.0,1235,915,1043,897,1.16
Dell,Basic,Intel,4,1.8,AMD,AMD Radeon,8,256.0,17.3,716,591,641,437,1.47
Acer,Gaming,Intel,8,3.3,AMD,AMD Radeon,16,1024.0,15.6,2621,6842,5154,2541,2.03
ASUS,Basic,Intel,2,2.5,Intel,Intel UHD,8,128.0,15.6,491,437,459,454,1.01
Lenovo,Student,Intel,4,2.8,AMD,AMD Radeon,16,512.0,14.0,1113,1235,1186,686,1.73
HP,Professional,Intel,12,4.0,AMD,AMD Radeon,16,512.0,13.3,4820,2688,3541,2004,1.77
Lenovo,Student,Intel,4,2.7,AMD,AMD Radeon,8,256.0,14.0,1097,1137,1121,616,1.82
Dell,Basic,Intel,2,2.2,Intel,Intel UHD,4,256.0,14.0,448,227,315,514,0.61
ASUS,Student,AMD,6,2.8,AMD,AMD Radeon,8,512.0,15.6,1707,562,1020,348,2.93
Acer,Gaming,Intel,16,3.8,NVIDIA,NVIDIA RTX,16,512.0,16.0,6041,7518,6927,1485,4.66
ASUS,Student,Intel,4,3.0,Intel,Intel UHD,8,256.0,14.0,1213,1144,1172,470,2.49
HP,Gaming,Intel,16,4.5,NVIDIA,NVIDIA RTX,16,512.0,15.6,7161,8282,7834,2651,2.96
Apple,Professional,Intel,8,4.1,AMD,AMD Radeon,32,512.0,16.0,3304,2723,2955,2123,1.39
Dell,Student,Intel,6,2.3,Intel,Intel Iris Xe,8,512.0,13.3,1367,932,1106,512,2.16
ASUS,Basic,Intel,4,2.7,AMD,AMD Radeon,4,128.0,13.3,1086,209,559,401,1.39
Dell,Gaming,Intel,12,5.4,NVIDIA,NVIDIA GeForce,16,2048.0,15.6,6514,11129,9283,2460,3.77
Dell,Professional,Intel,8,2.6,AMD,AMD Radeon,32,512.0,13.3,2084,3383,2864,1324,2.16
Apple,Student,Intel,4,3.3,AMD,AMD Radeon,8,512.0,16.0,1313,524,840,496,1.69
Apple,Basic,Intel,2,1.9,Intel,Intel UHD,8,128.0,17.3,373,545,476,432,1.1
Razer,Gaming,Intel,12,5.5,AMD,AMD Radeon,32,2048.0,15.6,6581,13350,10642,3738,2.85
Lenovo,Gaming,Intel,12,4.3,NVIDIA,NVIDIA RTX,16,1024.0,17.3,5142,9237,7599,2509,3.03
Dell,Gaming,Intel,8,3.3,NVIDIA,NVIDIA RTX,16,1024.0,15.6,2610,13613,9212,3993,2.31
MSI,Basic,Intel,2,2.5,Intel,Intel Iris Xe,4,128.0,13.3,508,304,385,251,1.53
HP,Basic,AMD,2,2.3,Intel,Intel UHD,8,256.0,14.0,460,370,406,252,1.61
Apple,Basic,AMD,2,2.7,AMD,AMD Radeon,4,128.0,16.0,531,554,544,230,2.37
ASUS,Professional,Intel,8,4.5,NVIDIA,NVIDIA RTX,16,512.0,13.3,3580,1974,2616,1006,2.6
HP,Professional,Intel,12,3.1,AMD,AMD Radeon,32,1024.0,15.6,3678,3635,3652,995,3.67
Dell,Professional,Intel,8,4.3,AMD,AMD Radeon,16,1024.0,16.0,3427,2335,2772,2087,1.33
HP,Student,Intel,4,2.7,Intel,Intel UHD,16,256.0,15.6,1064,1240,1169,348,3.36
Apple,Student,Intel,4,2.4,AMD,AMD Radeon,16,512.0,16.0,962,1191,1099,929,1.18
ASUS,Student,Intel,6,2.7,Intel,Intel UHD,8,512.0,14.0,1628,1144,1338,650,2.06
Dell,Student,AMD,4,2.4,AMD,AMD Radeon,8,512.0,15.6,946,1372,1202,736,1.63
Lenovo,Professional,Intel,12,2.6,AMD,AMD Radeon,32,512.0,13.3,3093,3063,3075,1303,2.36
HP,Professional,Intel,12,2.7,NVIDIA,NVIDIA RTX,16,1024.0,15.6,3180,3029,3089,2440,1.27
Lenovo,Basic,AMD,4,2.1,Intel,Intel UHD,4,128.0,16.0,842,550,667,482,1.38
ASUS,Basic,AMD,2,2.0,Intel,Intel UHD,8,256.0,16.0,394,343,363,196,1.85
Razer,Basic,AMD,2,2.6,Intel,Intel Iris Xe,4,128.0,13.3,511,770,667,329,2.03
Acer,Professional,Intel,8,3.4,AMD,AMD Radeon,16,512.0,17.3,2707,1471,1966,1762,1.12
HP,Gaming,Intel,8,5.2,NVIDIA,NVIDIA GeForce,32,2048.0,13.3,4152,8298,6640,1128,5.89
Dell,Basic,Intel,2,2.5,Intel,Intel Iris Xe,4,256.0,14.0,502,561,537,540,0.99
MSI,Gaming,AMD,8,3.3,NVIDIA,NVIDIA RTX,32,1024.0,13.3,2603,11803,8123,2883,2.82
Lenovo,Student,Intel,6,3.2,Intel,Intel UHD,16,256.0,14.0,1899,633,1140,864,1.32
HP,Student,Intel,6,2.6,Intel,Intel Iris Xe,8,256.0,15.6,1553,753,1073,652,1.65
ASUS,Gaming,AMD,8,4.4,NVIDIA,NVIDIA RTX,32,512.0,17.3,3520,11829,8505,1452,5.86
Acer,Professional,AMD,12,3.5,AMD,AMD Radeon,16,512.0,13.3,4153,3462,3738,2155,1.73
Lenovo,Basic,Intel,4,2.7,Intel,Intel Iris Xe,8,256.0,17.3,1075,346,638,539,1.18
Dell,Gaming,Intel,8,5.1,AMD,AMD Radeon,32,1024.0,13.3,4080,11360,8448,3796,2.23
Lenovo,Professional,AMD,6,4.4,NVIDIA,NVIDIA RTX,16,1024.0,15.6,2646,3409,3104,1053,2.95
Dell,Basic,Intel,4,2.3,AMD,AMD Radeon,8,256.0,17.3,917,772,830,311,2.67
ASUS,Student,Intel,6,3.4,Intel,Intel UHD,8,256.0,15.6,2022,907,1353,516,2.62
HP,Student,Intel,6,2.2,AMD,AMD Radeon,8,512.0,17.3,1322,1457,1403,456,3.08
HP,Basic,Intel,2,1.8,AMD,AMD Radeon,8,256.0,14.0,366,579,493,359,1.37
MSI,Gaming,Intel,12,5.5,AMD,AMD Radeon,16,512.0,17.3,6548,9033,8039,2314,3.47
ASUS,Professional,Intel,6,3.1,AMD,AMD Radeon,16,512.0,13.3,1861,3065,2583,1180,2.19
Razer,Professional,Intel,12,3.1,NVIDIA,NVIDIA GeForce,16,512.0,17.3,3737,2860,3211,1057,3.04
HP,Student,Intel,4,2.5,AMD,AMD Radeon,8,512.0,15.6,992,627,773,705,1.1
Dell,Professional,Intel,8,4.2,NVIDIA,NVIDIA GeForce,16,512.0,16.0,3325,1301,2111,1769,1.19
HP,Student,Intel,6,2.2,AMD,AMD Radeon,8,256.0,14.0,1338,536,857,468,1.83
HP,Basic,Intel,2,2.3,Intel,Intel UHD,8,256.0,13.3,459,714,612,500,1.22
Lenovo,Basic,Intel,2,2.2,Intel,Intel Iris Xe,4,128.0,14.0,446,408,423,364,1.16
Razer,Professional,Intel,8,2.9,AMD,AMD Radeon,16,1024.0,14.0,2352,1657,1935,2240,0.86
Dell,Gaming,AMD,12,4.8,NVIDIA,NVIDIA GeForce,32,2048.0,14.0,5718,5572,5630,1707,3.3
Razer,Professional,Intel,12,2.6,AMD,AMD Radeon,16,1024.0,14.0,3164,2479,2753,2056,1.34
ASUS,Basic,AMD,2,2.1,AMD,AMD Radeon,4,128.0,15.6,414,350,376,259,1.45
Lenovo,Basic,AMD,2,1.8,AMD,AMD Radeon,4,128.0,17.3,351,570,483,379,1.27
ASUS,Basic,AMD,4,1.7,AMD,AMD Radeon,4,128.0,15.6,687,478,562,456,1.23
Acer,Student,Intel,6,2.9,Intel,Intel Iris Xe,8,512.0,15.6,1747,994,1295,802,1.61
Acer,Student,Intel,4,3.1,AMD,AMD Radeon,8,512.0,15.6,1254,1198,1220,753,1.62
ASUS,Professional,Intel,6,2.9,AMD,AMD Radeon,16,512.0,13.3,1738,1719,1727,1326,1.3
HP,Student,Intel,4,2.3,AMD,AMD Radeon,8,256.0,17.3,902,827,857,806,1.06
HP,Basic,AMD,2,2.8,Intel,Intel UHD,4,256.0,15.6,555,460,498,318,1.57
Apple,Basic,Intel,4,2.4,AMD,AMD Radeon,4,256.0,15.6,963,789,859,261,3.29
Razer,Professional,Intel,6,4.2,NVIDIA,NVIDIA GeForce,16,512.0,13.3,2546,1831,2117,2532,0.84
Razer,Basic,Intel,2,2.0,AMD,AMD Radeon,4,256.0,14.0,402,263,318,333,0.95
Dell,Basic,AMD,2,1.7,AMD,AMD Radeon,4,256.0,17.3,343,788,610,469,1.3
MSI,Student,Intel,4,2.3,AMD,AMD Radeon,16,256.0,16.0,909,1166,1063,665,1.6
Dell,Professional,Intel,8,3.4,NVIDIA,NVIDIA RTX,16,1024.0,13.3,2733,3904,3436,2004,1.71
Lenovo,Professional,Intel,6,4.1,NVIDIA,NVIDIA RTX,16,512.0,13.3,2480,1679,1999,1551,1.29
Lenovo,Student,Intel,4,2.2,Intel,Intel Iris Xe,16,256.0,16.0,898,627,736,636,1.16
Lenovo,Professional,Intel,8,4.2,NVIDIA,NVIDIA RTX,32,512.0,15.6,3384,3357,3368,2204,1.53
Dell,Gaming,Intel,12,3.1,AMD,AMD Radeon,16,512.0,13.3,3680,6864,5590,2649,2.11
Razer,Student,Intel,6,2.9,Intel,Intel Iris Xe,16,512.0,13.3,1735,551,1025,537,1.91
Lenovo,Gaming,Intel,16,5.3,NVIDIA,NVIDIA RTX,32,2048.0,15.6,8531,14912,12360,2063,5.99
Lenovo,Student,Intel,4,3.0,Intel,Intel Iris Xe,8,256.0,13.3,1215,967,1066,760,1.4
Acer,Student,AMD,4,2.9,AMD,AMD Radeon,16,512.0,13.3,1155,1421,1315,878,1.5
Lenovo,Basic,Intel,4,2.7,AMD,AMD Radeon,4,128.0,13.3,1082,359,648,204,3.18
Lenovo,Basic,Intel,2,2.7,AMD,AMD Radeon,4,128.0,14.0,538,378,442,313,1.41
HP,Basic,AMD,2,1.9,AMD,AMD Radeon,8,256.0,15.6,375,689,563,310,1.82
Dell,Student,Intel,4,3.2,Intel,Intel UHD,16,512.0,15.6,1272,1285,1280,703,1.82
HP,Professional,AMD,12,3.5,NVIDIA,NVIDIA GeForce,32,512.0,14.0,4212,1757,2739,2070,1.32
Acer,Professional,AMD,12,3.6,NVIDIA,NVIDIA GeForce,16,512.0,17.3,4267,1978,2893,1587,1.82
Apple,Basic,Intel,4,2.1,AMD,AMD Radeon,4,128.0,16.0,828,663,729,467,1.56
Dell,Student,AMD,6,2.2,Intel,Intel Iris Xe,8,256.0,15.6,1336,650,924,701,1.32
Razer,Professional,AMD,12,4.5,NVIDIA,NVIDIA RTX,16,512.0,14.0,5349,1857,3254,2506,1.3
ASUS,Student,Intel,6,2.5,AMD,AMD Radeon,8,512.0,16.0,1500,1460,1476,642,2.3
HP,Gaming,AMD,12,3.5,AMD,AMD Radeon,16,1024.0,17.3,4160,14927,10620,3696,2.87
Lenovo,Student,Intel,6,3.1,Intel,Intel UHD,8,256.0,13.3,1836,1241,1479,703,2.1
Lenovo,Student,Intel,4,3.0,AMD,AMD Radeon,16,512.0,15.6,1189,1487,1368,624,2.19
HP,Gaming,Intel,8,4.0,NVIDIA,NVIDIA GeForce,32,2048.0,17.3,3173,10988,7862,1760,4.47
HP,Professional,Intel,6,3.4,NVIDIA,NVIDIA RTX,16,512.0,16.0,2012,2332,2204,2173,1.01
Dell,Basic,AMD,2,2.6,AMD,AMD Radeon,8,256.0,13.3,522,550,539,318,1.69
Lenovo,Basic,Intel,2,1.8,AMD,AMD Radeon,4,128.0,16.0,370,589,501,183,2.74
Lenovo,Basic,Intel,4,1.7,Intel,Intel Iris Xe,4,256.0,15.6,662,390,499,412,1.21
Razer,Basic,Intel,2,1.7,AMD,AMD Radeon,4,128.0,15.6,340,658,530,213,2.49
HP,Gaming,Intel,12,3.2,AMD,AMD Radeon,16,1024.0,14.0,3809,8107,6388,3657,1.75
HP,Student,Intel,4,2.4,Intel,Intel UHD,8,512.0,15.6,968,1169,1088,626,1.74
MSI,Basic,Intel,2,1.9,Intel,Intel UHD,8,128.0,15.6,389,420,408,205,1.99
Dell,Professional,Intel,8,3.4,AMD,AMD Radeon,16,512.0,14.0,2750,1437,1962,845,2.32
HP,Student,Intel,6,3.0,AMD,AMD Radeon,16,256.0,16.0,1774,839,1213,716,1.69
Acer,Student,AMD,4,2.3,AMD,AMD Radeon,16,512.0,17.3,916,611,733,394,1.86
Lenovo,Professional,Intel,8,4.2,AMD,AMD Radeon,16,512.0,17.3,3353,3316,3331,1665,2.0
HP,Gaming,Intel,16,4.5,NVIDIA,NVIDIA GeForce,16,1024.0,17.3,7134,14935,11815,2693,4.39
Lenovo,Basic,AMD,2,2.2,Intel,Intel Iris Xe,8,128.0,16.0,446,763,636,329,1.93
Acer,Student,Intel,6,3.3,Intel,Intel Iris Xe,8,512.0,15.6,2008,603,1165,427,2.73
Dell,Student,Intel,4,2.6,AMD,AMD Radeon,8,512.0,15.6,1033,1043,1039,565,1.84
Lenovo,Professional,Intel,8,3.4,AMD,AMD Radeon,32,1024.0,15.6,2746,2933,2858,1416,2.02
HP,Student,AMD,4,3.1,Intel,Intel Iris Xe,8,512.0,15.6,1233,987,1085,675,1.61
Acer,Basic,Intel,2,2.8,AMD,AMD Radeon,4,256.0,15.6,559,359,439,286,1.53
HP,Gaming,Intel,12,3.8,AMD,AMD Radeon,16,512.0,13.3,4606,7911,6589,3173,2.08
Lenovo,Professional,Intel,12,3.0,AMD,AMD Radeon,16,512.0,17.3,3659,2837,3166,1565,2.02
HP,Gaming,AMD,8,4.3,NVIDIA,NVIDIA RTX,32,512.0,13.3,3444,8716,6608,3834,1.72
Dell,Professional,AMD,6,2.5,NVIDIA,NVIDIA GeForce,16,512.0,15.6,1509,1133,1284,1951,0.66
HP,Gaming,AMD,8,3.9,AMD,AMD Radeon,32,1024.0,16.0,3157,7995,6060,2826,2.14
Dell,Basic,AMD,2,2.7,Intel,Intel Iris Xe,4,256.0,13.3,540,297,394,337,1.17
Apple,Professional,Intel,8,4.2,AMD,AMD Radeon,16,512.0,15.6,3370,3635,3529,972,3.63
Lenovo,Student,AMD,4,3.2,Intel,Intel Iris Xe,8,512.0,15.6,1261,1145,1191,886,1.34
HP,Professional,AMD,12,2.7,NVIDIA,NVIDIA GeForce,16,512.0,13.3,3192,2885,3008,1876,1.6
Acer,Student,AMD,4,2.4,AMD,AMD Radeon,8,512.0,16.0,974,802,871,676,1.29
HP,Student,Intel,4,3.4,Intel,Intel UHD,16,512.0,15.6,1369,1220,1280,491,2.61
Lenovo,Professional,Intel,8,2.7,NVIDIA,NVIDIA RTX,32,512.0,17.3,2158,2567,2403,757,3.17
Lenovo,Basic,Intel,4,2.2,Intel,Intel UHD,4,256.0,15.6,873,693,765,367,2.08
Lenovo,Gaming,AMD,8,3.1,NVIDIA,NVIDIA GeForce,32,1024.0,15.6,2496,12607,8563,1421,6.03
MSI,Professional,Intel,6,4.4,NVIDIA,NVIDIA RTX,16,1024.0,13.3,2657,3998,3462,1089,3.18
Apple,Professional,Intel,6,4.1,NVIDIA,NVIDIA GeForce,32,512.0,16.0,2464,2098,2244,1882,1.19
Lenovo,Gaming,AMD,8,5.5,NVIDIA,NVIDIA RTX,32,2048.0,14.0,4364,5482,5034,2584,1.95
Acer,Student,Intel,4,3.3,Intel,Intel Iris Xe,8,256.0,13.3,1314,748,974,599,1.63
Dell,Student,AMD,4,2.6,AMD,AMD Radeon,16,256.0,15.6,1043,959,992,930,1.07
HP,Student,Intel,4,3.0,Intel,Intel UHD,16,256.0,14.0,1213,1480,1373,539,2.55
Lenovo,Professional,AMD,6,2.6,AMD,AMD Radeon,16,512.0,14.0,1570,1579,1575,895,1.76
ASUS,Gaming,Intel,8,3.8,NVIDIA,NVIDIA GeForce,16,1024.0,16.0,3004,6693,5217,2433,2.14
Acer,Gaming,Intel,12,5.1,AMD,AMD Radeon,32,512.0,15.6,6139,7479,6943,1377,5.04
Lenovo,Basic,AMD,2,2.4,AMD,AMD Radeon,4,256.0,17.3,484,522,507,336,1.51
Dell,Gaming,AMD,16,3.5,AMD,AMD Radeon,16,512.0,15.6,5660,5140,5348,3349,1.6
Lenovo,Student,AMD,6,2.0,AMD,AMD Radeon,16,256.0,14.0,1230,776,957,861,1.11
Lenovo,Professional,AMD,8,3.6,NVIDIA,NVIDIA RTX,16,512.0,13.3,2857,1030,1760,1974,0.89
HP,Student,AMD,6,3.0,Intel,Intel UHD,16,256.0,15.6,1800,877,1246,348,3.58
Lenovo,Professional,AMD,8,2.6,NVIDIA,NVIDIA GeForce,32,512.0,13.3,2093,3451,2908,2185,1.33
ASUS,Basic,Intel,4,2.4,AMD,AMD Radeon,4,256.0,15.6,951,324,575,413,1.39
HP,Gaming,Intel,16,4.0,AMD,AMD Radeon,16,512.0,16.0,6383,5001,5554,3687,1.51
ASUS,Gaming,Intel,8,4.9,NVIDIA,NVIDIA GeForce,16,1024.0,13.3,3890,7881,6285,2725,2.31
MSI,Professional,Intel,8,3.8,AMD,AMD Radeon,32,512.0,15.6,3037,2592,2770,1908,1.45
Lenovo,Professional,Intel,8,4.2,NVIDIA,NVIDIA GeForce,16,512.0,14.0,3377,3612,3518,1297,2.71
Lenovo,Professional,Intel,6,3.8,AMD,AMD Radeon,16,512.0,15.6,2257,2665,2502,1430,1.75
Lenovo,Professional,Intel,6,3.9,NVIDIA,NVIDIA GeForce,32,1024.0,16.0,2316,2936,2688,1830,1.47
HP,Student,AMD,4,2.4,AMD,AMD Radeon,16,256.0,13.3,968,672,790,527,1.5
Lenovo,Professional,Intel,12,2.5,AMD,AMD Radeon,16,512.0,13.3,3046,3142,3104,2261,1.37
Acer,Student,Intel,4,2.7,Intel,Intel Iris Xe,8,256.0,14.0,1092,626,813,464,1.75
ASUS,Gaming,AMD,12,4.9,NVIDIA,NVIDIA GeForce,16,2048.0,14.0,5869,11415,9197,1173,7.84
Dell,Professional,AMD,8,4.4,NVIDIA,NVIDIA GeForce,32,1024.0,14.0,3533,2062,2650,1803,1.47
MSI,Professional,Intel,8,3.0,NVIDIA,NVIDIA RTX,16,1024.0,14.0,2380,3445,3019,1413,2.14
HP,Student,Intel,6,3.4,Intel,Intel UHD,16,512.0,15.6,2054,1483,1711,720,2.38
Acer,Gaming,Intel,8,3.9,AMD,AMD Radeon,32,1024.0,13.3,3120,14554,9980,2429,4.11
Lenovo,Professional,Intel,6,4.4,NVIDIA,NVIDIA RTX,16,1024.0,15.6,2620,2545,2575,1436,1.79
Acer,Professional,Intel,6,4.2,AMD,AMD Radeon,16,512.0,16.0,2534,2755,2666,2088,1.28
Dell,Basic,AMD,4,1.8,AMD,AMD Radeon,8,256.0,16.0,705,770,744,331,2.25
ASUS,Basic,AMD,2,2.0,AMD,AMD Radeon,4,256.0,15.6,401,397,399,263,1.52
MSI,Gaming,AMD,8,5.4,AMD,AMD Radeon,16,1024.0,14.0,4317,10529,8044,1589,5.06
ASUS,Student,Intel,6,2.1,Intel,Intel Iris Xe,8,256.0,15.6,1257,1239,1246,816,1.53
HP,Basic,AMD,4,2.3,AMD,AMD Radeon,4,256.0,16.0,926,271,533,552,0.97
HP,Student,Intel,4,2.1,AMD,AMD Radeon,8,512.0,16.0,859,1125,1019,775,1.31
HP,Professional,Intel,8,3.5,AMD,AMD Radeon,32,1024.0,16.0,2806,1167,1823,1779,1.02
Acer,Professional,Intel,8,3.0,NVIDIA,NVIDIA GeForce,16,512.0,15.6,2389,3291,2930,1231,2.38
Apple,Gaming,Intel,8,3.3,NVIDIA,NVIDIA GeForce,32,2048.0,16.0,2622,6107,4713,3410,1.38
Lenovo,Basic,Intel,2,2.1,Intel,Intel Iris Xe,8,128.0,15.6,411,485,455,425,1.07
Dell,Basic,Intel,2,1.6,AMD,AMD Radeon,4,128.0,15.6,325,628,507,364,1.39
HP,Professional,AMD,8,4.0,NVIDIA,NVIDIA RTX,16,512.0,15.6,3194,2237,2620,1895,1.38
HP,Professional,AMD,8,3.3,AMD,AMD Radeon,16,512.0,15.6,2670,1030,1686,1144,1.47
Lenovo,Basic,Intel,4,1.8,Intel,Intel UHD,8,128.0,15.6,737,768,756,188,4.02
Lenovo,Basic,Intel,2,2.5,AMD,AMD Radeon,8,256.0,15.6,500,366,419,442,0.95
Apple,Basic,Intel,4,2.4,AMD,AMD Radeon,4,512.0,15.6,965,561,723,403,1.79
Lenovo,Basic,Intel,2,2.1,AMD,AMD Radeon,8,256.0,14.0,425,562,507,202,2.51
Apple,Professional,AMD,6,3.8,AMD,AMD Radeon,32,512.0,13.3,2272,1637,1891,1673,1.13
Dell,Student,AMD,6,3.1,Intel,Intel UHD,8,256.0,16.0,1844,908,1282,678,1.89
Acer,Gaming,Intel,8,3.6,NVIDIA,NVIDIA GeForce,32,2048.0,15.6,2896,12206,8482,3251,2.61
HP,Professional,Intel,8,3.1,NVIDIA,NVIDIA RTX,32,1024.0,16.0,2504,3802,3283,1362,2.41
Lenovo,Student,AMD,6,3.2,Intel,Intel Iris Xe,8,512.0,15.6,1933,788,1246,885,1.41
HP,Basic,AMD,4,2.5,Intel,Intel UHD,8,128.0,15.6,993,587,749,465,1.61
ASUS,Student,Intel,6,2.2,AMD,AMD Radeon,8,256.0,13.3,1338,857,1049,829,1.27
Acer,Student,AMD,6,2.5,AMD,AMD Radeon,8,256.0,16.0,1477,1423,1444,456,3.17
Lenovo,Gaming,Intel,12,3.0,AMD,AMD Radeon,16,512.0,13.3,3658,11381,8292,2332,3.56
ASUS,Professional,Intel,8,2.7,NVIDIA,NVIDIA GeForce,16,1024.0,16.0,2135,3159,2750,945,2.91
ASUS,Basic,AMD,2,2.6,Intel,Intel Iris Xe,8,256.0,15.6,519,578,554,343,1.62
HP,Basic,Intel,2,1.8,Intel,Intel Iris Xe,4,128.0,14.0,369,791,622,295,2.11
Lenovo,Student,Intel,4,2.6,AMD,AMD Radeon,8,512.0,14.0,1045,831,917,834,1.1
ASUS,Student,Intel,4,3.1,Intel,Intel Iris Xe,16,256.0,15.6,1229,801,972,838,1.16
ASUS,Basic,Intel,2,1.9,Intel,Intel Iris Xe,4,128.0,15.6,380,504,454,338,1.34
ASUS,Student,Intel,6,3.4,AMD,AMD Radeon,8,512.0,15.6,2013,904,1348,458,2.94
Razer,Professional,AMD,8,3.1,AMD,AMD Radeon,32,512.0,15.6,2516,3831,3305,986,3.35
Lenovo,Gaming,Intel,8,3.6,AMD,AMD Radeon,16,1024.0,13.3,2911,7931,5923,2660,2.23
Apple,Basic,Intel,4,2.3,Intel,Intel UHD,8,256.0,15.6,918,779,835,410,2.04
Dell,Student,Intel,4,3.4,Intel,Intel Iris Xe,8,512.0,14.0,1349,1148,1228,712,1.72
Dell,Gaming,AMD,12,4.9,NVIDIA,NVIDIA RTX,16,1024.0,16.0,5878,9892,8286,2149,3.86
MSI,Gaming,AMD,8,4.8,AMD,AMD Radeon,32,512.0,15.6,3847,11641,8524,2271,3.75
Razer,Student,AMD,4,2.3,AMD,AMD Radeon,8,512.0,15.6,919,549,697,683,1.02
Dell,Student,Intel,6,2.6,AMD,AMD Radeon,8,256.0,16.0,1559,673,1028,493,2.09
Lenovo,Professional,Intel,8,3.2,AMD,AMD Radeon,16,1024.0,17.3,2574,2101,2291,2092,1.1
MSI,Gaming,Intel,8,5.2,NVIDIA,NVIDIA GeForce,32,512.0,15.6,4158,5344,4870,1196,4.07
MSI,Gaming,Intel,8,5.1,AMD,AMD Radeon,16,512.0,13.3,4118,8274,6612,3333,1.98
Acer,Professional,AMD,8,3.1,NVIDIA,NVIDIA RTX,16,512.0,15.6,2507,2779,2670,1961,1.36
Dell,Student,Intel,6,2.6,Intel,Intel Iris Xe,16,256.0,13.3,1561,973,1208,674,1.79
Acer,Basic,Intel,4,1.9,AMD,AMD Radeon,4,128.0,16.0,740,572,639,403,1.59
HP,Professional,Intel,8,3.5,AMD,AMD Radeon,16,512.0,15.6,2828,3485,3222,2031,1.59
ASUS,Gaming,Intel,16,5.3,AMD,AMD Radeon,16,1024.0,14.0,8478,10555,9724,2309,4.21
Lenovo,Professional,Intel,8,3.9,AMD,AMD Radeon,16,512.0,14.0,3101,1630,2218,1114,1.99
Apple,Student,Intel,4,3.5,Intel,Intel UHD,8,512.0,13.3,1397,1147,1247,854,1.46
MSI,Professional,AMD,6,4.5,AMD,AMD Radeon,32,512.0,15.6,2687,2987,2867,1881,1.52
Acer,Professional,AMD,6,3.2,NVIDIA,NVIDIA GeForce,16,1024.0,13.3,1927,2034,1991,1261,1.58
ASUS,Professional,Intel,12,3.5,AMD,AMD Radeon,16,1024.0,16.0,4237,2472,3178,2048,1.55
HP,Basic,Intel,4,1.8,AMD,AMD Radeon,4,256.0,14.0,716,475,571,458,1.25
Lenovo,Gaming,Intel,12,5.3,NVIDIA,NVIDIA RTX,16,1024.0,16.0,6310,12469,10005,2831,3.53
ASUS,Student,Intel,4,2.8,AMD,AMD Radeon,8,256.0,15.6,1105,611,808,740,1.09
Lenovo,Gaming,AMD,8,3.6,AMD,AMD Radeon,16,512.0,15.6,2854,6373,4965,1539,3.23
Lenovo,Student,Intel,6,2.1,Intel,Intel Iris Xe,8,512.0,15.6,1258,633,883,599,1.47
Apple,Gaming,Intel,16,3.7,AMD,AMD Radeon,32,1024.0,14.0,5997,13001,10199,3542,2.88
Acer,Student,Intel,4,3.4,AMD,AMD Radeon,16,256.0,15.6,1367,650,937,568,1.65
Dell,Gaming,Intel,16,4.6,AMD,AMD Radeon,32,512.0,16.0,7416,13466,11046,2035,5.43
Lenovo,Student,Intel,4,2.1,Intel,Intel Iris Xe,8,256.0,16.0,847,752,790,897,0.88
Lenovo,Basic,Intel,2,2.4,Intel,Intel Iris Xe,8,128.0,14.0,476,572,533,214,2.49
Lenovo,Professional,Intel,12,4.3,NVIDIA,NVIDIA GeForce,16,1024.0,16.0,5187,1154,2767,2350,1.18
MSI,Gaming,AMD,12,5.0,AMD,AMD Radeon,32,2048.0,15.6,5983,6413,6241,2671,2.34
ASUS,Basic,AMD,2,2.1,Intel,Intel Iris Xe,8,128.0,17.3,418,727,603,359,1.68
ASUS,Professional,Intel,8,4.5,AMD,AMD Radeon,32,512.0,14.0,3584,3999,3833,1661,2.31
Razer,Gaming,AMD,12,5.1,AMD,AMD Radeon,16,1024.0,16.0,6141,12810,10143,2182,4.65
Lenovo,Basic,Intel,2,1.9,AMD,AMD Radeon,8,256.0,15.6,375,704,572,506,1.13
ASUS,Basic,Intel,2,2.5,AMD,AMD Radeon,4,128.0,17.3,500,705,623,550,1.13
Lenovo,Gaming,Intel,16,5.1,AMD,AMD Radeon,16,512.0,16.0,8182,9467,8953,1439,6.22
Dell,Professional,Intel,6,4.0,NVIDIA,NVIDIA GeForce,16,1024.0,14.0,2424,3014,2778,2240,1.24
Apple,Professional,Intel,8,4.0,AMD,AMD Radeon,16,512.0,14.0,3213,1362,2103,1400,1.5
HP,Student,AMD,4,2.6,AMD,AMD Radeon,8,512.0,15.6,1051,593,776,794,0.98
Lenovo,Student,Intel,4,3.1,AMD,AMD Radeon,8,512.0,15.6,1248,1264,1258,933,1.35
ASUS,Student,AMD,6,2.4,Intel,Intel UHD,8,256.0,15.6,1435,1361,1391,587,2.37
HP,Student,AMD,4,2.2,AMD,AMD Radeon,8,512.0,13.3,895,1380,1186,574,2.07
MSI,Basic,Intel,2,2.8,Intel,Intel UHD,8,256.0,15.6,558,395,460,181,2.54
HP,Student,AMD,4,2.9,AMD,AMD Radeon,16,256.0,14.0,1169,1342,1273,577,2.21
Apple,Gaming,Intel,12,3.6,NVIDIA,NVIDIA RTX,32,512.0,15.6,4377,5403,4993,1708,2.92
Lenovo,Professional,Intel,12,3.1,NVIDIA,NVIDIA GeForce,16,1024.0,14.0,3708,1535,2404,874,2.75
ASUS,Student,Intel,6,2.3,Intel,Intel Iris Xe,16,512.0,14.0,1407,911,1110,546,2.03
ASUS,Gaming,Intel,12,4.7,NVIDIA,NVIDIA RTX,32,512.0,13.3,5670,14182,10777,3426,3.15
Acer,Basic,Intel,2,1.6,Intel,Intel Iris Xe,4,512.0,13.3,328,500,431,330,1.31
Lenovo,Basic,AMD,2,2.5,AMD,AMD Radeon,8,256.0,15.6,498,634,579,229,2.53
Dell,Professional,Intel,6,3.8,AMD,AMD Radeon,32,512.0,13.3,2278,1102,1572,1365,1.15
HP,Student,Intel,4,2.1,AMD,AMD Radeon,16,512.0,15.6,828,699,751,633,1.19
Lenovo,Basic,Intel,2,2.2,Intel,Intel UHD,8,128.0,17.3,433,670,575,150,3.83
Apple,Basic,Intel,4,1.9,Intel,Intel Iris Xe,4,128.0,14.0,760,399,544,399,1.36
ASUS,Professional,AMD,6,4.1,AMD,AMD Radeon,32,512.0,15.6,2462,1748,2034,1901,1.07
Lenovo,Student,Intel,4,3.5,Intel,Intel Iris Xe,8,256.0,14.0,1381,710,978,369,2.65
Dell,Basic,AMD,2,2.0,Intel,Intel UHD,4,256.0,15.6,393,395,394,329,1.2
Razer,Professional,Intel,6,3.1,AMD,AMD Radeon,16,512.0,13.3,1831,2162,2030,2291,0.89
HP,Basic,Intel,2,1.9,Intel,Intel UHD,4,128.0,15.6,382,479,440,338,1.3
Dell,Gaming,Intel,8,3.7,NVIDIA,NVIDIA GeForce,16,1024.0,15.6,2991,9865,7115,3119,2.28
Dell,Basic,Intel,2,2.8,Intel,Intel UHD,8,512.0,15.6,556,218,353,236,1.5
Lenovo,Professional,Intel,12,4.2,AMD,AMD Radeon,32,1024.0,14.0,5024,3529,4127,1074,3.84
Lenovo,Professional,Intel,12,3.5,AMD,AMD Radeon,16,512.0,17.3,4140,2054,2889,2157,1.34
HP,Student,Intel,4,3.1,Intel,Intel UHD,8,512.0,16.0,1241,803,978,510,1.92
ASUS,Basic,AMD,4,1.9,Intel,Intel UHD,4,128.0,13.3,740,440,560,287,1.95
Dell,Professional,Intel,8,4.5,NVIDIA,NVIDIA RTX,32,1024.0,15.6,3599,3470,3521,923,3.81
HP,Basic,Intel,2,2.5,AMD,AMD Radeon,4,128.0,13.3,500,759,655,399,1.64
HP,Student,Intel,4,2.2,AMD,AMD Radeon,8,256.0,15.6,888,1214,1083,478,2.27
Lenovo,Professional,Intel,8,4.0,AMD,AMD Radeon,16,1024.0,13.3,3163,1501,2166,1303,1.66
MSI,Basic,Intel,2,1.6,AMD,AMD Radeon,4,128.0,16.0,326,740,575,529,1.09
Lenovo,Basic,Intel,2,2.6,Intel,Intel Iris Xe,4,256.0,17.3,523,598,568,325,1.75
Acer,Student,AMD,4,2.1,Intel,Intel Iris Xe,8,256.0,16.0,833,1416,1183,637,1.86
Apple,Gaming,Intel,8,5.3,NVIDIA,NVIDIA RTX,16,512.0,14.0,4244,9320,7289,2277,3.2
Lenovo,Student,Intel,4,2.4,AMD,AMD Radeon,8,512.0,15.6,952,1376,1207,741,1.63
Apple,Gaming,Intel,12,4.1,AMD,AMD Radeon,16,512.0,14.0,4978,13210,9917,1548,6.41
Razer,Professional,Intel,6,4.2,AMD,AMD Radeon,16,1024.0,14.0,2505,2235,2343,1548,1.51
HP,Gaming,Intel,16,3.3,AMD,AMD Radeon,16,2048.0,17.3,5355,10531,8460,3841,2.2
HP,Student,AMD,6,2.4,AMD,AMD Radeon,8,256.0,15.6,1457,701,1003,480,2.09
Acer,Gaming,AMD,8,5.2,NVIDIA,NVIDIA RTX,16,1024.0,15.6,4142,12278,9024,2912,3.1
Acer,Basic,Intel,2,1.8,Intel,Intel UHD,4,128.0,13.3,351,488,433,231,1.87
Dell,Professional,AMD,8,3.8,AMD,AMD Radeon,16,512.0,15.6,3055,2293,2598,1389,1.87
Lenovo,Professional,Intel,12,2.9,NVIDIA,NVIDIA RTX,16,512.0,15.6,3529,1974,2596,2506,1.04
Dell,Professional,Intel,8,3.7,NVIDIA,NVIDIA GeForce,16,512.0,17.3,2953,3457,3255,1134,2.87
HP,Student,Intel,4,3.4,Intel,Intel UHD,8,512.0,14.0,1353,863,1059,376,2.82
Dell,Professional,Intel,12,4.0,NVIDIA,NVIDIA RTX,32,512.0,17.3,4781,1130,2590,1944,1.33
Lenovo,Student,Intel,6,3.3,AMD,AMD Radeon,8,256.0,15.6,1990,1305,1579,830,1.9
Razer,Gaming,Intel,16,4.4,NVIDIA,NVIDIA GeForce,32,2048.0,16.0,7088,9156,8329,2930,2.84
Dell,Professional,AMD,12,3.1,NVIDIA,NVIDIA RTX,32,512.0,14.0,3710,1228,2221,1479,1.5
Dell,Basic,Intel,4,2.6,AMD,AMD Radeon,4,256.0,16.0,1058,603,785,230,3.41
Acer,Student,Intel,4,2.8,AMD,AMD Radeon,8,256.0,15.6,1128,1356,1265,871,1.45
HP,Student,AMD,6,2.4,Intel,Intel Iris Xe,16,512.0,17.3,1437,723,1009,891,1.13
Lenovo,Basic,AMD,4,2.6,AMD,AMD Radeon,4,256.0,14.0,1039,281,584,367,1.59
HP,Professional,Intel,12,2.9,AMD,AMD Radeon,16,1024.0,14.0,3464,3414,3434,2521,1.36
Acer,Student,AMD,6,2.6,AMD,AMD Radeon,8,256.0,14.0,1559,1252,1375,680,2.02
HP,Basic,AMD,4,1.6,Intel,Intel Iris Xe,8,256.0,16.0,660,657,658,367,1.79
HP,Student,Intel,4,2.3,AMD,AMD Radeon,16,512.0,15.6,916,683,776,808,0.96
Dell,Basic,Intel,4,2.7,Intel,Intel Iris Xe,8,256.0,15.6,1082,748,882,463,1.9
Dell,Basic,AMD,4,1.6,AMD,AMD Radeon,4,256.0,16.0,641,520,569,425,1.34
HP,Professional,Intel,12,3.0,AMD,AMD Radeon,32,512.0,13.3,3579,1651,2422,2073,1.17
ASUS,Professional,Intel,6,4.3,NVIDIA,NVIDIA RTX,32,1024.0,14.0,2603,2152,2332,1598,1.46
Razer,Professional,Intel,12,2.7,NVIDIA,NVIDIA GeForce,16,512.0,17.3,3189,1511,2182,927,2.35
Apple,Professional,Intel,6,2.7,NVIDIA,NVIDIA GeForce,16,512.0,17.3,1641,3992,3052,1503,2.03
HP,Student,Intel,6,3.4,Intel,Intel UHD,8,256.0,15.6,2060,1219,1555,654,2.38
Lenovo,Professional,Intel,8,3.3,NVIDIA,NVIDIA GeForce,16,512.0,17.3,2615,3376,3071,1593,1.93
HP,Professional,Intel,8,4.0,AMD,AMD Radeon,16,512.0,16.0,3203,2169,2582,1596,1.62
MSI,Gaming,Intel,12,5.4,AMD,AMD Radeon,16,1024.0,13.3,6485,13512,10701,1975,5.42
Dell,Student,Intel,4,2.7,AMD,AMD Radeon,8,256.0,15.6,1072,1376,1254,687,1.83
Razer,Basic,Intel,2,2.7,AMD,AMD Radeon,4,256.0,16.0,539,417,466,380,1.23
ASUS,Professional,AMD,8,4.2,AMD,AMD Radeon,32,1024.0,13.3,3377,2501,2851,1341,2.13
Acer,Gaming,AMD,8,5.3,NVIDIA,NVIDIA RTX,16,1024.0,14.0,4268,6846,5815,3911,1.49
Dell,Student,AMD,6,2.4,AMD,AMD Radeon,8,512.0,14.0,1431,940,1136,794,1.43
Dell,Student,AMD,6,3.1,AMD,AMD Radeon,16,512.0,13.3,1850,1262,1498,708,2.12
Lenovo,Professional,Intel,8,4.0,NVIDIA,NVIDIA RTX,16,512.0,15.6,3219,1006,1891,1425,1.33
HP,Professional,Intel,12,2.5,NVIDIA,NVIDIA RTX,16,1024.0,13.3,3050,2939,2983,1296,2.3
Lenovo,Student,AMD,4,3.2,AMD,AMD Radeon,8,512.0,15.6,1274,919,1061,605,1.75
HP,Gaming,Intel,12,3.1,NVIDIA,NVIDIA GeForce,16,512.0,15.6,3709,6536,5406,3981,1.36
HP,Basic,Intel,2,2.4,Intel,Intel Iris Xe,4,256.0,16.0,477,266,351,370,0.95
MSI,Professional,Intel,8,3.7,AMD,AMD Radeon,16,512.0,15.6,2994,2292,2573,2241,1.15
Dell,Student,Intel,6,2.7,Intel,Intel UHD,16,256.0,15.6,1631,988,1245,590,2.11
Apple,Basic,Intel,2,2.4,AMD,AMD Radeon,4,256.0,16.0,488,659,590,244,2.42
Apple,Student,Intel,6,2.4,AMD,AMD Radeon,8,512.0,14.0,1467,1427,1443,383,3.77
Dell,Basic,Intel,2,2.1,AMD,AMD Radeon,8,128.0,13.3,415,502,467,395,1.18
Lenovo,Professional,AMD,12,3.3,NVIDIA,NVIDIA GeForce,32,512.0,14.0,4016,2909,3352,1862,1.8
HP,Basic,Intel,2,2.2,Intel,Intel UHD,4,128.0,15.6,439,630,554,344,1.61
Lenovo,Professional,AMD,6,4.3,AMD,AMD Radeon,32,512.0,13.3,2569,3944,3394,1086,3.13
Dell,Professional,AMD,12,2.7,AMD,AMD Radeon,32,1024.0,16.0,3224,3036,3111,1753,1.77
Lenovo,Professional,Intel,8,4.3,NVIDIA,NVIDIA GeForce,32,1024.0,16.0,3400,3413,3408,1970,1.73
ASUS,Student,Intel,4,2.1,AMD,AMD Radeon,16,512.0,16.0,838,885,866,496,1.75
Dell,Basic,Intel,4,2.2,AMD,AMD Radeon,4,128.0,15.6,868,255,500,354,1.41
Dell,Student,Intel,6,2.4,AMD,AMD Radeon,8,256.0,14.0,1437,529,892,745,1.2
ASUS,Student,Intel,4,2.5,AMD,AMD Radeon,16,512.0,14.0,997,1350,1209,903,1.34
ASUS,Basic,Intel,2,2.7,Intel,Intel Iris Xe,4,256.0,16.0,543,558,552,191,2.89
Acer,Student,Intel,4,3.4,Intel,Intel Iris Xe,8,512.0,17.3,1377,1403,1393,464,3.0
Dell,Professional,AMD,12,4.4,AMD,AMD Radeon,16,1024.0,13.3,5308,2722,3756,798,4.71
Dell,Professional,AMD,8,3.3,NVIDIA,NVIDIA RTX,16,512.0,16.0,2637,3999,3455,1183,2.92
Lenovo,Professional,Intel,8,2.8,NVIDIA,NVIDIA GeForce,16,1024.0,15.6,2264,2532,2425,1175,2.06
Dell,Student,Intel,4,2.9,AMD,AMD Radeon,8,256.0,13.3,1145,799,938,482,1.95
HP,Student,Intel,6,3.4,AMD,AMD Radeon,16,256.0,16.0,2051,891,1355,747,1.81
Acer,Professional,AMD,8,3.3,NVIDIA,NVIDIA RTX,16,1024.0,13.3,2652,2248,2410,1308,1.84
Lenovo,Basic,Intel,2,2.6,AMD,AMD Radeon,4,512.0,16.0,526,363,428,339,1.26
Lenovo,Student,Intel,6,2.9,AMD,AMD Radeon,8,512.0,13.3,1732,615,1062,695,1.53
Lenovo,Student,AMD,4,2.1,AMD,AMD Radeon,16,256.0,15.6,851,729,778,598,1.3
MSI,Student,Intel,6,2.6,AMD,AMD Radeon,8,512.0,15.6,1566,1058,1261,456,2.77
HP,Professional,Intel,6,4.3,NVIDIA,NVIDIA GeForce,16,1024.0,15.6,2607,1084,1693,2037,0.83
MSI,Basic,Intel,4,2.3,AMD,AMD Radeon,4,256.0,13.3,905,698,781,449,1.74
Razer,Student,Intel,4,2.6,AMD,AMD Radeon,16,512.0,14.0,1029,1428,1268,756,1.68
Dell,Professional,AMD,6,3.2,NVIDIA,NVIDIA GeForce,32,512.0,15.6,1936,3772,3038,939,3.24
ASUS,Basic,AMD,2,2.6,AMD,AMD Radeon,4,256.0,14.0,517,560,543,405,1.34
HP,Basic,AMD,4,2.2,AMD,AMD Radeon,4,256.0,14.0,861,578,691,355,1.95
Dell,Gaming,AMD,8,4.5,NVIDIA,NVIDIA GeForce,32,512.0,14.0,3582,8720,6665,3607,1.85
ASUS,Student,Intel,4,2.8,Intel,Intel UHD,16,512.0,13.3,1106,571,785,491,1.6
Lenovo,Professional,Intel,12,4.0,NVIDIA,NVIDIA GeForce,16,1024.0,15.6,4757,2856,3616,1844,1.96
Dell,Basic,Intel,4,2.5,Intel,Intel Iris Xe,4,128.0,15.6,1004,519,713,282,2.53
ASUS,Professional,Intel,12,3.7,AMD,AMD Radeon,32,1024.0,17.3,4498,1606,2763,1782,1.55
Razer,Basic,Intel,2,2.3,Intel,Intel Iris Xe,4,512.0,15.6,468,740,631,389,1.62
Lenovo,Professional,AMD,12,3.0,AMD,AMD Radeon,16,512.0,14.0,3548,3767,3680,2252,1.63
HP,Basic,Intel,2,2.2,Intel,Intel UHD,4,256.0,15.6,439,417,426,324,1.31
Acer,Student,Intel,4,2.1,AMD,AMD Radeon,8,256.0,15.6,825,1047,958,480,2.0
ASUS,Professional,Intel,6,4.0,NVIDIA,NVIDIA GeForce,32,512.0,16.0,2393,2681,2565,1037,2.47
ASUS,Student,Intel,4,2.1,AMD,AMD Radeon,8,256.0,15.6,841,678,743,429,1.73
ASUS,Student,Intel,4,3.4,Intel,Intel Iris Xe,8,512.0,17.3,1372,934,1109,604,1.84
Dell,Professional,AMD,12,2.9,NVIDIA,NVIDIA RTX,32,512.0,13.3,3480,2377,2819,1875,1.5
Acer,Student,AMD,4,2.2,Intel,Intel Iris Xe,16,256.0,13.3,864,944,912,927,0.98
Dell,Basic,Intel,4,1.6,AMD,AMD Radeon,8,128.0,15.6,648,342,464,283,1.64
Dell,Basic,AMD,2,1.8,Intel,Intel UHD,8,128.0,15.6,356,296,320,244,1.31
ASUS,Gaming,Intel,16,5.2,NVIDIA,NVIDIA GeForce,16,1024.0,15.6,8317,10550,9657,1724,5.6
Dell,Professional,Intel,12,3.2,AMD,AMD Radeon,16,512.0,16.0,3897,3744,3805,971,3.92
Apple,Basic,Intel,4,2.5,AMD,AMD Radeon,4,256.0,15.6,983,628,770,378,2.04
Lenovo,Student,AMD,4,3.2,AMD,AMD Radeon,8,256.0,17.3,1293,795,994,597,1.66
Lenovo,Basic,AMD,2,2.6,Intel,Intel Iris Xe,4,128.0,15.6,511,728,641,518,1.24
HP,Basic,Intel,4,2.8,Intel,Intel UHD,8,128.0,14.0,1119,439,711,256,2.78
HP,Student,Intel,4,2.8,Intel,Intel Iris Xe,8,512.0,15.6,1122,1270,1211,671,1.8
Dell,Professional,Intel,12,4.1,AMD,AMD Radeon,16,1024.0,15.6,4872,1557,2883,2158,1.34
HP,Gaming,Intel,12,5.3,NVIDIA,NVIDIA GeForce,32,1024.0,15.6,6316,11713,9554,3950,2.42
Acer,Student,AMD,4,2.6,AMD,AMD Radeon,8,256.0,15.6,1055,647,810,851,0.95
Dell,Professional,AMD,8,2.6,NVIDIA,NVIDIA RTX,16,512.0,17.3,2042,2929,2574,2376,1.08
Lenovo,Professional,AMD,6,3.5,NVIDIA,NVIDIA GeForce,16,512.0,15.6,2080,1626,1808,2449,0.74
ASUS,Basic,Intel,2,2.7,AMD,AMD Radeon,4,128.0,17.3,534,614,582,425,1.37
ASUS,Student,Intel,6,2.6,AMD,AMD Radeon,16,256.0,14.0,1550,937,1182,796,1.48
Lenovo,Student,Intel,4,2.9,Intel,Intel UHD,8,512.0,15.6,1143,1389,1290,885,1.46
HP,Professional,Intel,8,4.1,NVIDIA,NVIDIA GeForce,16,512.0,15.6,3299,2481,2809,2278,1.23
Dell,Student,AMD,6,2.7,AMD,AMD Radeon,8,512.0,16.0,1611,1327,1441,501,2.88
Apple,Student,AMD,6,2.2,AMD,AMD Radeon,16,256.0,14.0,1311,1242,1269,616,2.06
Acer,Professional,Intel,6,4.5,NVIDIA,NVIDIA GeForce,16,1024.0,15.6,2674,3306,3053,2012,1.52
Razer,Student,Intel,4,3.2,Intel,Intel Iris Xe,8,256.0,13.3,1287,1108,1179,731,1.61
HP,Professional,Intel,8,3.0,NVIDIA,NVIDIA RTX,32,1024.0,14.0,2437,2271,2337,1736,1.35
Acer,Professional,Intel,8,4.0,AMD,AMD Radeon,16,512.0,15.6,3203,2168,2582,1975,1.31
HP,Basic,Intel,2,2.5,Intel,Intel Iris Xe,4,256.0,15.6,496,737,641,243,2.64
Dell,Student,Intel,4,3.2,AMD,AMD Radeon,16,256.0,17.3,1281,1416,1362,620,2.2
HP,Student,Intel,4,2.8,AMD,AMD Radeon,8,256.0,15.6,1102,512,748,775,0.97
Lenovo,Professional,AMD,6,2.6,NVIDIA,NVIDIA RTX,16,512.0,15.6,1581,1939,1795,2162,0.83
Acer,Gaming,Intel,8,4.4,NVIDIA,NVIDIA GeForce,16,512.0,16.0,3555,9592,7177,1257,5.71
Dell,Student,Intel,4,2.9,Intel,Intel Iris Xe,16,512.0,16.0,1151,929,1018,544,1.87
Lenovo,Professional,Intel,8,3.1,AMD,AMD Radeon,32,1024.0,13.3,2480,1870,2114,1880,1.12
MSI,Professional,Intel,8,4.1,AMD,AMD Radeon,32,512.0,17.3,3247,2704,2921,1518,1.92
HP,Student,Intel,4,3.3,AMD,AMD Radeon,8,256.0,13.3,1304,529,839,546,1.54
Acer,Gaming,Intel,12,4.8,AMD,AMD Radeon,32,512.0,16.0,5790,10815,8805,2130,4.13
Lenovo,Basic,Intel,2,1.7,AMD,AMD Radeon,8,128.0,14.0,339,338,338,458,0.74
Acer,Basic,Intel,2,2.0,Intel,Intel Iris Xe,4,128.0,15.6,393,790,631,512,1.23
Lenovo,Professional,Intel,8,4.0,AMD,AMD Radeon,16,1024.0,15.6,3239,3207,3220,779,4.13
Dell,Student,Intel,4,2.6,AMD,AMD Radeon,16,256.0,15.6,1027,582,760,614,1.24
Razer,Gaming,Intel,12,5.2,NVIDIA,NVIDIA RTX,32,1024.0,13.3,6289,8478,7603,2442,3.11
Dell,Student,Intel,6,2.1,AMD,AMD Radeon,16,256.0,14.0,1240,1260,1252,634,1.97
Apple,Gaming,Intel,8,5.4,AMD,AMD Radeon,16,1024.0,15.6,4290,12751,9367,3171,2.95
ASUS,Student,Intel,4,3.0,Intel,Intel UHD,16,256.0,13.3,1204,730,920,675,1.36
Dell,Professional,Intel,8,3.8,AMD,AMD Radeon,32,1024.0,15.6,3038,1710,2241,1613,1.39
ASUS,Basic,Intel,2,2.3,Intel,Intel Iris Xe,8,256.0,15.6,467,532,506,344,1.47
Lenovo,Student,Intel,6,2.7,AMD,AMD Radeon,8,512.0,15.6,1602,1002,1242,562,2.21
MSI,Professional,Intel,8,3.5,NVIDIA,NVIDIA RTX,32,512.0,13.3,2796,3628,3295,2427,1.36
HP,Student,Intel,6,3.4,AMD,AMD Radeon,16,256.0,15.6,2052,1494,1717,762,2.25
HP,Gaming,AMD,12,4.2,NVIDIA,NVIDIA RTX,32,512.0,17.3,5078,8693,7247,3663,1.98
Dell,Basic,Intel,4,2.1,AMD,AMD Radeon,4,128.0,16.0,849,381,568,367,1.55
Dell,Professional,AMD,8,4.2,NVIDIA,NVIDIA RTX,16,1024.0,15.6,3325,2968,3111,2356,1.32
Dell,Gaming,AMD,8,3.8,NVIDIA,NVIDIA RTX,16,512.0,16.0,3043,12886,8948,1428,6.27
ASUS,Gaming,Intel,12,5.4,AMD,AMD Radeon,32,512.0,17.3,6443,7683,7187,3750,1.92
ASUS,Student,Intel,6,2.1,AMD,AMD Radeon,8,256.0,15.6,1254,530,819,607,1.35
MSI,Basic,Intel,2,2.5,Intel,Intel Iris Xe,4,256.0,13.3,502,734,641,242,2.65
Acer,Basic,AMD,4,2.3,AMD,AMD Radeon,4,512.0,14.0,927,271,533,438,1.22
Apple,Student,Intel,6,3.0,AMD,AMD Radeon,16,256.0,16.0,1774,1459,1585,704,2.25
HP,Gaming,Intel,8,4.7,NVIDIA,NVIDIA GeForce,32,2048.0,15.6,3782,13213,9440,3537,2.67
HP,Student,AMD,4,3.5,Intel,Intel Iris Xe,16,256.0,17.3,1395,1409,1403,486,2.89
Dell,Basic,Intel,2,1.8,AMD,AMD Radeon,4,128.0,15.6,354,269,303,219,1.38
Dell,Basic,AMD,2,1.7,AMD,AMD Radeon,8,128.0,16.0,346,592,494,339,1.46
HP,Gaming,Intel,12,4.4,NVIDIA,NVIDIA RTX,32,512.0,14.0,5259,12866,9823,2555,3.84
HP,Basic,Intel,4,2.2,Intel,Intel UHD,4,128.0,14.0,874,339,553,280,1.98
HP,Student,Intel,4,2.2,Intel,Intel Iris Xe,16,256.0,15.6,872,1464,1227,681,1.8
ASUS,Basic,Intel,2,2.4,AMD,AMD Radeon,4,256.0,13.3,486,220,326,217,1.5
Apple,Student,Intel,6,3.0,AMD,AMD Radeon,8,512.0,13.3,1812,940,1289,613,2.1
Lenovo,Gaming,Intel,8,3.1,NVIDIA,NVIDIA GeForce,16,2048.0,14.0,2490,8987,6388,3541,1.8
Razer,Student,Intel,6,3.1,Intel,Intel Iris Xe,8,512.0,16.0,1832,1340,1537,762,2.02
Acer,Professional,Intel,8,4.4,NVIDIA,NVIDIA GeForce,16,1024.0,14.0,3545,3140,3302,2117,1.56
Acer,Professional,AMD,8,3.5,AMD,AMD Radeon,32,1024.0,14.0,2807,2455,2596,1739,1.49
ASUS,Basic,Intel,4,2.0,Intel,Intel UHD,8,256.0,15.6,793,473,601,455,1.32
HP,Student,Intel,6,3.4,AMD,AMD Radeon,16,512.0,14.0,2036,820,1307,574,2.28
ASUS,Gaming,Intel,12,3.7,NVIDIA,NVIDIA GeForce,32,512.0,15.6,4429,11753,8823,1335,6.61
Acer,Basic,AMD,2,1.7,Intel,Intel UHD,4,128.0,16.0,346,650,528,150,3.52
HP,Student,Intel,4,2.2,AMD,AMD Radeon,16,512.0,15.6,890,1322,1149,473,2.43
Apple,Student,Intel,6,3.5,AMD,AMD Radeon,16,256.0,15.6,2071,803,1310,461,2.84
Dell,Gaming,Intel,8,4.1,NVIDIA,NVIDIA GeForce,16,1024.0,14.0,3270,12372,8731,1088,8.02
Lenovo,Professional,Intel,12,4.5,AMD,AMD Radeon,32,512.0,15.6,5356,2210,3469,1221,2.84
Acer,Basic,AMD,4,2.6,AMD,AMD Radeon,4,128.0,13.3,1041,506,720,417,1.73
Lenovo,Student,Intel,4,2.6,Intel,Intel Iris Xe,16,512.0,16.0,1048,562,757,644,1.18
Apple,Student,AMD,6,3.3,Intel,Intel UHD,8,512.0,15.6,1962,877,1311,623,2.1
ASUS,Student,Intel,4,2.5,AMD,AMD Radeon,8,512.0,14.0,1016,1015,1015,742,1.37
Dell,Student,Intel,4,2.3,Intel,Intel UHD,16,512.0,15.6,931,878,899,810,1.11
Lenovo,Student,AMD,4,2.5,Intel,Intel Iris Xe,8,512.0,16.0,1001,768,861,853,1.01
Dell,Gaming,AMD,8,4.2,NVIDIA,NVIDIA RTX,16,1024.0,14.0,3336,14232,9874,3288,3.0
ASUS,Student,AMD,4,2.5,AMD,AMD Radeon,8,256.0,15.6,992,1315,1186,855,1.39
Acer,Student,Intel,4,3.4,AMD,AMD Radeon,8,512.0,17.3,1359,705,966,758,1.27
Acer,Basic,Intel,2,2.1,Intel,Intel Iris Xe,4,256.0,15.6,429,636,553,478,1.16
Lenovo,Gaming,Intel,16,5.3,AMD,AMD Radeon,16,1024.0,14.0,8458,6656,7377,2369,3.11
Dell,Professional,Intel,8,3.6,NVIDIA,NVIDIA RTX,32,512.0,14.0,2876,1877,2277,1148,1.98
Razer,Basic,AMD,4,2.1,Intel,Intel Iris Xe,4,128.0,13.3,840,527,652,201,3.24
HP,Student,Intel,4,2.6,AMD,AMD Radeon,16,256.0,16.0,1024,1465,1288,677,1.9
Lenovo,Basic,Intel,4,2.3,Intel,Intel Iris Xe,4,128.0,14.0,923,669,771,300,2.57
Lenovo,Gaming,Intel,12,4.7,NVIDIA,NVIDIA GeForce,16,512.0,13.3,5682,14252,10824,3158,3.43
Lenovo,Basic,Intel,2,2.4,AMD,AMD Radeon,4,128.0,15.6,489,534,516,520,0.99
Lenovo,Student,Intel,4,2.0,Intel,Intel Iris Xe,8,256.0,15.6,817,860,843,501,1.68
HP,Basic,Intel,4,2.0,AMD,AMD Radeon,4,128.0,14.0,784,255,466,355,1.31
HP,Gaming,Intel,12,3.3,NVIDIA,NVIDIA GeForce,32,1024.0,15.6,3948,9521,7292,3938,1.85
Razer,Gaming,Intel,8,4.0,AMD,AMD Radeon,16,512.0,15.6,3186,13054,9107,2946,3.09
Acer,Professional,Intel,12,3.2,NVIDIA,NVIDIA GeForce,32,1024.0,14.0,3787,2890,3249,1436,2.26
Dell,Basic,AMD,4,2.8,Intel,Intel UHD,4,256.0,14.0,1110,203,566,455,1.24
Dell,Student,Intel,4,2.7,AMD,AMD Radeon,8,512.0,14.0,1077,600,791,498,1.59
HP,Gaming,AMD,8,5.4,NVIDIA,NVIDIA GeForce,16,512.0,15.6,4295,6012,5325,2312,2.3
Dell,Professional,Intel,8,2.5,AMD,AMD Radeon,16,1024.0,14.0,2036,2534,2335,2531,0.92
Lenovo,Gaming,Intel,8,3.1,NVIDIA,NVIDIA RTX,32,1024.0,15.6,2484,6553,4926,2679,1.84
Apple,Student,Intel,6,2.0,AMD,AMD Radeon,8,512.0,13.3,1220,1334,1288,619,2.08
Dell,Professional,Intel,8,3.7,NVIDIA,NVIDIA RTX,16,512.0,17.3,2973,1418,2040,1726,1.18
Acer,Basic,AMD,2,2.3,AMD,AMD Radeon,8,128.0,14.0,462,547,513,269,1.91
Apple,Gaming,Intel,12,3.5,NVIDIA,NVIDIA GeForce,32,1024.0,17.3,4259,7003,5905,1467,4.03
Apple,Basic,Intel,2,2.5,AMD,AMD Radeon,4,128.0,15.6,491,543,522,294,1.78
Acer,Professional,Intel,6,4.0,NVIDIA,NVIDIA GeForce,16,512.0,14.0,2401,3080,2809,1153,2.44
HP,Gaming,Intel,8,4.7,AMD,AMD Radeon,32,1024.0,16.0,3730,5558,4827,2915,1.66
Apple,Basic,AMD,2,1.7,Intel,Intel UHD,8,128.0,16.0,344,206,261,402,0.65
Lenovo,Gaming,AMD,8,4.1,NVIDIA,NVIDIA RTX,16,512.0,17.3,3242,13985,9688,1439,6.73
HP,Gaming,Intel,8,5.3,NVIDIA,NVIDIA GeForce,16,2048.0,15.6,4223,12362,9106,3940,2.31
Acer,Professional,Intel,8,4.2,NVIDIA,NVIDIA GeForce,32,1024.0,16.0,3343,3991,3732,1231,3.03
Dell,Gaming,Intel,12,4.0,AMD,AMD Radeon,16,512.0,15.6,4842,11540,8861,2222,3.99
Dell,Professional,Intel,8,3.1,NVIDIA,NVIDIA RTX,16,1024.0,15.6,2491,2800,2676,1990,1.34
Lenovo,Professional,Intel,8,4.1,NVIDIA,NVIDIA GeForce,32,1024.0,16.0,3288,3760,3571,2363,1.51
ASUS,Professional,Intel,6,3.2,NVIDIA,NVIDIA RTX,16,1024.0,14.0,1902,1624,1735,1689,1.03
Apple,Student,Intel,4,2.7,Intel,Intel UHD,8,256.0,15.6,1094,1114,1106,414,2.67
Lenovo,Student,Intel,4,2.7,Intel,Intel UHD,8,512.0,15.6,1077,815,920,600,1.53
Acer,Student,AMD,6,2.9,Intel,Intel Iris Xe,8,512.0,17.3,1747,1449,1568,539,2.91
Dell,Student,Intel,4,3.2,Intel,Intel UHD,8,512.0,16.0,1262,546,832,710,1.17
HP,Gaming,AMD,8,3.6,AMD,AMD Radeon,16,2048.0,15.6,2914,10733,7605,3858,1.97
HP,Basic,Intel,4,1.8,AMD,AMD Radeon,4,256.0,15.6,704,681,690,378,1.83
Dell,Gaming,Intel,12,5.0,NVIDIA,NVIDIA GeForce,16,1024.0,14.0,6060,5036,5446,1365,3.99
ASUS,Gaming,Intel,8,3.8,NVIDIA,NVIDIA RTX,16,512.0,17.3,3007,11685,8214,3510,2.34
Lenovo,Gaming,Intel,8,3.8,NVIDIA,NVIDIA RTX,32,1024.0,13.3,3043,12491,8712,1733,5.03
HP,Gaming,Intel,8,3.7,AMD,AMD Radeon,16,1024.0,13.3,2923,8592,6324,2706,2.34
Dell,Basic,AMD,4,2.1,Intel,Intel UHD,4,128.0,15.6,845,555,671,337,1.99
Dell,Basic,Intel,2,2.7,AMD,AMD Radeon,4,128.0,15.6,545,724,652,296,2.2
Lenovo,Professional,Intel,6,2.8,AMD,AMD Radeon,16,512.0,15.6,1700,3446,2748,1304,2.11
Apple,Basic,AMD,4,2.0,Intel,Intel UHD,4,128.0,17.3,808,295,500,473,1.06
MSI,Student,AMD,4,2.1,Intel,Intel UHD,8,512.0,14.0,838,1445,1202,397,3.03
HP,Basic,AMD,2,2.3,AMD,AMD Radeon,4,128.0,14.0,459,250,334,219,1.53
Lenovo,Gaming,Intel,16,3.8,NVIDIA,NVIDIA RTX,16,512.0,15.6,6159,12215,9793,2759,3.55
Lenovo,Basic,Intel,4,2.5,AMD,AMD Radeon,4,512.0,14.0,1020,602,769,261,2.95
Acer,Basic,AMD,4,2.6,Intel,Intel Iris Xe,4,128.0,14.0,1020,409,653,451,1.45
Dell,Gaming,Intel,8,3.0,NVIDIA,NVIDIA GeForce,16,512.0,16.0,2431,14116,9442,2006,4.71
Lenovo,Professional,Intel,8,2.6,AMD,AMD Radeon,32,512.0,13.3,2111,2054,2077,929,2.24
Apple,Gaming,AMD,16,4.2,NVIDIA,NVIDIA RTX,16,1024.0,15.6,6784,9199,8233,1705,4.83
Lenovo,Basic,AMD,4,2.4,Intel,Intel Iris Xe,4,256.0,17.3,974,526,705,492,1.43
Dell,Student,Intel,6,3.3,Intel,Intel Iris Xe,8,512.0,16.0,1959,1217,1514,785,1.93
MSI,Gaming,AMD,8,5.3,AMD,AMD Radeon,32,1024.0,16.0,4273,11678,8716,2642,3.3
HP,Basic,Intel,4,2.2,Intel,Intel UHD,4,256.0,15.6,887,502,656,278,2.36
Apple,Basic,Intel,4,2.5,AMD,AMD Radeon,4,128.0,13.3,1014,780,874,226,3.87
Lenovo,Student,Intel,4,3.4,Intel,Intel UHD,8,512.0,14.0,1350,1022,1153,560,2.06
Acer,Student,Intel,4,3.0,AMD,AMD Radeon,8,512.0,16.0,1217,1295,1264,482,2.62
Dell,Student,AMD,4,3.1,Intel,Intel Iris Xe,8,512.0,13.3,1231,1071,1135,867,1.31
Dell,Basic,AMD,4,2.1,Intel,Intel UHD,4,256.0,17.3,825,778,797,283,2.82
Dell,Student,AMD,6,2.3,Intel,Intel UHD,8,256.0,13.3,1373,747,997,450,2.22
Lenovo,Basic,Intel,2,2.5,AMD,AMD Radeon,4,256.0,15.6,495,664,597,389,1.53
Dell,Student,Intel,6,3.5,Intel,Intel UHD,8,512.0,16.0,2097,1103,1500,597,2.51
Acer,Student,AMD,6,2.3,Intel,Intel Iris Xe,16,512.0,13.3,1387,1391,1390,620,2.24
ASUS,Basic,AMD,2,2.5,Intel,Intel UHD,4,128.0,15.6,494,210,324,264,1.23
Dell,Gaming,AMD,8,4.9,AMD,AMD Radeon,32,512.0,15.6,3948,12030,8797,3784,2.32
Dell,Professional,Intel,8,2.8,NVIDIA,NVIDIA GeForce,16,512.0,13.3,2221,1157,1582,2435,0.65
Acer,Gaming,Intel,16,5.0,NVIDIA,NVIDIA RTX,16,1024.0,16.0,8040,8973,8600,3295,2.61
ASUS,Gaming,AMD,12,5.3,AMD,AMD Radeon,32,1024.0,16.0,6308,13382,10552,2576,4.1
ASUS,Gaming,AMD,8,3.6,NVIDIA,NVIDIA GeForce,32,1024.0,15.6,2849,9403,6781,1778,3.81
Lenovo,Student,Intel,4,3.2,AMD,AMD Radeon,16,512.0,15.6,1272,1054,1142,687,1.66
Apple,Professional,AMD,12,2.9,AMD,AMD Radeon,32,512.0,15.6,3428,3779,3638,2483,1.47
Lenovo,Student,AMD,6,3.3,Intel,Intel Iris Xe,8,256.0,16.0,1985,726,1230,794,1.55
ASUS,Gaming,Intel,12,4.6,NVIDIA,NVIDIA GeForce,32,512.0,15.6,5461,8556,7318,2196,3.33
Lenovo,Student,AMD,4,2.8,Intel,Intel Iris Xe,8,512.0,16.0,1118,1168,1148,722,1.59
HP,Student,AMD,4,3.3,AMD,AMD Radeon,8,256.0,13.3,1340,1005,1139,968,1.18
Acer,Student,AMD,6,2.3,AMD,AMD Radeon,8,256.0,15.6,1356,1407,1387,921,1.51
HP,Basic,Intel,4,1.7,AMD,AMD Radeon,4,128.0,14.0,690,562,613,327,1.87
Apple,Gaming,Intel,16,3.5,NVIDIA,NVIDIA GeForce,32,2048.0,16.0,5541,13778,10483,2957,3.55
ASUS,Gaming,Intel,12,5.3,NVIDIA,NVIDIA RTX,32,1024.0,14.0,6318,7096,6785,3226,2.1
Lenovo,Gaming,Intel,12,4.2,AMD,AMD Radeon,16,512.0,15.6,5010,7449,6474,1326,4.88
HP,Basic,Intel,2,2.0,AMD,AMD Radeon,4,512.0,15.6,402,445,428,281,1.52
HP,Gaming,Intel,12,3.3,NVIDIA,NVIDIA GeForce,16,512.0,16.0,4017,6246,5354,3383,1.58
ASUS,Basic,Intel,2,2.0,AMD,AMD Radeon,4,128.0,14.0,406,566,502,347,1.45
Apple,Professional,Intel,8,2.8,NVIDIA,NVIDIA RTX,16,512.0,16.0,2261,3852,3216,1231,2.61
Lenovo,Basic,Intel,2,2.1,Intel,Intel Iris Xe,8,128.0,15.6,425,420,422,383,1.1
Lenovo,Gaming,Intel,12,3.1,NVIDIA,NVIDIA RTX,16,512.0,14.0,3779,10308,7696,2852,2.7
ASUS,Basic,AMD,4,1.7,AMD,AMD Radeon,8,256.0,16.0,664,504,568,318,1.79
Acer,Professional,Intel,12,4.3,NVIDIA,NVIDIA RTX,32,512.0,15.6,5197,1074,2724,1452,1.88
MSI,Student,AMD,6,3.4,AMD,AMD Radeon,8,512.0,16.0,2017,1038,1430,928,1.54
Dell,Basic,AMD,2,2.3,AMD,AMD Radeon,8,128.0,15.6,464,644,572,343,1.67
Apple,Professional,AMD,8,3.9,NVIDIA,NVIDIA RTX,16,1024.0,17.3,3112,2246,2592,1539,1.68
HP,Basic,Intel,2,1.9,AMD,AMD Radeon,8,128.0,15.6,384,640,537,215,2.5
Dell,Student,Intel,4,2.6,AMD,AMD Radeon,16,512.0,14.0,1044,1493,1313,857,1.53
Dell,Basic,Intel,2,1.8,Intel,Intel Iris Xe,4,256.0,14.0,362,367,365,342,1.07
Dell,Student,Intel,6,3.4,AMD,AMD Radeon,16,256.0,17.3,2066,524,1141,657,1.74
HP,Student,Intel,6,3.0,AMD,AMD Radeon,16,512.0,16.0,1784,657,1108,885,1.25
HP,Professional,AMD,6,4.4,NVIDIA,NVIDIA GeForce,16,1024.0,13.3,2615,1515,1955,2061,0.95
Lenovo,Student,AMD,4,2.4,Intel,Intel UHD,8,256.0,16.0,952,1379,1208,513,2.35
Dell,Basic,Intel,4,2.8,AMD,AMD Radeon,4,512.0,17.3,1110,513,752,340,2.21
HP,Student,Intel,6,2.3,AMD,AMD Radeon,16,512.0,13.3,1395,833,1058,554,1.91
Acer,Gaming,AMD,12,3.3,NVIDIA,NVIDIA RTX,16,1024.0,17.3,3990,12784,9267,2276,4.07
Dell,Gaming,Intel,8,5.2,AMD,AMD Radeon,16,1024.0,13.3,4133,14318,10244,1788,5.73
Lenovo,Basic,Intel,4,2.6,Intel,Intel Iris Xe,8,128.0,17.3,1054,574,766,572,1.34
Dell,Basic,Intel,2,2.1,AMD,AMD Radeon,4,256.0,15.6,425,399,409,321,1.27
HP,Professional,AMD,8,3.5,NVIDIA,NVIDIA RTX,16,512.0,17.3,2765,2082,2355,1283,1.84
HP,Basic,Intel,2,1.6,AMD,AMD Radeon,4,128.0,14.0,328,474,416,288,1.44
HP,Student,Intel,6,2.9,Intel,Intel Iris Xe,8,256.0,15.6,1717,862,1204,636,1.89
HP,Gaming,Intel,16,3.1,AMD,AMD Radeon,16,1024.0,15.6,4883,12377,9380,1477,6.35
Lenovo,Professional,AMD,6,2.8,AMD,AMD Radeon,32,512.0,13.3,1709,3685,2895,914,3.17
Dell,Student,AMD,4,3.3,Intel,Intel Iris Xe,16,256.0,15.6,1317,630,905,962,0.94
HP,Student,Intel,4,2.7,AMD,AMD Radeon,16,256.0,13.3,1088,1255,1188,393,3.02
Dell,Professional,AMD,6,3.9,AMD,AMD Radeon,16,1024.0,15.6,2316,2550,2456,1474,1.67
Dell,Gaming,Intel,8,4.5,NVIDIA,NVIDIA GeForce,32,512.0,14.0,3581,12937,9195,3298,2.79
Dell,Gaming,Intel,12,3.0,AMD,AMD Radeon,16,512.0,14.0,3653,8191,6376,2564,2.49
ASUS,Professional,Intel,8,2.8,AMD,AMD Radeon,32,512.0,14.0,2225,2162,2187,1451,1.51
ASUS,Professional,AMD,6,3.0,AMD,AMD Radeon,16,512.0,15.6,1797,2114,1987,1003,1.98
HP,Gaming,AMD,8,3.1,AMD,AMD Radeon,32,512.0,14.0,2459,9932,6943,3410,2.04
MSI,Basic,AMD,2,2.7,Intel,Intel Iris Xe,8,256.0,15.6,547,586,570,427,1.33
Dell,Student,Intel,6,2.4,AMD,AMD Radeon,8,512.0,15.6,1442,726,1013,593,1.71
HP,Student,Intel,4,3.3,Intel,Intel Iris Xe,8,256.0,15.6,1334,1057,1168,407,2.87
Acer,Gaming,Intel,12,4.2,AMD,AMD Radeon,32,2048.0,13.3,5055,9713,7850,2283,3.44
MSI,Professional,Intel,12,4.1,AMD,AMD Radeon,16,512.0,17.3,4886,1672,2957,1575,1.88
Dell,Professional,Intel,12,3.9,NVIDIA,NVIDIA GeForce,16,1024.0,17.3,4640,3910,4202,2581,1.63
Apple,Professional,AMD,8,3.8,NVIDIA,NVIDIA RTX,16,512.0,15.6,3010,1773,2268,1310,1.73
Lenovo,Professional,Intel,6,2.6,AMD,AMD Radeon,32,1024.0,15.6,1561,2499,2124,1312,1.62
Acer,Gaming,Intel,12,4.7,NVIDIA,NVIDIA RTX,16,1024.0,14.0,5627,8938,7614,3756,2.03
HP,Gaming,AMD,8,4.8,NVIDIA,NVIDIA GeForce,32,512.0,16.0,3821,13366,9548,1680,5.68
Dell,Gaming,Intel,12,3.8,NVIDIA,NVIDIA GeForce,32,2048.0,15.6,4588,5407,5079,1140,4.46
Acer,Student,Intel,6,2.3,AMD,AMD Radeon,16,256.0,16.0,1359,1422,1397,824,1.7
Acer,Student,Intel,4,2.3,Intel,Intel UHD,8,512.0,13.3,935,1200,1094,457,2.39
Acer,Student,Intel,4,2.1,Intel,Intel Iris Xe,8,512.0,14.0,849,1129,1017,443,2.3
ASUS,Student,AMD,4,2.5,Intel,Intel Iris Xe,8,512.0,15.6,1003,833,901,475,1.9
HP,Student,AMD,6,2.8,Intel,Intel Iris Xe,8,256.0,15.6,1659,1213,1392,752,1.85
ASUS,Gaming,Intel,12,4.2,NVIDIA,NVIDIA GeForce,32,1024.0,13.3,5026,13686,10222,1780,5.74
HP,Student,Intel,6,2.7,AMD,AMD Radeon,8,512.0,13.3,1614,607,1010,342,2.95
MSI,Gaming,Intel,16,3.0,AMD,AMD Radeon,16,1024.0,14.0,4830,14410,10578,3089,3.42
Apple,Professional,AMD,12,3.3,AMD,AMD Radeon,16,512.0,13.3,3971,2598,3147,971,3.24
Acer,Professional,Intel,6,2.9,NVIDIA,NVIDIA GeForce,16,512.0,14.0,1725,2074,1934,1603,1.21
ASUS,Student,AMD,4,2.5,AMD,AMD Radeon,8,512.0,15.6,996,729,836,730,1.15
Apple,Basic,AMD,2,2.5,AMD,AMD Radeon,4,128.0,16.0,508,295,380,390,0.97
Acer,Professional,AMD,8,4.1,AMD,AMD Radeon,16,512.0,16.0,3303,3746,3569,1170,3.05
HP,Gaming,Intel,12,4.4,AMD,AMD Radeon,32,1024.0,15.6,5332,7017,6343,2209,2.87
ASUS,Professional,AMD,8,2.7,AMD,AMD Radeon,16,1024.0,13.3,2177,1615,1840,1533,1.2
MSI,Basic,Intel,2,2.3,Intel,Intel UHD,4,128.0,13.3,468,393,423,150,2.82
Razer,Gaming,Intel,12,5.0,AMD,AMD Radeon,32,1024.0,15.6,6013,5056,5439,1696,3.21
Razer,Professional,AMD,8,2.5,NVIDIA,NVIDIA GeForce,32,1024.0,15.6,2016,1477,1692,1372,1.23
HP,Basic,AMD,2,2.1,Intel,Intel UHD,4,256.0,17.3,412,214,293,377,0.78
Lenovo,Professional,AMD,12,3.2,AMD,AMD Radeon,16,512.0,14.0,3873,2676,3155,2291,1.38
Lenovo,Student,AMD,6,2.1,AMD,AMD Radeon,8,256.0,15.6,1254,1467,1382,784,1.76
Lenovo,Professional,Intel,8,3.2,NVIDIA,NVIDIA RTX,32,512.0,13.3,2558,1085,1674,1960,0.85
HP,Gaming,Intel,12,4.0,NVIDIA,NVIDIA RTX,16,2048.0,15.6,4748,7844,6606,3152,2.1
Lenovo,Professional,Intel,8,3.3,AMD,AMD Radeon,16,1024.0,14.0,2657,2985,2854,2331,1.22
Acer,Student,Intel,6,2.1,AMD,AMD Radeon,16,256.0,17.3,1264,979,1093,774,1.41
Dell,Basic,Intel,2,2.6,Intel,Intel UHD,8,128.0,15.6,523,236,351,263,1.33
HP,Student,Intel,4,2.6,AMD,AMD Radeon,8,512.0,16.0,1041,1250,1166,678,1.72
MSI,Basic,Intel,2,2.8,AMD,AMD Radeon,8,128.0,14.0,557,360,439,293,1.5
HP,Student,Intel,6,2.2,Intel,Intel Iris Xe,8,512.0,15.6,1333,805,1016,449,2.26
ASUS,Gaming,AMD,12,4.4,NVIDIA,NVIDIA RTX,16,512.0,15.6,5262,10826,8600,984,8.74
HP,Gaming,Intel,12,4.5,AMD,AMD Radeon,32,512.0,14.0,5344,5501,5438,3571,1.52
HP,Student,AMD,6,2.1,Intel,Intel Iris Xe,16,256.0,15.6,1247,1221,1231,822,1.5
ASUS,Student,Intel,4,3.3,AMD,AMD Radeon,8,512.0,13.3,1336,655,927,804,1.15
Lenovo,Basic,Intel,2,1.8,Intel,Intel Iris Xe,4,256.0,15.6,357,528,460,261,1.76
ASUS,Professional,Intel,6,4.0,NVIDIA,NVIDIA GeForce,16,1024.0,15.6,2404,1292,1737,2321,0.75
ASUS,Gaming,AMD,16,3.8,NVIDIA,NVIDIA RTX,32,1024.0,15.6,6098,12365,9858,1424,6.92
MSI,Basic,Intel,2,2.6,Intel,Intel UHD,4,128.0,14.0,526,273,374,150,2.49
Lenovo,Professional,Intel,12,4.5,AMD,AMD Radeon,16,512.0,14.0,5376,2377,3577,2126,1.68
Dell,Basic,Intel,4,2.2,Intel,Intel UHD,4,128.0,15.6,873,352,560,266,2.11
Dell,Professional,Intel,6,4.4,AMD,AMD Radeon,16,1024.0,16.0,2636,3725,3289,1029,3.2
MSI,Student,AMD,4,2.3,AMD,AMD Radeon,8,512.0,15.6,929,1424,1226,634,1.93
HP,Student,AMD,4,3.1,AMD,AMD Radeon,16,256.0,16.0,1252,1114,1169,449,2.6
Dell,Professional,AMD,8,4.4,NVIDIA,NVIDIA RTX,32,512.0,13.3,3553,3410,3467,2200,1.58
ASUS,Student,Intel,4,2.1,AMD,AMD Radeon,16,512.0,14.0,839,972,919,668,1.38
ASUS,Student,Intel,4,2.1,Intel,Intel Iris Xe,8,512.0,15.6,858,1381,1172,447,2.62
Lenovo,Professional,Intel,8,2.6,NVIDIA,NVIDIA GeForce,16,1024.0,15.6,2057,1598,1781,2164,0.82
HP,Basic,AMD,4,2.2,AMD,AMD Radeon,8,256.0,15.6,878,351,562,477,1.18
ASUS,Basic,Intel,2,2.4,AMD,AMD Radeon,8,128.0,15.6,475,711,617,351,1.76
HP,Basic,Intel,2,2.7,AMD,AMD Radeon,8,512.0,14.0,538,791,690,150,4.6
Lenovo,Gaming,AMD,12,4.5,AMD,AMD Radeon,32,512.0,15.6,5381,7106,6416,1143,5.61
HP,Basic,Intel,2,2.1,Intel,Intel UHD,8,512.0,14.0,411,321,357,347,1.03
Dell,Basic,Intel,4,1.8,AMD,AMD Radeon,4,128.0,17.3,728,764,749,214,3.5
HP,Student,Intel,6,2.0,AMD,AMD Radeon,16,256.0,15.6,1201,602,842,651,1.29
MSI,Student,Intel,6,2.3,Intel,Intel Iris Xe,8,256.0,15.6,1356,770,1004,875,1.15
Dell,Gaming,Intel,16,3.0,AMD,AMD Radeon,32,512.0,16.0,4819,12421,9380,1172,8.0
Lenovo,Basic,AMD,2,2.2,Intel,Intel Iris Xe,4,512.0,17.3,436,674,579,322,1.8
Dell,Gaming,Intel,16,4.1,AMD,AMD Radeon,16,1024.0,15.6,6635,7844,7360,1839,4.0
Lenovo,Student,Intel,4,3.2,AMD,AMD Radeon,8,512.0,14.0,1278,1128,1188,796,1.49
HP,Professional,Intel,8,3.9,NVIDIA,NVIDIA RTX,16,1024.0,14.0,3147,1064,1897,1970,0.96
Acer,Student,AMD,4,3.3,AMD,AMD Radeon,8,256.0,15.6,1316,987,1118,463,2.41
ASUS,Professional,AMD,6,4.3,NVIDIA,NVIDIA GeForce,16,512.0,14.0,2572,2387,2461,1436,1.71
ASUS,Professional,Intel,6,4.0,NVIDIA,NVIDIA GeForce,32,512.0,15.6,2419,3931,3326,2456,1.35
Lenovo,Professional,AMD,12,4.3,NVIDIA,NVIDIA GeForce,32,1024.0,14.0,5175,1879,3197,956,3.34
HP,Professional,Intel,8,4.2,AMD,AMD Radeon,32,512.0,15.6,3333,2010,2539,1050,2.42
HP,Gaming,AMD,12,3.9,NVIDIA,NVIDIA RTX,32,1024.0,16.0,4737,7094,6151,2247,2.74
Acer,Gaming,Intel,8,3.4,NVIDIA,NVIDIA RTX,16,512.0,15.6,2745,9934,7059,1160,6.09
HP,Student,AMD,6,2.5,AMD,AMD Radeon,8,512.0,15.6,1508,1411,1450,498,2.91
MSI,Gaming,Intel,8,5.1,NVIDIA,NVIDIA RTX,16,512.0,15.6,4120,8470,6730,2276,2.96
ASUS,Professional,Intel,6,4.0,NVIDIA,NVIDIA RTX,16,512.0,13.3,2378,2368,2372,1056,2.25
Dell,Student,Intel,6,3.4,Intel,Intel UHD,16,256.0,17.3,2049,1123,1494,816,1.83
Dell,Basic,Intel,2,2.6,AMD,AMD Radeon,8,128.0,15.6,519,375,432,388,1.11
MSI,Professional,Intel,8,3.3,NVIDIA,NVIDIA GeForce,16,1024.0,15.6,2657,1297,1841,1815,1.01
Dell,Basic,Intel,4,2.4,Intel,Intel UHD,4,256.0,14.0,966,717,816,401,2.03
HP,Gaming,Intel,12,4.9,NVIDIA,NVIDIA RTX,32,2048.0,13.3,5860,12131,9623,3608,2.67
HP,Gaming,Intel,16,4.4,AMD,AMD Radeon,16,2048.0,13.3,7042,5272,5980,2231,2.68
ASUS,Professional,Intel,6,4.3,AMD,AMD Radeon,32,512.0,15.6,2561,3102,2886,1027,2.81
ASUS,Student,Intel,6,2.7,Intel,Intel Iris Xe,8,512.0,15.6,1592,910,1183,510,2.32
HP,Student,Intel,4,2.1,AMD,AMD Radeon,8,512.0,14.0,857,760,799,426,1.88
Acer,Gaming,Intel,8,4.7,NVIDIA,NVIDIA RTX,16,512.0,15.6,3791,14792,10392,3696,2.81
Razer,Gaming,Intel,12,4.8,AMD,AMD Radeon,16,512.0,15.6,5706,8429,7340,3934,1.87
ASUS,Professional,Intel,8,3.4,AMD,AMD Radeon,16,512.0,14.0,2734,3997,3492,1496,2.33
Dell,Professional,AMD,12,2.8,AMD,AMD Radeon,16,512.0,16.0,3395,1732,2397,972,2.47
HP,Professional,Intel,8,2.9,NVIDIA,NVIDIA RTX,16,1024.0,17.3,2313,3229,2863,1271,2.25
Dell,Professional,Intel,8,2.7,NVIDIA,NVIDIA RTX,16,1024.0,13.3,2145,1410,1704,1949,0.87
Lenovo,Student,Intel,6,2.2,AMD,AMD Radeon,8,256.0,15.6,1295,509,823,518,1.59
Dell,Gaming,Intel,8,5.2,NVIDIA,NVIDIA GeForce,32,512.0,14.0,4186,12038,8897,3484,2.55
Dell,Professional,Intel,6,2.5,AMD,AMD Radeon,16,512.0,17.3,1502,3121,2473,1886,1.31
Dell,Professional,AMD,8,3.9,NVIDIA,NVIDIA RTX,16,512.0,17.3,3154,1236,2003,1491,1.34
ASUS,Basic,Intel,4,2.4,AMD,AMD Radeon,4,128.0,16.0,977,547,719,150,4.79
ASUS,Gaming,Intel,12,5.0,AMD,AMD Radeon,32,1024.0,15.6,6037,10394,8651,2279,3.8
Lenovo,Gaming,Intel,12,3.8,NVIDIA,NVIDIA GeForce,32,1024.0,15.6,4582,12002,9034,2909,3.11
Apple,Basic,AMD,2,2.6,AMD,AMD Radeon,8,128.0,14.0,515,556,539,219,2.46
Lenovo,Gaming,Intel,8,4.2,NVIDIA,NVIDIA RTX,16,2048.0,13.3,3350,8199,6260,1548,4.04
Lenovo,Professional,Intel,6,4.5,AMD,AMD Radeon,16,512.0,13.3,2697,1528,1996,1641,1.22
Dell,Professional,Intel,12,3.5,NVIDIA,NVIDIA RTX,32,512.0,15.6,4160,1400,2504,1368,1.83
Acer,Professional,AMD,6,3.2,AMD,AMD Radeon,16,512.0,13.3,1903,1792,1837,1347,1.36
Lenovo,Gaming,Intel,16,3.5,NVIDIA,NVIDIA RTX,32,2048.0,13.3,5602,8736,7482,1408,5.31
Dell,Gaming,AMD,12,4.0,AMD,AMD Radeon,16,2048.0,14.0,4760,10148,7993,2372,3.37
Acer,Gaming,Intel,8,3.2,AMD,AMD Radeon,16,512.0,13.3,2582,8063,5871,1486,3.95
HP,Basic,Intel,2,1.9,Intel,Intel UHD,4,256.0,14.0,383,769,615,295,2.08
HP,Student,Intel,4,2.5,AMD,AMD Radeon,8,512.0,17.3,996,984,988,616,1.6
Apple,Professional,Intel,12,3.5,NVIDIA,NVIDIA GeForce,16,1024.0,15.6,4146,2357,3073,1292,2.38
Apple,Gaming,AMD,8,3.8,AMD,AMD Radeon,32,1024.0,14.0,3050,13266,9180,1860,4.94
ASUS,Gaming,AMD,12,4.0,NVIDIA,NVIDIA GeForce,32,1024.0,15.6,4837,9371,7557,1805,4.19
Lenovo,Student,Intel,4,2.8,Intel,Intel UHD,8,512.0,14.0,1134,1135,1134,525,2.16
HP,Student,AMD,6,3.4,AMD,AMD Radeon,8,256.0,15.6,2056,1169,1524,864,1.76
Razer,Professional,Intel,12,2.9,AMD,AMD Radeon,16,512.0,17.3,3509,2986,3195,2077,1.54
Acer,Gaming,Intel,12,4.6,AMD,AMD Radeon,32,512.0,15.6,5509,6407,6048,1483,4.08
ASUS,Basic,Intel,4,1.8,AMD,AMD Radeon,4,256.0,15.6,700,501,581,402,1.45
Dell,Professional,Intel,6,3.5,NVIDIA,NVIDIA GeForce,32,512.0,15.6,2120,2404,2290,2514,0.91
Dell,Gaming,Intel,8,4.3,AMD,AMD Radeon,16,512.0,13.3,3424,7629,5947,1001,5.94
Lenovo,Basic,Intel,2,2.7,Intel,Intel UHD,4,256.0,14.0,537,593,571,368,1.55
HP,Gaming,Intel,8,3.6,AMD,AMD Radeon,16,1024.0,15.6,2847,8141,6023,1554,3.88
Lenovo,Professional,Intel,6,3.5,NVIDIA,NVIDIA RTX,32,512.0,14.0,2098,2924,2594,1712,1.52
HP,Professional,AMD,6,4.5,NVIDIA,NVIDIA RTX,16,512.0,17.3,2678,2045,2298,1716,1.34
Acer,Professional,Intel,8,3.4,NVIDIA,NVIDIA GeForce,16,512.0,15.6,2755,2927,2858,1963,1.46
ASUS,Professional,Intel,8,4.5,NVIDIA,NVIDIA GeForce,16,512.0,15.6,3597,2297,2817,940,3.0
HP,Student,AMD,6,3.3,Intel,Intel Iris Xe,8,512.0,15.6,1958,1172,1486,519,2.86
Lenovo,Basic,Intel,2,2.8,AMD,AMD Radeon,4,512.0,15.6,556,760,678,326,2.08
HP,Professional,Intel,6,3.0,AMD,AMD Radeon,32,1024.0,16.0,1814,3057,2560,2406,1.06
Dell,Gaming,AMD,8,3.1,AMD,AMD Radeon,32,512.0,15.6,2486,5022,4008,1616,2.48
ASUS,Professional,Intel,8,2.6,NVIDIA,NVIDIA RTX,32,1024.0,16.0,2112,2474,2329,2007,1.16
Lenovo,Basic,AMD,2,2.3,AMD,AMD Radeon,4,256.0,15.6,457,223,316,447,0.71
Dell,Gaming,Intel,12,5.0,AMD,AMD Radeon,32,512.0,15.6,5957,13893,10718,3465,3.09
Razer,Gaming,Intel,12,4.7,AMD,AMD Radeon,16,2048.0,14.0,5594,12541,9762,1204,8.11
Acer,Basic,Intel,4,2.4,Intel,Intel UHD,4,256.0,15.6,960,242,529,433,1.22
ASUS,Student,AMD,6,2.9,AMD,AMD Radeon,16,256.0,17.3,1719,1333,1487,437,3.4
Lenovo,Student,AMD,6,3.4,AMD,AMD Radeon,8,256.0,16.0,2023,694,1225,606,2.02
Dell,Professional,AMD,6,4.2,NVIDIA,NVIDIA GeForce,16,1024.0,16.0,2519,2883,2737,1345,2.03
Dell,Professional,Intel,6,3.7,NVIDIA,NVIDIA GeForce,32,512.0,14.0,2240,3562,3033,1543,1.97
Dell,Student,AMD,4,2.1,AMD,AMD Radeon,8,512.0,15.6,843,1305,1120,914,1.23
Acer,Gaming,AMD,8,3.8,AMD,AMD Radeon,16,2048.0,16.0,3040,12418,8667,3947,2.2
ASUS,Gaming,Intel,12,3.7,AMD,AMD Radeon,16,512.0,14.0,4491,12318,9187,2819,3.26
HP,Basic,Intel,4,2.4,AMD,AMD Radeon,8,128.0,13.3,978,479,679,388,1.75
Lenovo,Student,Intel,6,3.4,Intel,Intel Iris Xe,16,256.0,14.0,2058,875,1348,449,3.0
HP,Basic,AMD,2,2.4,AMD,AMD Radeon,4,256.0,16.0,478,385,422,524,0.81
HP,Professional,Intel,6,3.6,NVIDIA,NVIDIA GeForce,16,1024.0,15.6,2154,1056,1496,1964,0.76
ASUS,Professional,Intel,8,3.2,NVIDIA,NVIDIA GeForce,16,512.0,13.3,2531,1177,1718,2278,0.75
Razer,Student,Intel,6,2.1,Intel,Intel Iris Xe,8,256.0,15.6,1257,786,975,585,1.67
Lenovo,Basic,AMD,2,2.7,Intel,Intel Iris Xe,8,256.0,16.0,545,462,495,303,1.63
Lenovo,Basic,AMD,4,2.3,AMD,AMD Radeon,4,256.0,15.6,918,365,586,216,2.71
HP,Professional,Intel,6,4.4,AMD,AMD Radeon,32,512.0,16.0,2617,3456,3121,1224,2.55
Acer,Professional,AMD,12,3.6,AMD,AMD Radeon,32,512.0,15.6,4265,1682,2715,1279,2.12
Razer,Basic,Intel,4,1.9,Intel,Intel UHD,4,512.0,15.6,762,473,589,361,1.63
MSI,Basic,AMD,4,2.2,Intel,Intel Iris Xe,4,128.0,15.6,875,316,539,176,3.06
Apple,Basic,AMD,2,2.3,Intel,Intel Iris Xe,4,512.0,15.6,466,418,437,446,0.98
Lenovo,Student,Intel,6,2.9,Intel,Intel UHD,8,256.0,15.6,1739,774,1160,698,1.66
ASUS,Professional,Intel,8,3.5,AMD,AMD Radeon,16,512.0,16.0,2840,3350,3146,891,3.53
HP,Professional,Intel,12,2.7,NVIDIA,NVIDIA GeForce,32,512.0,15.6,3298,1948,2488,2508,0.99
HP,Student,Intel,4,3.1,Intel,Intel UHD,8,256.0,13.3,1257,1134,1183,679,1.74
ASUS,Student,Intel,4,2.8,Intel,Intel UHD,8,512.0,17.3,1140,583,806,888,0.91
HP,Gaming,Intel,8,3.3,NVIDIA,NVIDIA RTX,16,1024.0,15.6,2668,11914,8216,2603,3.16
ASUS,Gaming,Intel,8,4.1,NVIDIA,NVIDIA GeForce,16,1024.0,13.3,3303,14793,10197,1218,8.37
HP,Student,Intel,6,2.0,Intel,Intel Iris Xe,16,512.0,16.0,1204,941,1046,591,1.77
ASUS,Basic,Intel,4,2.4,Intel,Intel UHD,4,128.0,17.3,960,682,793,360,2.2
ASUS,Professional,Intel,8,4.2,NVIDIA,NVIDIA RTX,16,512.0,16.0,3332,3391,3367,2048,1.64
Acer,Student,Intel,4,2.6,AMD,AMD Radeon,8,256.0,14.0,1024,1154,1102,579,1.9
Acer,Professional,AMD,6,3.4,AMD,AMD Radeon,32,512.0,17.3,2012,1052,1436,1676,0.86
Dell,Professional,Intel,8,2.5,NVIDIA,NVIDIA GeForce,32,1024.0,16.0,2021,1495,1706,2288,0.75
Lenovo,Basic,Intel,2,2.7,Intel,Intel UHD,4,512.0,17.3,531,405,455,227,2.0
HP,Student,Intel,6,2.9,AMD,AMD Radeon,16,256.0,15.6,1741,994,1293,840,1.54
Acer,Professional,Intel,8,3.1,NVIDIA,NVIDIA RTX,16,512.0,16.0,2446,1462,1855,2114,0.88
Acer,Gaming,Intel,12,3.0,AMD,AMD Radeon,16,512.0,13.3,3655,11191,8177,2678,3.05
Lenovo,Student,Intel,6,3.5,Intel,Intel UHD,8,512.0,16.0,2094,1080,1486,627,2.37
ASUS,Basic,Intel,4,2.5,Intel,Intel UHD,4,128.0,16.0,1014,677,812,464,1.75
Lenovo,Basic,AMD,2,2.4,Intel,Intel UHD,4,128.0,14.0,477,386,422,380,1.11
Lenovo,Basic,Intel,2,1.7,Intel,Intel UHD,8,128.0,15.6,350,335,341,405,0.84
ASUS,Student,AMD,6,3.4,Intel,Intel Iris Xe,16,256.0,15.6,2047,1312,1606,788,2.04
Dell,Gaming,Intel,12,4.2,NVIDIA,NVIDIA GeForce,16,512.0,15.6,5090,10278,8203,1101,7.45
HP,Student,Intel,6,2.1,Intel,Intel UHD,8,256.0,14.0,1241,1082,1145,935,1.22
Dell,Basic,AMD,2,1.8,Intel,Intel Iris Xe,4,256.0,15.6,356,269,304,235,1.29
ASUS,Basic,AMD,4,1.6,Intel,Intel UHD,4,128.0,13.3,647,411,505,296,1.71
Razer,Basic,AMD,4,2.6,AMD,AMD Radeon,4,128.0,14.0,1031,674,817,317,2.58
Dell,Student,AMD,4,2.1,AMD,AMD Radeon,8,512.0,14.0,847,850,849,497,1.71
HP,Student,Intel,6,2.7,Intel,Intel UHD,8,512.0,16.0,1647,698,1078,433,2.49
HP,Basic,Intel,2,1.9,Intel,Intel UHD,4,128.0,16.0,379,431,410,251,1.63
Acer,Gaming,Intel,8,4.2,NVIDIA,NVIDIA RTX,16,1024.0,16.0,3320,13120,9200,3508,2.62
Acer,Student,Intel,6,3.2,AMD,AMD Radeon,8,512.0,14.0,1898,972,1342,741,1.81
Lenovo,Professional,Intel,12,3.0,NVIDIA,NVIDIA GeForce,16,512.0,15.6,3568,2050,2657,2142,1.24
Razer,Basic,AMD,2,1.9,AMD,AMD Radeon,4,256.0,14.0,385,494,450,249,1.81
ASUS,Professional,Intel,6,3.2,AMD,AMD Radeon,32,1024.0,15.6,1947,2183,2089,1982,1.05
ASUS,Professional,AMD,8,4.1,NVIDIA,NVIDIA RTX,16,1024.0,13.3,3304,3290,3296,2331,1.41
ASUS,Student,Intel,6,3.4,AMD,AMD Radeon,8,256.0,14.0,2039,1263,1573,677,2.32
Lenovo,Basic,Intel,2,2.2,AMD,AMD Radeon,8,128.0,15.6,440,302,357,445,0.8
Acer,Professional,AMD,8,3.3,NVIDIA,NVIDIA GeForce,16,1024.0,17.3,2666,3597,3224,1809,1.78
Razer,Professional,Intel,12,2.5,NVIDIA,NVIDIA RTX,32,512.0,14.0,3020,3842,3513,1335,2.63
Apple,Professional,AMD,8,3.3,NVIDIA,NVIDIA GeForce,16,512.0,15.6,2607,3351,3053,2473,1.23
ASUS,Student,AMD,4,2.3,AMD,AMD Radeon,16,256.0,15.6,911,1415,1214,737,1.65
Apple,Student,Intel,6,3.5,Intel,Intel Iris Xe,16,512.0,13.3,2079,1433,1691,551,3.07
ASUS,Basic,AMD,4,2.8,AMD,AMD Radeon,4,128.0,15.6,1117,322,640,335,1.91
Acer,Student,AMD,4,3.2,AMD,AMD Radeon,8,512.0,15.6,1300,607,884,873,1.01
Acer,Professional,Intel,6,4.2,NVIDIA,NVIDIA RTX,16,1024.0,15.6,2499,1070,1642,1431,1.15
Lenovo,Student,AMD,6,2.1,AMD,AMD Radeon,16,512.0,16.0,1269,1011,1114,652,1.71
Lenovo,Basic,Intel,2,1.6,Intel,Intel Iris Xe,8,128.0,14.0,328,275,296,318,0.93
ASUS,Professional,Intel,6,4.2,AMD,AMD Radeon,16,1024.0,16.0,2522,2527,2525,1181,2.14
ASUS,Basic,Intel,4,2.8,Intel,Intel UHD,4,256.0,15.6,1101,532,760,177,4.29
ASUS,Basic,Intel,2,2.5,Intel,Intel Iris Xe,4,128.0,13.3,494,211,324,258,1.26
HP,Professional,Intel,12,4.2,NVIDIA,NVIDIA GeForce,32,512.0,15.6,4990,2493,3492,1739,2.01
Acer,Gaming,Intel,8,3.0,NVIDIA,NVIDIA RTX,16,512.0,13.3,2425,7371,5392,2835,1.9
Lenovo,Basic,AMD,2,2.7,Intel,Intel Iris Xe,4,256.0,15.6,542,761,673,378,1.78
Dell,Basic,Intel,2,2.4,Intel,Intel UHD,4,128.0,15.6,488,556,528,223,2.37
ASUS,Professional,AMD,12,4.0,AMD,AMD Radeon,32,1024.0,13.3,4811,3052,3756,1112,3.38
Lenovo,Professional,AMD,12,3.1,NVIDIA,NVIDIA RTX,32,1024.0,15.6,3685,1376,2299,1825,1.26
Acer,Gaming,Intel,12,5.0,AMD,AMD Radeon,32,2048.0,15.6,6051,5154,5513,3970,1.39
HP,Basic,Intel,2,1.6,Intel,Intel UHD,4,256.0,13.3,320,363,346,478,0.72
ASUS,Basic,Intel,2,1.7,AMD,AMD Radeon,4,256.0,13.3,343,323,331,467,0.71
Apple,Student,Intel,6,3.1,AMD,AMD Radeon,16,256.0,13.3,1874,512,1057,779,1.36
Razer,Basic,Intel,2,2.2,AMD,AMD Radeon,4,128.0,15.6,441,667,576,466,1.24
Lenovo,Basic,AMD,4,2.4,Intel,Intel UHD,4,256.0,16.0,976,708,815,248,3.29
HP,Basic,AMD,2,2.0,Intel,Intel UHD,8,256.0,15.6,403,667,561,208,2.7
HP,Student,AMD,6,2.4,AMD,AMD Radeon,8,256.0,13.3,1468,856,1101,593,1.86
Lenovo,Student,Intel,6,2.7,AMD,AMD Radeon,8,512.0,14.0,1601,820,1132,549,2.06
Lenovo,Student,Intel,6,2.3,AMD,AMD Radeon,16,512.0,14.0,1373,736,991,676,1.47
Apple,Gaming,Intel,8,3.6,AMD,AMD Radeon,16,512.0,15.6,2907,10114,7231,2343,3.09
HP,Basic,Intel,2,2.6,AMD,AMD Radeon,4,256.0,17.3,520,396,445,462,0.96
Acer,Basic,Intel,4,2.4,Intel,Intel Iris Xe,8,256.0,16.0,946,299,558,415,1.34
HP,Student,Intel,6,3.0,AMD,AMD Radeon,16,512.0,16.0,1797,1489,1612,843,1.91
HP,Basic,AMD,2,2.1,AMD,AMD Radeon,8,128.0,15.6,425,239,313,510,0.61
ASUS,Basic,AMD,2,2.8,AMD,AMD Radeon,4,512.0,14.0,559,750,673,249,2.7
MSI,Basic,AMD,4,2.3,Intel,Intel UHD,4,128.0,15.6,905,610,728,482,1.51
Acer,Student,Intel,6,3.1,AMD,AMD Radeon,8,256.0,14.0,1865,980,1334,917,1.45
ASUS,Student,AMD,4,3.1,Intel,Intel UHD,16,256.0,13.3,1258,949,1073,625,1.72
Acer,Professional,Intel,8,4.1,NVIDIA,NVIDIA GeForce,16,1024.0,14.0,3281,3588,3465,1394,2.49
Acer,Student,Intel,4,3.1,AMD,AMD Radeon,8,512.0,15.6,1244,696,915,498,1.84
MSI,Basic,Intel,2,2.3,AMD,AMD Radeon,4,128.0,15.6,461,665,583,489,1.19
Dell,Basic,Intel,4,2.7,AMD,AMD Radeon,4,256.0,15.6,1097,652,830,507,1.64
ASUS,Student,Intel,4,2.9,Intel,Intel UHD,8,256.0,15.6,1155,756,916,650,1.41
Dell,Basic,Intel,2,2.0,Intel,Intel UHD,4,256.0,15.6,394,349,367,257,1.43
HP,Basic,AMD,2,1.6,Intel,Intel UHD,4,512.0,13.3,326,257,285,435,0.66
HP,Student,Intel,4,2.1,AMD,AMD Radeon,16,256.0,14.0,839,893,872,450,1.94
Dell,Student,AMD,6,2.0,Intel,Intel UHD,8,512.0,14.0,1209,953,1055,739,1.43
ASUS,Professional,Intel,8,3.2,NVIDIA,NVIDIA RTX,16,512.0,14.0,2575,3375,3055,2408,1.27
Dell,Gaming,AMD,12,4.6,NVIDIA,NVIDIA GeForce,32,512.0,13.3,5505,10570,8544,3387,2.52
Razer,Student,AMD,6,2.1,Intel,Intel UHD,8,256.0,14.0,1265,1471,1388,842,1.65
Lenovo,Student,Intel,4,2.3,Intel,Intel UHD,8,512.0,13.3,936,1098,1034,472,2.19
HP,Gaming,Intel,8,4.9,NVIDIA,NVIDIA RTX,16,512.0,13.3,3948,10995,8176,3810,2.15
ASUS,Student,AMD,4,2.4,AMD,AMD Radeon,8,512.0,15.6,964,1275,1151,726,1.59
Apple,Professional,Intel,8,3.7,NVIDIA,NVIDIA GeForce,16,512.0,15.6,2932,2065,2412,1656,1.46
ASUS,Professional,Intel,8,3.8,NVIDIA,NVIDIA GeForce,16,512.0,15.6,3064,3348,3234,1807,1.79
HP,Student,AMD,4,2.7,AMD,AMD Radeon,16,256.0,15.6,1077,613,798,803,0.99
Lenovo,Professional,AMD,8,3.5,NVIDIA,NVIDIA GeForce,32,1024.0,15.6,2821,3763,3386,1803,1.88
Dell,Gaming,Intel,16,5.0,AMD,AMD Radeon,32,512.0,14.0,8057,14339,11826,3481,3.4
Lenovo,Basic,Intel,2,1.7,Intel,Intel Iris Xe,4,128.0,17.3,336,507,438,368,1.19
Dell,Student,Intel,6,2.8,AMD,AMD Radeon,16,256.0,14.0,1657,719,1094,496,2.21
HP,Basic,Intel,2,2.1,AMD,AMD Radeon,8,128.0,15.6,421,790,642,150,4.28
Dell,Student,Intel,4,3.1,AMD,AMD Radeon,8,256.0,14.0,1224,1054,1122,807,1.39
Lenovo,Student,AMD,6,3.4,Intel,Intel Iris Xe,8,256.0,13.3,2067,1194,1543,585,2.64
Razer,Student,Intel,4,3.3,AMD,AMD Radeon,16,512.0,13.3,1329,1438,1394,918,1.52
Dell,Professional,Intel,6,2.7,AMD,AMD Radeon,16,512.0,16.0,1647,3255,2612,1319,1.98
Lenovo,Professional,Intel,6,3.6,NVIDIA,NVIDIA GeForce,16,512.0,16.0,2159,1339,1667,1418,1.18
Lenovo,Basic,Intel,2,2.6,AMD,AMD Radeon,4,128.0,13.3,527,223,345,353,0.98
Lenovo,Gaming,AMD,12,5.1,AMD,AMD Radeon,16,1024.0,15.6,6069,12838,10130,3111,3.26
Dell,Gaming,Intel,16,3.9,NVIDIA,NVIDIA RTX,32,2048.0,14.0,6187,11069,9116,1650,5.52
Lenovo,Basic,Intel,4,2.7,Intel,Intel Iris Xe,4,128.0,14.0,1087,387,667,150,4.45
ASUS,Student,AMD,6,2.7,AMD,AMD Radeon,16,512.0,17.3,1617,1401,1488,754,1.97
ASUS,Basic,Intel,4,2.1,Intel,Intel UHD,4,128.0,15.6,858,549,673,283,2.38
HP,Student,Intel,4,2.0,AMD,AMD Radeon,8,256.0,16.0,812,863,843,644,1.31
ASUS,Student,AMD,6,2.7,Intel,Intel Iris Xe,8,512.0,15.6,1593,1455,1510,737,2.05
ASUS,Gaming,AMD,8,5.0,NVIDIA,NVIDIA GeForce,16,512.0,15.6,3973,14052,10021,1428,7.02
ASUS,Professional,Intel,6,3.4,AMD,AMD Radeon,32,1024.0,14.0,2036,3217,2745,1994,1.38
Lenovo,Basic,AMD,2,1.8,AMD,AMD Radeon,4,256.0,17.3,351,658,535,536,1.0
HP,Basic,AMD,2,1.9,AMD,AMD Radeon,8,128.0,15.6,386,673,558,263,2.12
HP,Basic,Intel,2,2.1,Intel,Intel Iris Xe,8,512.0,13.3,415,253,318,451,0.71
Dell,Gaming,AMD,12,4.9,NVIDIA,NVIDIA RTX,32,1024.0,14.0,5915,10078,8413,2885,2.92
Dell,Gaming,AMD,16,4.5,NVIDIA,NVIDIA GeForce,16,1024.0,16.0,7209,9972,8867,1153,7.69
Dell,Student,Intel,4,3.4,AMD,AMD Radeon,8,256.0,15.6,1356,728,980,803,1.22
Apple,Professional,Intel,8,3.3,NVIDIA,NVIDIA RTX,32,1024.0,17.3,2628,2218,2382,1784,1.34
Razer,Student,Intel,4,3.3,AMD,AMD Radeon,8,256.0,14.0,1318,1011,1134,643,1.76
HP,Basic,Intel,2,2.6,Intel,Intel Iris Xe,4,128.0,13.3,523,629,587,457,1.28
Lenovo,Student,AMD,4,2.7,AMD,AMD Radeon,8,512.0,17.3,1094,725,873,619,1.41
Lenovo,Professional,Intel,8,3.1,AMD,AMD Radeon,32,1024.0,17.3,2488,2496,2493,1412,1.77
Lenovo,Student,Intel,4,2.2,Intel,Intel Iris Xe,16,512.0,15.6,897,588,712,755,0.94
MSI,Student,AMD,4,2.6,Intel,Intel UHD,8,512.0,13.3,1024,746,857,402,2.13
Lenovo,Gaming,AMD,12,3.3,NVIDIA,NVIDIA GeForce,32,1024.0,13.3,4012,14794,10482,2304,4.55
ASUS,Gaming,Intel,12,4.1,NVIDIA,NVIDIA GeForce,32,1024.0,14.0,4870,13214,9876,3154,3.13
Lenovo,Professional,AMD,8,2.7,NVIDIA,NVIDIA RTX,32,1024.0,14.0,2167,3140,2751,1679,1.64
Acer,Gaming,Intel,8,4.7,AMD,AMD Radeon,16,1024.0,13.3,3736,10550,7824,3347,2.34
Dell,Student,Intel,6,2.4,Intel,Intel UHD,16,256.0,15.6,1430,1260,1328,497,2.67
Apple,Basic,AMD,2,2.6,AMD,AMD Radeon,4,256.0,15.6,528,542,536,376,1.43
Acer,Gaming,AMD,12,5.3,NVIDIA,NVIDIA RTX,32,2048.0,14.0,6348,7624,7114,1742,4.08
Dell,Professional,Intel,8,4.0,NVIDIA,NVIDIA RTX,32,512.0,13.3,3173,3237,3212,2047,1.57
ASUS,Basic,Intel,2,1.9,Intel,Intel UHD,4,256.0,15.6,372,289,322,355,0.91
Dell,Gaming,Intel,12,5.2,NVIDIA,NVIDIA RTX,32,2048.0,15.6,6291,8533,7636,3936,1.94
Acer,Gaming,Intel,12,3.9,NVIDIA,NVIDIA RTX,16,1024.0,14.0,4706,10852,8394,1790,4.69
HP,Student,Intel,4,3.5,AMD,AMD Radeon,16,512.0,15.6,1399,1437,1422,570,2.49
Apple,Professional,Intel,8,2.6,AMD,AMD Radeon,32,512.0,17.3,2062,3131,2704,1461,1.85
Lenovo,Professional,Intel,8,3.3,AMD,AMD Radeon,32,512.0,14.0,2608,3321,3036,1340,2.27
HP,Gaming,AMD,16,3.6,NVIDIA,NVIDIA GeForce,16,512.0,13.3,5700,11751,9331,2751,3.39
Lenovo,Gaming,AMD,12,3.7,NVIDIA,NVIDIA GeForce,16,2048.0,13.3,4462,9680,7593,1625,4.67
Dell,Gaming,Intel,12,4.7,NVIDIA,NVIDIA GeForce,16,512.0,14.0,5582,14741,11077,3447,3.21
Lenovo,Student,AMD,6,2.8,AMD,AMD Radeon,16,256.0,17.3,1678,1105,1334,611,2.18
Acer,Basic,AMD,4,2.3,AMD,AMD Radeon,4,256.0,13.3,911,660,760,358,2.12
Dell,Student,Intel,6,2.1,Intel,Intel UHD,8,512.0,16.0,1263,652,896,532,1.68
Dell,Student,AMD,4,2.4,AMD,AMD Radeon,8,512.0,13.3,963,1270,1147,668,1.72
ASUS,Student,AMD,4,2.3,AMD,AMD Radeon,8,256.0,15.6,919,523,681,463,1.47
Lenovo,Basic,AMD,4,2.2,Intel,Intel Iris Xe,4,256.0,16.0,879,641,736,354,2.08
Dell,Gaming,Intel,12,3.6,AMD,AMD Radeon,16,1024.0,16.0,4285,14649,10503,1581,6.64
Dell,Professional,Intel,6,2.6,NVIDIA,NVIDIA GeForce,16,1024.0,15.6,1560,1772,1687,1636,1.03
HP,Gaming,AMD,16,4.2,AMD,AMD Radeon,32,1024.0,14.0,6711,13687,10897,3535,3.08
Razer,Gaming,Intel,12,3.7,NVIDIA,NVIDIA RTX,32,512.0,14.0,4433,14389,10407,1892,5.5
Lenovo,Professional,AMD,6,4.0,NVIDIA,NVIDIA RTX,16,1024.0,15.6,2392,1984,2147,2011,1.07
Dell,Gaming,Intel,8,4.0,NVIDIA,NVIDIA GeForce,16,2048.0,15.6,3166,14468,9947,2034,4.89
HP,Gaming,AMD,8,4.0,NVIDIA,NVIDIA GeForce,16,2048.0,13.3,3182,12213,8601,3876,2.22
MSI,Professional,Intel,6,3.0,NVIDIA,NVIDIA RTX,16,1024.0,15.6,1786,1014,1323,1963,0.67
HP,Basic,Intel,2,2.3,AMD,AMD Radeon,4,128.0,15.6,463,698,604,311,1.94
Apple,Student,AMD,6,2.1,AMD,AMD Radeon,8,512.0,16.0,1262,728,942,693,1.36
MSI,Professional,AMD,8,3.9,NVIDIA,NVIDIA GeForce,16,512.0,16.0,3118,2431,2706,2401,1.13
HP,Basic,Intel,4,2.0,AMD,AMD Radeon,8,256.0,15.6,818,722,760,335,2.27
Lenovo,Gaming,Intel,8,5.0,NVIDIA,NVIDIA GeForce,32,2048.0,13.3,3993,12848,9306,1334,6.98
Acer,Professional,Intel,6,3.6,AMD,AMD Radeon,16,512.0,15.6,2158,3826,3159,960,3.29
ASUS,Student,AMD,4,3.0,Intel,Intel UHD,8,256.0,13.3,1187,1432,1334,753,1.77
Apple,Basic,Intel,2,2.8,Intel,Intel UHD,4,256.0,13.3,556,692,637,404,1.58
Razer,Gaming,AMD,12,3.2,AMD,AMD Radeon,32,1024.0,17.3,3837,12756,9188,1409,6.52
Lenovo,Student,AMD,6,2.8,AMD,AMD Radeon,8,512.0,14.0,1667,1471,1550,823,1.88
Lenovo,Student,Intel,4,2.2,AMD,AMD Radeon,8,512.0,17.3,886,1442,1220,847,1.44
Lenovo,Professional,Intel,6,3.3,NVIDIA,NVIDIA GeForce,16,1024.0,14.0,1963,3901,3126,1627,1.92
Lenovo,Basic,AMD,4,1.8,Intel,Intel Iris Xe,4,128.0,15.6,715,391,521,379,1.37
ASUS,Student,Intel,6,2.2,AMD,AMD Radeon,8,512.0,14.0,1319,1270,1290,850,1.52
Acer,Gaming,Intel,16,3.8,NVIDIA,NVIDIA RTX,32,512.0,15.6,6124,12439,9913,2759,3.59
Lenovo,Basic,Intel,4,2.3,Intel,Intel UHD,4,128.0,13.3,919,570,710,374,1.9
Acer,Gaming,Intel,8,3.3,NVIDIA,NVIDIA RTX,32,2048.0,16.0,2633,11851,8164,3448,2.37
Apple,Student,AMD,6,3.1,Intel,Intel Iris Xe,16,512.0,15.6,1888,1388,1588,669,2.37
ASUS,Gaming,Intel,16,4.0,NVIDIA,NVIDIA RTX,16,512.0,15.6,6394,14093,11013,3714,2.97
HP,Student,Intel,4,2.5,AMD,AMD Radeon,8,512.0,14.0,1012,1159,1100,452,2.43
Lenovo,Student,AMD,6,3.5,AMD,AMD Radeon,8,512.0,15.6,2074,1168,1530,625,2.45
HP,Basic,AMD,2,2.0,Intel,Intel UHD,4,256.0,15.6,397,704,581,285,2.04
Acer,Student,AMD,6,3.0,Intel,Intel UHD,8,256.0,15.6,1800,1228,1457,824,1.77
HP,Professional,AMD,8,2.7,NVIDIA,NVIDIA GeForce,16,1024.0,17.3,2130,2502,2353,1485,1.58
Dell,Professional,Intel,8,4.0,NVIDIA,NVIDIA GeForce,16,512.0,15.6,3199,1639,2263,939,2.41
Lenovo,Basic,Intel,2,1.7,Intel,Intel Iris Xe,8,128.0,15.6,330,769,593,352,1.68
ASUS,Student,Intel,4,3.0,AMD,AMD Radeon,16,256.0,14.0,1209,756,937,476,1.97
ASUS,Student,Intel,6,2.1,Intel,Intel UHD,8,512.0,14.0,1262,1384,1335,896,1.49
HP,Professional,Intel,6,2.5,NVIDIA,NVIDIA RTX,16,512.0,15.6,1513,2993,2401,1124,2.14
Lenovo,Professional,AMD,8,3.2,NVIDIA,NVIDIA GeForce,32,512.0,17.3,2594,3021,2850,2115,1.35
HP,Gaming,AMD,8,3.9,AMD,AMD Radeon,32,512.0,14.0,3127,8485,6342,1592,3.98
Dell,Professional,Intel,6,2.5,NVIDIA,NVIDIA GeForce,32,1024.0,15.6,1521,2751,2259,1124,2.01
ASUS,Student,Intel,6,3.4,AMD,AMD Radeon,16,512.0,14.0,2064,1395,1662,569,2.92
Apple,Professional,Intel,8,4.5,NVIDIA,NVIDIA RTX,16,1024.0,13.3,3592,2096,2694,1406,1.92
HP,Professional,Intel,8,4.2,AMD,AMD Radeon,16,512.0,15.6,3351,3212,3268,1914,1.71
HP,Professional,Intel,6,2.9,NVIDIA,NVIDIA GeForce,16,512.0,13.3,1744,2233,2037,2187,0.93
Dell,Student,Intel,4,3.0,Intel,Intel UHD,8,512.0,15.6,1199,1341,1284,823,1.56
Dell,Student,AMD,4,3.2,Intel,Intel Iris Xe,8,256.0,15.6,1278,1318,1302,409,3.18
Lenovo,Student,AMD,4,3.3,AMD,AMD Radeon,16,512.0,13.3,1335,863,1052,477,2.21
Acer,Basic,Intel,2,2.5,Intel,Intel UHD,8,128.0,13.3,491,471,479,237,2.02
ASUS,Student,AMD,6,2.4,Intel,Intel UHD,16,256.0,15.6,1433,1261,1329,436,3.05
ASUS,Gaming,Intel,16,5.0,AMD,AMD Radeon,32,2048.0,15.6,7932,12488,10665,1047,10.19
HP,Gaming,Intel,12,5.3,NVIDIA,NVIDIA RTX,16,2048.0,15.6,6307,9026,7939,2811,2.82
Lenovo,Basic,Intel,2,1.6,AMD,AMD Radeon,4,256.0,13.3,329,706,555,481,1.15
Lenovo,Student,AMD,4,2.7,Intel,Intel Iris Xe,8,256.0,13.3,1065,548,755,654,1.15
HP,Gaming,Intel,8,4.6,NVIDIA,NVIDIA RTX,16,512.0,15.6,3643,13352,9469,2027,4.67
Acer,Student,Intel,4,2.3,Intel,Intel UHD,16,512.0,16.0,925,1388,1203,766,1.57
ASUS,Student,AMD,4,3.1,AMD,AMD Radeon,8,512.0,13.3,1229,1358,1306,692,1.89
Dell,Basic,Intel,2,1.7,AMD,AMD Radeon,4,128.0,13.3,335,344,340,374,0.91
Dell,Gaming,Intel,16,3.9,NVIDIA,NVIDIA RTX,16,1024.0,15.6,6239,5457,5770,3799,1.52
Lenovo,Gaming,Intel,12,5.3,NVIDIA,NVIDIA RTX,16,512.0,17.3,6399,13302,10541,2749,3.83
Dell,Professional,Intel,6,3.4,NVIDIA,NVIDIA RTX,16,1024.0,15.6,2031,2765,2471,1810,1.37
Dell,Gaming,Intel,8,4.1,NVIDIA,NVIDIA GeForce,16,1024.0,16.0,3253,8382,6330,4079,1.55
ASUS,Basic,Intel,2,2.7,AMD,AMD Radeon,4,128.0,15.6,545,380,446,361,1.24
HP,Student,AMD,4,3.4,Intel,Intel Iris Xe,8,512.0,15.6,1344,595,895,921,0.97
Lenovo,Basic,Intel,4,2.8,AMD,AMD Radeon,4,256.0,13.3,1112,710,870,256,3.4
MSI,Student,Intel,6,2.8,AMD,AMD Radeon,8,512.0,17.3,1710,773,1148,435,2.64
HP,Gaming,Intel,16,3.7,AMD,AMD Radeon,32,1024.0,17.3,5847,6222,6072,2941,2.06
Lenovo,Gaming,Intel,8,5.4,NVIDIA,NVIDIA GeForce,16,1024.0,13.3,4326,7843,6436,3128,2.06
Lenovo,Professional,AMD,6,4.2,NVIDIA,NVIDIA GeForce,16,1024.0,15.6,2539,1925,2171,2435,0.89
ASUS,Student,Intel,6,3.0,Intel,Intel UHD,8,512.0,14.0,1795,908,1262,880,1.43
HP,Gaming,Intel,8,5.0,NVIDIA,NVIDIA GeForce,32,512.0,14.0,3972,8633,6769,3872,1.75
Acer,Professional,Intel,8,3.8,NVIDIA,NVIDIA RTX,16,1024.0,14.0,3022,3112,3076,2039,1.51
HP,Gaming,Intel,12,3.1,NVIDIA,NVIDIA RTX,32,512.0,14.0,3675,9762,7327,3786,1.94
Apple,Basic,AMD,2,2.6,Intel,Intel UHD,4,256.0,14.0,515,484,497,377,1.32
Acer,Student,Intel,4,3.4,Intel,Intel Iris Xe,16,512.0,16.0,1376,739,994,803,1.24
Dell,Professional,Intel,6,3.9,AMD,AMD Radeon,16,512.0,15.6,2336,3668,3135,1088,2.88
HP,Professional,Intel,6,2.9,NVIDIA,NVIDIA GeForce,16,1024.0,16.0,1742,2323,2090,822,2.54
ASUS,Professional,AMD,6,3.4,NVIDIA,NVIDIA GeForce,16,512.0,15.6,2019,3463,2885,1451,1.99
Dell,Student,Intel,6,2.2,AMD,AMD Radeon,8,256.0,15.6,1322,726,964,769,1.25
Dell,Gaming,AMD,8,4.0,AMD,AMD Radeon,16,512.0,15.6,3224,5516,4599,4036,1.14
Apple,Professional,Intel,8,2.5,AMD,AMD Radeon,16,1024.0,16.0,2037,3864,3133,2310,1.36
Dell,Gaming,Intel,16,3.4,NVIDIA,NVIDIA RTX,16,1024.0,15.6,5509,8192,7119,2318,3.07
HP,Professional,Intel,8,3.7,NVIDIA,NVIDIA GeForce,16,1024.0,15.6,2969,3319,3179,2251,1.41
Dell,Student,AMD,4,3.3,AMD,AMD Radeon,16,256.0,16.0,1319,792,1003,478,2.1
Lenovo,Basic,AMD,4,2.1,Intel,Intel UHD,4,128.0,15.6,839,427,592,374,1.58
HP,Basic,Intel,4,2.3,Intel,Intel Iris Xe,4,256.0,17.3,916,778,833,256,3.25
Acer,Basic,AMD,2,2.1,AMD,AMD Radeon,4,256.0,17.3,410,329,362,540,0.67
Lenovo,Basic,Intel,2,2.6,Intel,Intel UHD,4,128.0,13.3,529,387,444,328,1.35
Lenovo,Student,AMD,6,3.2,AMD,AMD Radeon,16,256.0,15.6,1934,931,1332,513,2.6
MSI,Student,AMD,4,3.1,Intel,Intel UHD,8,512.0,14.0,1240,1416,1346,396,3.4
Lenovo,Basic,Intel,4,2.0,Intel,Intel UHD,4,256.0,15.6,794,399,557,308,1.81
Lenovo,Gaming,Intel,12,3.3,NVIDIA,NVIDIA GeForce,32,1024.0,17.3,3944,11558,8513,1455,5.85
Lenovo,Gaming,Intel,12,5.5,NVIDIA,NVIDIA RTX,16,512.0,16.0,6545,8624,7792,2075,3.76
Lenovo,Professional,Intel,6,2.8,AMD,AMD Radeon,16,512.0,14.0,1655,3621,2835,2177,1.3
Apple,Professional,AMD,12,3.0,AMD,AMD Radeon,16,1024.0,13.3,3565,3578,3573,1493,2.39
Dell,Professional,AMD,6,2.7,NVIDIA,NVIDIA GeForce,32,512.0,15.6,1612,3583,2794,2174,1.29
Acer,Professional,AMD,8,3.0,AMD,AMD Radeon,16,512.0,13.3,2438,1981,2164,1496,1.45
ASUS,Student,Intel,6,2.2,AMD,AMD Radeon,8,512.0,15.6,1344,808,1023,801,1.28
Acer,Student,AMD,6,2.8,Intel,Intel Iris Xe,8,256.0,17.3,1664,1362,1483,513,2.89
HP,Gaming,Intel,12,4.5,AMD,AMD Radeon,32,2048.0,14.0,5433,7355,6586,1753,3.76
MSI,Professional,AMD,8,3.2,AMD,AMD Radeon,16,512.0,17.3,2572,3780,3297,1059,3.11
Dell,Student,Intel,4,2.5,AMD,AMD Radeon,8,512.0,14.0,989,861,912,640,1.42
Razer,Basic,AMD,4,2.4,AMD,AMD Radeon,8,128.0,13.3,943,450,647,359,1.8
Lenovo,Student,Intel,4,2.9,AMD,AMD Radeon,16,256.0,14.0,1145,1471,1341,856,1.57
Dell,Student,Intel,4,2.2,Intel,Intel UHD,8,256.0,14.0,873,925,905,680,1.33
Dell,Student,Intel,4,3.5,Intel,Intel UHD,8,256.0,15.6,1391,671,959,642,1.49
ASUS,Professional,Intel,8,3.6,AMD,AMD Radeon,32,512.0,15.6,2890,1202,1877,2017,0.93
HP,Basic,Intel,4,2.0,AMD,AMD Radeon,8,128.0,14.0,805,415,571,394,1.45
Apple,Gaming,Intel,12,5.4,AMD,AMD Radeon,16,1024.0,13.3,6427,14337,11173,1316,8.49
Lenovo,Student,AMD,6,2.5,Intel,Intel UHD,16,256.0,14.0,1501,1064,1239,453,2.74
Acer,Student,Intel,4,3.1,Intel,Intel UHD,16,512.0,15.6,1248,502,800,709,1.13
ASUS,Gaming,Intel,8,3.2,NVIDIA,NVIDIA RTX,32,512.0,16.0,2537,5077,4061,2329,1.74
Apple,Gaming,AMD,8,3.6,NVIDIA,NVIDIA GeForce,16,512.0,17.3,2842,12126,8413,2600,3.24
Lenovo,Student,Intel,6,3.0,AMD,AMD Radeon,8,512.0,14.0,1787,1043,1341,651,2.06
Dell,Basic,AMD,2,1.8,AMD,AMD Radeon,4,256.0,15.6,361,667,545,440,1.24
Lenovo,Basic,Intel,2,2.4,Intel,Intel Iris Xe,4,512.0,14.0,480,705,615,307,2.0
Lenovo,Student,Intel,4,2.1,AMD,AMD Radeon,8,256.0,15.6,854,847,850,628,1.35
Acer,Basic,Intel,4,1.9,AMD,AMD Radeon,4,512.0,13.3,760,379,531,274,1.94
ASUS,Professional,Intel,8,3.7,AMD,AMD Radeon,16,512.0,15.6,2943,1270,1939,2046,0.95
ASUS,Gaming,Intel,8,4.3,AMD,AMD Radeon,16,512.0,15.6,3454,14002,9783,2418,4.05
Acer,Professional,Intel,8,3.5,NVIDIA,NVIDIA GeForce,16,1024.0,14.0,2819,2275,2492,1312,1.9
ASUS,Gaming,AMD,8,4.9,NVIDIA,NVIDIA GeForce,32,2048.0,16.0,3917,12686,9178,2893,3.17
MSI,Gaming,Intel,16,4.7,AMD,AMD Radeon,16,1024.0,17.3,7562,12025,10240,1184,8.65
HP,Student,Intel,4,2.1,Intel,Intel UHD,8,256.0,13.3,859,1182,1053,776,1.36
Apple,Basic,Intel,4,1.7,Intel,Intel Iris Xe,4,128.0,15.6,675,361,487,390,1.25
Acer,Gaming,Intel,12,4.3,AMD,AMD Radeon,32,512.0,17.3,5147,14703,10881,1283,8.48
Apple,Basic,AMD,4,2.1,AMD,AMD Radeon,4,256.0,15.6,860,551,675,245,2.76
MSI,Student,AMD,6,3.4,Intel,Intel Iris Xe,16,256.0,13.3,2017,696,1224,691,1.77
Acer,Student,AMD,4,2.2,Intel,Intel Iris Xe,16,512.0,16.0,873,1168,1050,546,1.92
Dell,Basic,Intel,2,1.7,Intel,Intel Iris Xe,8,128.0,14.0,336,792,610,317,1.92
Lenovo,Professional,Intel,8,2.6,NVIDIA,NVIDIA GeForce,32,1024.0,15.6,2119,3407,2892,2371,1.22
HP,Professional,Intel,12,3.0,NVIDIA,NVIDIA GeForce,16,512.0,15.6,3659,2427,2920,1317,2.22
HP,Basic,Intel,4,2.1,AMD,AMD Radeon,4,512.0,15.6,844,511,644,274,2.35
Lenovo,Basic,Intel,2,1.7,Intel,Intel Iris Xe,4,256.0,15.6,336,235,276,347,0.8
Dell,Basic,Intel,4,1.7,AMD,AMD Radeon,4,256.0,15.6,661,772,727,457,1.59
Lenovo,Basic,Intel,4,2.0,Intel,Intel UHD,8,128.0,13.3,790,704,738,389,1.9
ASUS,Professional,AMD,8,2.5,NVIDIA,NVIDIA RTX,16,1024.0,16.0,2004,3237,2744,2160,1.27
Lenovo,Gaming,Intel,16,5.1,AMD,AMD Radeon,32,512.0,13.3,8112,13883,11575,2542,4.55
Lenovo,Basic,Intel,2,1.9,Intel,Intel UHD,4,256.0,15.6,383,438,416,461,0.9
Acer,Student,AMD,6,2.3,Intel,Intel UHD,8,256.0,14.0,1399,560,896,626,1.43
HP,Gaming,AMD,16,5.4,NVIDIA,NVIDIA GeForce,32,512.0,14.0,8673,11935,10630,1981,5.37
Razer,Student,AMD,6,3.3,AMD,AMD Radeon,8,256.0,16.0,1988,783,1265,375,3.37
Lenovo,Basic,AMD,2,2.4,Intel,Intel Iris Xe,4,128.0,17.3,487,390,429,150,2.86
Lenovo,Student,AMD,6,2.1,AMD,AMD Radeon,16,512.0,14.0,1241,972,1080,888,1.22
Acer,Basic,Intel,4,1.9,AMD,AMD Radeon,4,256.0,14.0,759,651,694,442,1.57
HP,Gaming,AMD,12,5.4,NVIDIA,NVIDIA GeForce,16,512.0,14.0,6538,9609,8381,1059,7.91
Acer,Student,Intel,4,3.3,Intel,Intel UHD,8,256.0,17.3,1306,1358,1337,604,2.21
Dell,Basic,AMD,2,1.7,Intel,Intel Iris Xe,8,128.0,13.3,338,574,480,403,1.19
ASUS,Gaming,Intel,8,3.4,AMD,AMD Radeon,16,1024.0,15.6,2757,7723,5737,2243,2.56
ASUS,Gaming,Intel,8,5.3,AMD,AMD Radeon,32,1024.0,16.0,4246,6102,5360,1741,3.08
ASUS,Professional,Intel,8,2.8,NVIDIA,NVIDIA GeForce,32,512.0,15.6,2207,2878,2610,1063,2.46
Razer,Gaming,AMD,8,4.4,NVIDIA,NVIDIA RTX,32,1024.0,14.0,3533,14037,9836,1503,6.54
Dell,Professional,AMD,6,3.0,AMD,AMD Radeon,16,512.0,15.6,1791,1692,1731,1202,1.44
Dell,Basic,Intel,4,2.5,Intel,Intel Iris Xe,4,128.0,14.0,982,705,816,397,2.06
Acer,Student,Intel,6,2.8,Intel,Intel UHD,16,512.0,15.6,1691,1178,1383,498,2.78
Apple,Student,AMD,6,3.3,Intel,Intel Iris Xe,16,512.0,13.3,1961,1171,1487,721,2.06
HP,Student,Intel,6,2.4,AMD,AMD Radeon,8,512.0,14.0,1428,1409,1417,801,1.77
Acer,Basic,Intel,2,2.6,AMD,AMD Radeon,4,512.0,14.0,527,747,659,299,2.2
HP,Basic,Intel,2,2.4,Intel,Intel UHD,8,128.0,15.6,486,354,407,360,1.13
Dell,Professional,AMD,8,3.0,NVIDIA,NVIDIA GeForce,32,512.0,15.6,2417,3397,3005,898,3.35
ASUS,Student,AMD,4,3.2,Intel,Intel Iris Xe,8,256.0,15.6,1281,1373,1336,515,2.59
MSI,Basic,Intel,2,2.6,AMD,AMD Radeon,4,128.0,13.3,513,770,667,477,1.4
Lenovo,Student,AMD,6,2.4,Intel,Intel UHD,8,256.0,14.0,1454,1415,1431,545,2.63
HP,Professional,Intel,6,2.5,AMD,AMD Radeon,16,512.0,14.0,1504,2418,2053,1880,1.09
Dell,Student,Intel,6,3.2,AMD,AMD Radeon,16,512.0,15.6,1898,1063,1397,662,2.11
ASUS,Basic,AMD,4,1.9,AMD,AMD Radeon,8,128.0,14.0,745,398,537,407,1.32
Lenovo,Basic,Intel,4,2.2,AMD,AMD Radeon,4,128.0,13.3,886,564,693,465,1.49
MSI,Basic,Intel,4,2.5,Intel,Intel Iris Xe,4,256.0,13.3,998,390,633,334,1.9
Lenovo,Professional,Intel,6,3.1,NVIDIA,NVIDIA RTX,16,512.0,14.0,1887,3364,2773,1688,1.64
Razer,Professional,Intel,6,2.8,NVIDIA,NVIDIA GeForce,16,512.0,15.6,1651,1263,1418,1006,1.41
HP,Student,Intel,6,2.7,AMD,AMD Radeon,16,512.0,14.0,1607,1073,1286,669,1.92
HP,Professional,Intel,8,4.1,NVIDIA,NVIDIA GeForce,32,512.0,15.6,3279,3663,3509,2393,1.47
Lenovo,Student,AMD,6,2.4,Intel,Intel UHD,8,512.0,17.3,1439,1449,1445,894,1.62
Acer,Student,Intel,4,3.3,Intel,Intel Iris Xe,8,256.0,14.0,1300,797,998,701,1.42
ASUS,Professional,Intel,6,2.7,NVIDIA,NVIDIA GeForce,16,512.0,17.3,1640,2019,1868,1998,0.93
ASUS,Gaming,Intel,12,3.7,NVIDIA,NVIDIA RTX,32,1024.0,15.6,4434,11230,8512,3727,2.28
Dell,Gaming,Intel,8,4.3,AMD,AMD Radeon,32,2048.0,15.6,3448,7622,5952,1678,3.55
Acer,Professional,Intel,8,3.2,NVIDIA,NVIDIA RTX,16,512.0,15.6,2569,3005,2831,1240,2.28
Lenovo,Professional,Intel,12,2.9,AMD,AMD Radeon,32,1024.0,16.0,3458,1578,2330,1344,1.73
HP,Professional,Intel,6,3.4,NVIDIA,NVIDIA RTX,32,1024.0,13.3,2048,2932,2578,1947,1.32
ASUS,Student,Intel,4,3.2,AMD,AMD Radeon,8,512.0,15.6,1282,1422,1366,646,2.11
HP,Student,Intel,6,3.2,AMD,AMD Radeon,16,512.0,16.0,1912,939,1328,878,1.51
Apple,Student,AMD,6,2.6,Intel,Intel Iris Xe,8,512.0,16.0,1539,1339,1419,727,1.95
Lenovo,Professional,Intel,8,4.1,NVIDIA,NVIDIA GeForce,16,1024.0,13.3,3263,2867,3025,1954,1.55
Dell,Professional,Intel,12,3.2,NVIDIA,NVIDIA RTX,32,512.0,14.0,3881,2425,3007,1470,2.05
Acer,Professional,Intel,6,3.5,AMD,AMD Radeon,16,512.0,16.0,2076,3465,2909,2440,1.19
Dell,Gaming,Intel,12,3.4,AMD,AMD Radeon,16,512.0,14.0,4095,10485,7929,1878,4.22
HP,Professional,Intel,8,4.3,NVIDIA,NVIDIA GeForce,32,512.0,17.3,3458,2131,2662,1063,2.5
Lenovo,Gaming,Intel,12,4.5,AMD,AMD Radeon,16,2048.0,13.3,5420,7701,6788,2946,2.3
Acer,Student,Intel,6,2.1,AMD,AMD Radeon,8,512.0,16.0,1250,1239,1244,413,3.01
Lenovo,Student,Intel,4,3.3,AMD,AMD Radeon,16,512.0,15.6,1303,1321,1314,650,2.02
HP,Student,Intel,6,2.9,AMD,AMD Radeon,8,256.0,13.3,1741,1170,1398,638,2.19
Lenovo,Gaming,Intel,12,4.3,NVIDIA,NVIDIA GeForce,16,1024.0,13.3,5210,13860,10400,3577,2.91
ASUS,Student,Intel,4,2.7,Intel,Intel UHD,16,256.0,14.0,1079,828,928,736,1.26
Acer,Basic,AMD,4,2.5,Intel,Intel Iris Xe,4,128.0,15.6,1020,410,654,241,2.71
Dell,Basic,Intel,2,1.9,AMD,AMD Radeon,4,128.0,17.3,375,752,601,321,1.87
ASUS,Student,AMD,6,2.1,AMD,AMD Radeon,16,256.0,14.0,1265,1204,1228,640,1.92
HP,Student,Intel,4,3.3,AMD,AMD Radeon,8,512.0,14.0,1327,1004,1133,630,1.8
Lenovo,Student,Intel,4,3.2,Intel,Intel UHD,8,256.0,14.0,1277,664,909,515,1.77
HP,Professional,AMD,8,4.2,NVIDIA,NVIDIA RTX,32,512.0,13.3,3392,2433,2816,2199,1.28
HP,Professional,AMD,12,3.0,NVIDIA,NVIDIA GeForce,16,512.0,15.6,3571,3684,3638,1638,2.22
Dell,Student,AMD,4,3.0,AMD,AMD Radeon,8,512.0,13.3,1208,1096,1141,622,1.83
ASUS,Student,Intel,4,2.2,Intel,Intel Iris Xe,16,512.0,13.3,884,1375,1179,881,1.34
MSI,Professional,AMD,6,4.4,NVIDIA,NVIDIA RTX,16,1024.0,15.6,2619,2820,2740,1931,1.42
Dell,Gaming,Intel,8,5.4,AMD,AMD Radeon,16,512.0,15.6,4296,9909,7664,2202,3.48
ASUS,Basic,AMD,2,2.5,Intel,Intel Iris Xe,8,128.0,15.6,507,518,513,471,1.09
Dell,Professional,Intel,8,2.8,AMD,AMD Radeon,32,512.0,17.3,2205,1789,1955,1479,1.32
Acer,Student,Intel,6,3.0,Intel,Intel UHD,8,512.0,14.0,1819,1068,1369,651,2.1
Lenovo,Professional,Intel,12,4.4,NVIDIA,NVIDIA RTX,32,512.0,17.3,5337,3224,4069,1256,3.24
ASUS,Gaming,AMD,12,5.4,NVIDIA,NVIDIA RTX,16,1024.0,16.0,6438,9277,8142,1158,7.03
Dell,Professional,Intel,12,3.7,AMD,AMD Radeon,16,512.0,14.0,4494,2836,3499,1729,2.02
Acer,Basic,Intel,2,2.1,Intel,Intel UHD,4,128.0,15.6,411,771,627,571,1.1
Lenovo,Basic,Intel,4,1.7,AMD,AMD Radeon,4,256.0,14.0,682,524,587,558,1.05
HP,Professional,Intel,6,3.0,AMD,AMD Radeon,16,512.0,16.0,1806,2262,2079,948,2.19
HP,Basic,Intel,4,2.4,Intel,Intel Iris Xe,8,256.0,15.6,957,231,522,553,0.94
Dell,Professional,Intel,12,3.2,NVIDIA,NVIDIA RTX,16,512.0,14.0,3858,2204,2865,1832,1.56
ASUS,Gaming,Intel,12,3.6,NVIDIA,NVIDIA GeForce,16,1024.0,13.3,4308,7876,6449,1658,3.89
Razer,Student,AMD,6,2.8,Intel,Intel UHD,8,512.0,15.6,1692,692,1092,602,1.81
Apple,Basic,Intel,4,2.6,Intel,Intel Iris Xe,4,128.0,15.6,1031,523,727,366,1.99
Dell,Professional,Intel,12,2.8,AMD,AMD Radeon,16,512.0,15.6,3333,3881,3662,1948,1.88
Lenovo,Basic,AMD,2,2.5,Intel,Intel Iris Xe,4,256.0,15.6,509,664,602,514,1.17
ASUS,Basic,Intel,2,1.6,AMD,AMD Radeon,4,128.0,14.0,326,654,523,322,1.62
Dell,Basic,AMD,4,2.4,Intel,Intel Iris Xe,4,512.0,15.6,973,308,574,499,1.15
HP,Student,AMD,6,3.5,AMD,AMD Radeon,16,256.0,15.6,2078,1010,1437,391,3.68
ASUS,Student,AMD,4,2.7,Intel,Intel Iris Xe,8,256.0,14.0,1096,996,1036,580,1.79
Apple,Professional,Intel,8,3.8,AMD,AMD Radeon,16,512.0,15.6,3066,2761,2883,2366,1.22
ASUS,Professional,Intel,12,3.1,AMD,AMD Radeon,32,1024.0,15.6,3711,2270,2846,1770,1.61
HP,Professional,AMD,6,2.7,NVIDIA,NVIDIA GeForce,32,512.0,15.6,1640,3693,2872,2007,1.43
Apple,Professional,Intel,12,4.3,AMD,AMD Radeon,32,512.0,14.0,5218,2513,3595,981,3.66
HP,Basic,Intel,4,2.0,AMD,AMD Radeon,8,128.0,15.6,805,538,645,201,3.21
Dell,Gaming,Intel,12,3.5,AMD,AMD Radeon,16,512.0,15.6,4244,6761,5754,3205,1.8
Acer,Gaming,Intel,8,4.2,NVIDIA,NVIDIA GeForce,16,1024.0,16.0,3384,8994,6750,2009,3.36
Dell,Gaming,Intel,16,4.6,AMD,AMD Radeon,16,1024.0,13.3,7380,12279,10320,1476,6.99
HP,Gaming,Intel,8,4.5,NVIDIA,NVIDIA RTX,16,512.0,13.3,3596,9166,6938,2082,3.33
ASUS,Student,Intel,6,2.5,Intel,Intel Iris Xe,8,256.0,16.0,1507,1335,1403,747,1.88
HP,Gaming,Intel,12,3.7,AMD,AMD Radeon,32,1024.0,16.0,4441,6088,5429,3776,1.44
Acer,Gaming,Intel,16,5.1,AMD,AMD Radeon,32,512.0,15.6,8144,11544,10184,3022,3.37
Lenovo,Professional,Intel,6,2.9,AMD,AMD Radeon,16,512.0,15.6,1766,3802,2987,1114,2.68
Apple,Student,Intel,4,2.7,AMD,AMD Radeon,8,512.0,16.0,1085,1123,1108,725,1.53
Acer,Gaming,Intel,16,4.4,NVIDIA,NVIDIA GeForce,16,2048.0,14.0,6988,12197,10113,1353,7.47
Apple,Student,Intel,4,3.0,Intel,Intel UHD,8,512.0,15.6,1185,1042,1099,722,1.52
HP,Basic,Intel,2,1.7,AMD,AMD Radeon,4,256.0,13.3,331,678,539,355,1.52
Lenovo,Student,Intel,4,2.1,Intel,Intel UHD,16,512.0,13.3,850,1256,1093,517,2.11
MSI,Basic,Intel,2,2.2,Intel,Intel UHD,4,128.0,15.6,445,275,343,236,1.45
Lenovo,Student,Intel,6,3.4,Intel,Intel Iris Xe,8,256.0,16.0,2043,766,1277,854,1.5
HP,Gaming,AMD,12,3.7,AMD,AMD Radeon,16,512.0,15.6,4389,6309,5541,3454,1.6
Apple,Student,AMD,4,3.0,AMD,AMD Radeon,16,512.0,15.6,1199,739,923,425,2.17
HP,Basic,Intel,2,2.6,AMD,AMD Radeon,4,256.0,14.0,521,335,409,228,1.79
ASUS,Professional,Intel,12,3.7,AMD,AMD Radeon,32,512.0,14.0,4468,2497,3285,1564,2.1
Dell,Basic,Intel,2,2.2,AMD,AMD Radeon,4,128.0,14.0,441,534,497,440,1.13
Dell,Basic,AMD,2,2.5,AMD,AMD Radeon,8,128.0,15.6,499,436,461,337,1.37
HP,Student,Intel,6,2.3,AMD,AMD Radeon,8,512.0,17.3,1390,1329,1354,663,2.04
Acer,Gaming,Intel,12,4.7,NVIDIA,NVIDIA RTX,32,512.0,15.6,5638,10076,8300,1639,5.06
Dell,Gaming,Intel,12,4.4,AMD,AMD Radeon,16,1024.0,15.6,5324,11480,9017,2927,3.08
Razer,Professional,Intel,12,2.5,AMD,AMD Radeon,16,512.0,14.0,3046,1237,1961,1486,1.32
ASUS,Basic,Intel,4,2.1,Intel,Intel Iris Xe,4,256.0,15.6,853,433,601,316,1.9
MSI,Gaming,Intel,8,4.7,NVIDIA,NVIDIA RTX,32,2048.0,15.6,3752,11179,8208,1584,5.18
HP,Professional,Intel,6,4.1,NVIDIA,NVIDIA RTX,16,512.0,14.0,2458,2288,2356,1558,1.51
Lenovo,Basic,Intel,4,1.6,AMD,AMD Radeon,4,128.0,15.6,641,368,477,453,1.05
HP,Basic,Intel,4,2.6,AMD,AMD Radeon,4,512.0,17.3,1056,709,848,451,1.88
HP,Student,AMD,4,2.0,AMD,AMD Radeon,8,256.0,15.6,805,1112,989,469,2.11
ASUS,Basic,Intel,4,2.2,AMD,AMD Radeon,8,512.0,17.3,864,742,790,512,1.54
HP,Student,Intel,6,2.8,Intel,Intel Iris Xe,8,512.0,15.6,1687,1199,1394,952,1.46
HP,Gaming,Intel,16,5.0,AMD,AMD Radeon,32,1024.0,17.3,8042,12488,10709,2034,5.26
HP,Professional,Intel,8,3.0,NVIDIA,NVIDIA RTX,32,1024.0,14.0,2406,2643,2549,1783,1.43
Dell,Professional,Intel,12,3.6,NVIDIA,NVIDIA GeForce,16,1024.0,13.3,4292,2859,3432,1332,2.58
ASUS,Student,Intel,6,3.5,Intel,Intel Iris Xe,16,256.0,13.3,2091,1206,1560,634,2.46
HP,Gaming,Intel,12,4.2,NVIDIA,NVIDIA RTX,32,512.0,15.6,5054,8532,7141,3247,2.2
ASUS,Professional,Intel,8,4.0,NVIDIA,NVIDIA GeForce,32,512.0,16.0,3164,3094,3122,1412,2.21
ASUS,Basic,Intel,4,1.7,Intel,Intel UHD,4,128.0,15.6,681,560,608,330,1.84
HP,Student,AMD,6,3.0,Intel,Intel Iris Xe,16,256.0,15.6,1799,1493,1616,524,3.08
Lenovo,Professional,Intel,8,3.4,AMD,AMD Radeon,32,512.0,17.3,2721,1446,1956,910,2.15
HP,Professional,Intel,12,3.6,NVIDIA,NVIDIA GeForce,16,512.0,15.6,4311,2113,2992,1898,1.58
Lenovo,Student,Intel,6,2.0,Intel,Intel UHD,8,256.0,15.6,1213,970,1067,644,1.66
ASUS,Student,Intel,4,3.0,Intel,Intel UHD,8,256.0,14.0,1193,891,1012,574,1.76
ASUS,Student,Intel,6,3.2,Intel,Intel Iris Xe,8,256.0,14.0,1938,680,1183,493,2.4
Lenovo,Professional,AMD,8,3.1,AMD,AMD Radeon,16,512.0,14.0,2450,2748,2629,1258,2.09
Razer,Gaming,Intel,8,3.8,NVIDIA,NVIDIA RTX,32,512.0,15.6,3015,10620,7578,3886,1.95
Razer,Professional,Intel,8,4.4,NVIDIA,NVIDIA GeForce,16,512.0,14.0,3558,2225,2758,1041,2.65
ASUS,Gaming,AMD,8,3.3,AMD,AMD Radeon,32,512.0,15.6,2617,14515,9756,3174,3.07
Lenovo,Professional,AMD,12,3.0,NVIDIA,NVIDIA RTX,32,512.0,14.0,3660,2319,2855,2143,1.33
HP,Professional,AMD,8,3.6,NVIDIA,NVIDIA GeForce,16,512.0,16.0,2870,1946,2316,1042,2.22
HP,Basic,Intel,2,1.7,Intel,Intel Iris Xe,8,128.0,14.0,337,406,378,310,1.22
MSI,Basic,Intel,4,2.7,AMD,AMD Radeon,4,128.0,15.6,1065,700,846,402,2.1
HP,Basic,Intel,4,1.7,AMD,AMD Radeon,4,128.0,15.6,671,535,589,392,1.5
ASUS,Student,Intel,4,3.3,Intel,Intel Iris Xe,8,256.0,15.6,1303,1257,1276,741,1.72
Lenovo,Student,Intel,6,2.6,Intel,Intel UHD,16,256.0,13.3,1538,1169,1316,588,2.24
Dell,Professional,Intel,8,3.7,AMD,AMD Radeon,16,512.0,15.6,2979,3661,3388,1177,2.88
Dell,Student,AMD,6,2.9,AMD,AMD Radeon,16,512.0,15.6,1769,862,1225,457,2.68
Lenovo,Professional,AMD,6,3.4,NVIDIA,NVIDIA RTX,32,1024.0,17.3,2054,3369,2843,1098,2.59
MSI,Student,Intel,6,2.8,AMD,AMD Radeon,16,256.0,16.0,1654,557,996,909,1.1
HP,Gaming,AMD,12,4.0,AMD,AMD Radeon,32,2048.0,14.0,4760,8771,7166,2325,3.08
ASUS,Gaming,Intel,16,4.9,AMD,AMD Radeon,32,1024.0,13.3,7811,13833,11424,1364,8.38
MSI,Gaming,AMD,16,3.1,NVIDIA,NVIDIA GeForce,16,1024.0,15.6,5003,13795,10278,3526,2.91
Lenovo,Basic,Intel,4,2.3,Intel,Intel UHD,8,256.0,15.6,902,467,641,280,2.29
ASUS,Gaming,Intel,8,3.5,NVIDIA,NVIDIA RTX,32,1024.0,14.0,2772,9172,6612,1757,3.76
Apple,Professional,Intel,6,2.8,NVIDIA,NVIDIA GeForce,16,512.0,13.3,1700,2778,2347,1427,1.64
Acer,Gaming,Intel,12,3.8,AMD,AMD Radeon,32,512.0,15.6,4502,12839,9504,2001,4.75
Lenovo,Professional,AMD,8,4.1,AMD,AMD Radeon,16,1024.0,15.6,3256,2717,2933,1218,2.41
ASUS,Basic,Intel,4,2.6,AMD,AMD Radeon,4,128.0,15.6,1021,434,669,264,2.53
ASUS,Gaming,Intel,12,5.3,AMD,AMD Radeon,32,512.0,15.6,6357,6230,6281,3827,1.64
Lenovo,Student,AMD,4,2.8,AMD,AMD Radeon,8,256.0,14.0,1100,885,971,589,1.65
Dell,Student,AMD,6,2.4,AMD,AMD Radeon,16,256.0,15.6,1413,956,1139,702,1.62
Lenovo,Basic,Intel,2,1.6,Intel,Intel UHD,4,128.0,17.3,321,758,583,396,1.47
ASUS,Basic,Intel,2,2.0,Intel,Intel UHD,4,256.0,15.6,407,780,631,436,1.45
ASUS,Professional,Intel,8,3.9,AMD,AMD Radeon,16,1024.0,15.6,3084,2528,2750,1892,1.45
HP,Gaming,Intel,8,5.5,NVIDIA,NVIDIA GeForce,32,2048.0,16.0,4384,7959,6529,1508,4.33
Lenovo,Basic,AMD,2,2.7,Intel,Intel UHD,8,128.0,15.6,541,243,362,296,1.22
Dell,Gaming,AMD,16,4.9,AMD,AMD Radeon,32,1024.0,17.3,7912,6902,7306,3000,2.44
Dell,Professional,AMD,12,4.1,NVIDIA,NVIDIA RTX,16,512.0,15.6,4912,3788,4238,1970,2.15
Dell,Professional,AMD,6,2.9,NVIDIA,NVIDIA GeForce,16,512.0,17.3,1755,2483,2192,2255,0.97
Apple,Student,AMD,4,3.4,AMD,AMD Radeon,16,512.0,15.6,1378,796,1029,556,1.85
Razer,Student,Intel,6,3.2,Intel,Intel Iris Xe,8,512.0,13.3,1917,762,1224,535,2.29
Dell,Professional,Intel,8,3.2,AMD,AMD Radeon,16,512.0,13.3,2547,3791,3293,1859,1.77
MSI,Professional,Intel,8,3.5,AMD,AMD Radeon,16,1024.0,15.6,2803,2177,2427,1793,1.35
HP,Professional,AMD,6,4.5,NVIDIA,NVIDIA RTX,16,512.0,13.3,2699,2546,2607,1130,2.31
Dell,Basic,Intel,2,2.8,Intel,Intel Iris Xe,8,512.0,16.0,557,486,514,456,1.13
Dell,Gaming,Intel,8,5.1,NVIDIA,NVIDIA RTX,16,512.0,13.3,4103,11630,8619,2789,3.09
HP,Professional,Intel,12,4.4,AMD,AMD Radeon,32,512.0,14.0,5331,1661,3129,1452,2.15
HP,Gaming,Intel,16,5.2,AMD,AMD Radeon,32,1024.0,15.6,8274,13071,11152,1731,6.44
Dell,Student,Intel,6,3.3,Intel,Intel UHD,16,512.0,15.6,1979,908,1336,892,1.5
Apple,Professional,AMD,6,3.8,AMD,AMD Radeon,16,512.0,14.0,2308,2384,2353,1831,1.29
HP,Student,AMD,6,3.1,Intel,Intel UHD,8,512.0,17.3,1878,635,1132,366,3.09
Dell,Basic,Intel,2,2.6,Intel,Intel Iris Xe,8,128.0,13.3,526,623,584,474,1.23
Lenovo,Professional,Intel,6,4.3,NVIDIA,NVIDIA RTX,32,512.0,15.6,2580,2240,2376,2150,1.11
HP,Gaming,Intel,12,3.2,AMD,AMD Radeon,16,1024.0,14.0,3792,6891,5652,3235,1.75
HP,Basic,Intel,2,2.6,Intel,Intel Iris Xe,4,512.0,15.6,516,242,352,380,0.93
ASUS,Professional,Intel,6,4.1,AMD,AMD Radeon,16,512.0,17.3,2485,2947,2762,1690,1.63
HP,Gaming,Intel,12,5.1,AMD,AMD Radeon,32,512.0,13.3,6065,8029,7243,1727,4.19
Dell,Student,Intel,4,2.1,AMD,AMD Radeon,8,512.0,14.0,828,1150,1021,744,1.37
Acer,Professional,Intel,8,3.3,NVIDIA,NVIDIA RTX,32,512.0,15.6,2659,3929,3421,1832,1.87
HP,Student,AMD,6,2.5,AMD,AMD Radeon,8,256.0,13.3,1482,1349,1402,486,2.88
Lenovo,Student,AMD,6,3.4,AMD,AMD Radeon,8,512.0,14.0,2050,854,1332,435,3.06
Acer,Basic,Intel,2,2.3,Intel,Intel UHD,4,256.0,15.6,468,601,548,430,1.27
HP,Gaming,Intel,16,3.6,AMD,AMD Radeon,16,1024.0,15.6,5801,14765,11180,1113,10.04
Dell,Professional,Intel,8,4.3,NVIDIA,NVIDIA RTX,32,512.0,15.6,3403,1205,2085,1675,1.24
MSI,Basic,Intel,4,1.8,AMD,AMD Radeon,4,512.0,15.6,709,270,446,358,1.25
Dell,Student,Intel,4,2.6,AMD,AMD Radeon,8,512.0,15.6,1054,922,975,422,2.31
MSI,Basic,Intel,2,2.2,AMD,AMD Radeon,8,128.0,16.0,431,793,648,493,1.31
Dell,Student,AMD,4,2.0,AMD,AMD Radeon,8,256.0,14.0,808,844,830,763,1.09
Acer,Student,Intel,4,3.3,AMD,AMD Radeon,8,256.0,15.6,1324,1217,1259,543,2.32
ASUS,Professional,Intel,8,2.9,NVIDIA,NVIDIA GeForce,16,512.0,15.6,2280,1416,1762,1806,0.98
Dell,Professional,Intel,8,2.9,NVIDIA,NVIDIA RTX,16,1024.0,15.6,2333,3087,2785,2043,1.36
Dell,Professional,Intel,6,2.6,AMD,AMD Radeon,32,1024.0,15.6,1553,3441,2686,1572,1.71
Dell,Professional,AMD,6,3.0,AMD,AMD Radeon,16,512.0,13.3,1818,2320,2119,996,2.13
Dell,Gaming,AMD,12,3.6,AMD,AMD Radeon,16,2048.0,13.3,4370,9217,7278,2828,2.57
ASUS,Student,Intel,6,3.4,Intel,Intel UHD,8,256.0,16.0,2034,1387,1646,396,4.16
Dell,Gaming,Intel,16,4.3,NVIDIA,NVIDIA GeForce,32,512.0,17.3,6862,5541,6070,2755,2.2
Dell,Gaming,Intel,16,5.0,NVIDIA,NVIDIA GeForce,32,512.0,16.0,7980,13793,11468,2799,4.1
Razer,Basic,Intel,4,2.4,AMD,AMD Radeon,4,128.0,14.0,960,234,524,354,1.48
Dell,Gaming,Intel,12,3.7,AMD,AMD Radeon,16,2048.0,16.0,4438,6213,5503,3045,1.81
ASUS,Gaming,Intel,12,3.8,AMD,AMD Radeon,32,512.0,15.6,4565,6434,5686,2176,2.61
HP,Student,Intel,6,2.8,AMD,AMD Radeon,8,512.0,14.0,1706,864,1201,469,2.56
Dell,Gaming,Intel,12,5.4,AMD,AMD Radeon,16,1024.0,16.0,6497,11245,9346,1424,6.56
Apple,Professional,Intel,8,3.2,NVIDIA,NVIDIA RTX,32,1024.0,14.0,2565,3036,2847,1196,2.38
ASUS,Basic,Intel,4,2.3,AMD,AMD Radeon,8,128.0,15.6,919,677,774,410,1.89
Razer,Student,AMD,6,2.6,Intel,Intel UHD,8,512.0,15.6,1536,830,1112,747,1.49
HP,Basic,AMD,2,2.2,Intel,Intel UHD,4,256.0,16.0,432,772,636,245,2.6
Acer,Gaming,Intel,8,4.3,NVIDIA,NVIDIA RTX,16,2048.0,14.0,3452,6713,5409,3463,1.56
HP,Student,Intel,4,2.9,AMD,AMD Radeon,8,256.0,15.6,1147,913,1007,396,2.54
Lenovo,Student,AMD,6,3.2,Intel,Intel Iris Xe,8,256.0,16.0,1949,1137,1462,493,2.97
Acer,Student,Intel,6,2.1,Intel,Intel Iris Xe,8,512.0,13.3,1264,772,968,611,1.58
Dell,Gaming,Intel,8,3.9,NVIDIA,NVIDIA GeForce,32,1024.0,15.6,3098,5964,4817,3383,1.42
Dell,Student,Intel,6,2.5,AMD,AMD Radeon,16,512.0,15.6,1470,864,1107,737,1.5
ASUS,Student,Intel,4,2.5,Intel,Intel UHD,8,512.0,13.3,994,1081,1046,872,1.2
Razer,Professional,AMD,6,2.7,AMD,AMD Radeon,16,512.0,15.6,1623,3040,2473,2247,1.1
Lenovo,Student,Intel,6,2.1,AMD,AMD Radeon,8,512.0,13.3,1243,1224,1231,785,1.57
Lenovo,Professional,Intel,8,3.7,NVIDIA,NVIDIA RTX,32,512.0,15.6,2992,1223,1931,1742,1.11
Dell,Gaming,Intel,12,4.3,NVIDIA,NVIDIA RTX,32,512.0,14.0,5104,11815,9131,3077,2.97
HP,Student,Intel,6,3.5,AMD,AMD Radeon,8,512.0,15.6,2090,596,1194,846,1.41
Acer,Basic,Intel,2,2.7,Intel,Intel UHD,8,512.0,16.0,547,615,588,424,1.39
Razer,Gaming,Intel,12,3.8,AMD,AMD Radeon,32,1024.0,14.0,4541,11948,8986,1014,8.86
ASUS,Professional,AMD,6,3.8,NVIDIA,NVIDIA GeForce,16,512.0,14.0,2284,1448,1783,1775,1.0
Dell,Basic,Intel,4,2.0,Intel,Intel Iris Xe,4,512.0,15.6,787,407,559,164,3.41
Lenovo,Gaming,AMD,12,5.0,AMD,AMD Radeon,16,512.0,16.0,6050,10955,8993,3995,2.25
Dell,Gaming,Intel,12,3.8,AMD,AMD Radeon,32,1024.0,15.6,4586,12512,9341,1506,6.2
Lenovo,Student,AMD,6,3.1,Intel,Intel UHD,16,256.0,17.3,1876,1252,1501,621,2.42
Lenovo,Student,Intel,6,3.1,Intel,Intel UHD,16,256.0,15.6,1851,1494,1636,816,2.0
Apple,Student,Intel,6,3.4,AMD,AMD Radeon,8,512.0,15.6,2056,1021,1435,536,2.68
Acer,Student,Intel,6,3.0,Intel,Intel UHD,16,512.0,15.6,1829,567,1072,724,1.48
Lenovo,Basic,Intel,4,2.5,AMD,AMD Radeon,4,128.0,14.0,1007,745,850,426,2.0
HP,Gaming,Intel,12,3.5,NVIDIA,NVIDIA RTX,16,512.0,15.6,4169,7057,5902,1683,3.51
Lenovo,Professional,Intel,12,4.4,NVIDIA,NVIDIA GeForce,16,512.0,16.0,5296,2776,3784,1021,3.71
Dell,Basic,AMD,2,2.6,Intel,Intel Iris Xe,4,128.0,15.6,527,218,342,317,1.08
Lenovo,Professional,Intel,6,4.4,AMD,AMD Radeon,32,512.0,14.0,2653,1744,2108,899,2.34
ASUS,Basic,Intel,2,2.6,Intel,Intel UHD,8,256.0,15.6,526,663,608,320,1.9
MSI,Student,AMD,6,3.3,AMD,AMD Radeon,8,256.0,14.0,1989,1013,1403,794,1.77
Dell,Professional,Intel,8,3.3,NVIDIA,NVIDIA RTX,16,512.0,13.3,2612,2495,2542,1279,1.99
Acer,Professional,Intel,8,2.5,NVIDIA,NVIDIA GeForce,16,512.0,15.6,2009,2498,2302,1758,1.31
Dell,Student,AMD,4,3.3,AMD,AMD Radeon,8,512.0,17.3,1321,842,1034,531,1.95
ASUS,Student,Intel,6,3.0,Intel,Intel Iris Xe,8,256.0,13.3,1797,1276,1485,856,1.73
ASUS,Gaming,AMD,8,4.3,NVIDIA,NVIDIA RTX,16,2048.0,15.6,3452,13938,9744,2977,3.27
ASUS,Student,AMD,4,2.8,AMD,AMD Radeon,8,512.0,16.0,1127,636,832,488,1.7
Acer,Professional,AMD,12,4.4,AMD,AMD Radeon,16,1024.0,13.3,5226,2828,3787,2014,1.88
ASUS,Basic,Intel,4,2.3,AMD,AMD Radeon,8,128.0,14.0,914,317,556,301,1.85
Lenovo,Professional,Intel,6,4.4,NVIDIA,NVIDIA GeForce,32,1024.0,14.0,2630,1319,1844,1261,1.46
Dell,Basic,Intel,4,2.3,AMD,AMD Radeon,8,256.0,16.0,901,343,566,445,1.27
Dell,Student,Intel,6,2.9,Intel,Intel Iris Xe,8,512.0,16.0,1711,1247,1432,598,2.39
Acer,Basic,Intel,2,2.7,AMD,AMD Radeon,8,256.0,16.0,542,334,417,432,0.97
Dell,Student,AMD,4,2.5,Intel,Intel UHD,8,256.0,14.0,995,865,917,727,1.26
Dell,Basic,Intel,4,1.9,AMD,AMD Radeon,4,256.0,13.3,753,470,583,259,2.25
Lenovo,Basic,Intel,2,2.5,AMD,AMD Radeon,4,256.0,15.6,494,463,476,233,2.04
ASUS,Basic,Intel,4,2.2,Intel,Intel UHD,4,128.0,17.3,862,249,494,150,3.29
MSI,Gaming,AMD,8,3.0,AMD,AMD Radeon,32,1024.0,15.6,2413,14571,9708,2255,4.31
ASUS,Student,Intel,4,3.5,AMD,AMD Radeon,8,256.0,17.3,1385,922,1107,621,1.78
ASUS,Student,Intel,6,3.0,AMD,AMD Radeon,8,512.0,15.6,1826,690,1144,761,1.5
Dell,Student,Intel,6,2.3,AMD,AMD Radeon,8,512.0,15.6,1390,747,1004,702,1.43
Dell,Student,AMD,6,2.5,AMD,AMD Radeon,16,512.0,15.6,1506,1004,1205,469,2.57
Acer,Basic,AMD,4,2.4,AMD,AMD Radeon,4,512.0,15.6,970,544,715,368,1.94
ASUS,Professional,Intel,8,3.4,NVIDIA,NVIDIA GeForce,32,512.0,15.6,2751,1597,2059,1748,1.18
Apple,Student,Intel,4,2.5,Intel,Intel UHD,16,256.0,15.6,1003,994,998,806,1.24
MSI,Basic,Intel,4,2.7,AMD,AMD Radeon,4,256.0,13.3,1080,262,589,421,1.4
Lenovo,Student,Intel,6,3.2,AMD,AMD Radeon,16,256.0,13.3,1921,765,1228,665,1.85
Lenovo,Professional,Intel,6,4.3,NVIDIA,NVIDIA RTX,16,512.0,15.6,2607,3369,3064,2271,1.35
Lenovo,Professional,Intel,6,3.5,AMD,AMD Radeon,16,512.0,15.6,2095,2588,2391,1161,2.06
Lenovo,Professional,Intel,8,2.6,AMD,AMD Radeon,32,512.0,14.0,2114,3245,2793,2083,1.34
ASUS,Basic,Intel,2,1.6,Intel,Intel UHD,4,256.0,16.0,321,679,536,479,1.12
HP,Student,Intel,6,2.7,AMD,AMD Radeon,8,512.0,14.0,1610,1472,1527,772,1.98
Razer,Gaming,AMD,8,3.1,AMD,AMD Radeon,16,2048.0,14.0,2455,10051,7013,2555,2.74
ASUS,Student,AMD,6,2.7,AMD,AMD Radeon,8,512.0,16.0,1606,568,983,723,1.36
Acer,Professional,Intel,6,3.0,AMD,AMD Radeon,16,1024.0,16.0,1808,3445,2790,1538,1.81
Dell,Professional,Intel,12,2.6,NVIDIA,NVIDIA RTX,16,512.0,14.0,3131,2440,2716,1783,1.52
HP,Gaming,Intel,12,3.6,AMD,AMD Radeon,32,1024.0,17.3,4364,10744,8192,3069,2.67
ASUS,Professional,Intel,6,3.3,NVIDIA,NVIDIA GeForce,16,512.0,13.3,1956,2909,2528,1438,1.76
Lenovo,Professional,Intel,8,3.4,AMD,AMD Radeon,32,1024.0,15.6,2704,1970,2264,2016,1.12
HP,Gaming,AMD,12,4.6,AMD,AMD Radeon,16,1024.0,13.3,5483,8232,7132,3354,2.13
Apple,Basic,Intel,4,2.6,AMD,AMD Radeon,4,128.0,15.6,1054,210,547,307,1.78
ASUS,Student,AMD,4,2.2,AMD,AMD Radeon,8,256.0,15.6,897,1475,1244,573,2.17
Lenovo,Student,AMD,4,2.0,Intel,Intel UHD,8,256.0,15.6,813,1366,1145,968,1.18
Acer,Professional,AMD,6,3.5,NVIDIA,NVIDIA RTX,16,512.0,13.3,2113,2821,2538,2228,1.14
HP,Student,Intel,4,2.1,AMD,AMD Radeon,16,512.0,14.0,839,1395,1173,627,1.87
HP,Basic,Intel,2,2.8,Intel,Intel Iris Xe,8,128.0,14.0,552,668,622,485,1.28
Apple,Student,Intel,6,2.2,Intel,Intel Iris Xe,8,256.0,16.0,1324,1461,1406,480,2.93
Lenovo,Basic,Intel,2,2.2,Intel,Intel Iris Xe,4,256.0,14.0,448,262,336,460,0.73
MSI,Gaming,Intel,12,3.5,NVIDIA,NVIDIA GeForce,32,512.0,15.6,4211,5212,4811,2455,1.96
HP,Professional,Intel,6,4.3,NVIDIA,NVIDIA GeForce,16,512.0,14.0,2608,1446,1911,1618,1.18
Dell,Professional,Intel,6,2.9,NVIDIA,NVIDIA GeForce,16,512.0,15.6,1745,3178,2605,1448,1.8
HP,Basic,AMD,4,2.2,AMD,AMD Radeon,4,256.0,15.6,879,630,729,365,2.0
ASUS,Professional,AMD,12,3.8,NVIDIA,NVIDIA GeForce,16,512.0,17.3,4507,3709,4028,1253,3.21
ASUS,Student,Intel,4,2.4,AMD,AMD Radeon,8,512.0,15.6,975,575,735,665,1.11
Dell,Basic,AMD,2,1.9,AMD,AMD Radeon,4,128.0,15.6,372,306,332,408,0.81
MSI,Basic,AMD,2,2.4,Intel,Intel UHD,8,256.0,13.3,471,642,574,375,1.53
Acer,Basic,AMD,2,2.0,AMD,AMD Radeon,4,128.0,15.6,392,351,367,401,0.92
Razer,Student,AMD,4,3.1,Intel,Intel Iris Xe,8,512.0,16.0,1228,846,999,475,2.1
ASUS,Student,Intel,4,3.4,Intel,Intel Iris Xe,8,512.0,16.0,1372,1454,1421,551,2.58
HP,Student,AMD,6,2.7,Intel,Intel UHD,8,256.0,13.3,1592,715,1065,826,1.29
Dell,Basic,Intel,2,2.4,AMD,AMD Radeon,4,128.0,14.0,472,788,661,337,1.96
Acer,Gaming,Intel,12,4.4,NVIDIA,NVIDIA RTX,32,1024.0,16.0,5315,7699,6745,2891,2.33
Acer,Student,Intel,6,2.7,Intel,Intel UHD,8,256.0,17.3,1645,1401,1499,708,2.12
Dell,Basic,AMD,4,1.6,Intel,Intel Iris Xe,4,256.0,13.3,648,797,737,232,3.18
Lenovo,Gaming,Intel,12,4.1,NVIDIA,NVIDIA RTX,32,512.0,13.3,4931,6568,5913,3370,1.75
ASUS,Student,Intel,4,2.6,Intel,Intel UHD,8,256.0,15.6,1025,1330,1208,819,1.47
Dell,Student,AMD,6,2.4,AMD,AMD Radeon,16,512.0,15.6,1418,721,1000,594,1.68
Apple,Basic,AMD,4,2.1,AMD,AMD Radeon,4,256.0,14.0,853,211,468,333,1.41
HP,Basic,Intel,4,1.7,AMD,AMD Radeon,8,256.0,14.0,668,709,693,366,1.89
HP,Basic,Intel,2,2.4,Intel,Intel UHD,4,256.0,14.0,489,213,323,194,1.66
ASUS,Student,Intel,6,2.4,AMD,AMD Radeon,8,256.0,14.0,1415,1306,1350,811,1.66
Dell,Professional,AMD,8,4.2,NVIDIA,NVIDIA RTX,16,1024.0,13.3,3360,2441,2809,2170,1.29
ASUS,Professional,Intel,6,3.8,AMD,AMD Radeon,32,512.0,15.6,2305,3275,2887,975,2.96
Apple,Student,AMD,6,2.1,Intel,Intel UHD,8,256.0,16.0,1264,1320,1298,867,1.5
Acer,Professional,Intel,8,3.2,NVIDIA,NVIDIA RTX,32,512.0,15.6,2600,2431,2499,2154,1.16
Dell,Professional,AMD,6,3.2,NVIDIA,NVIDIA RTX,16,512.0,17.3,1909,2029,1981,1642,1.21
Dell,Gaming,Intel,12,3.3,NVIDIA,NVIDIA RTX,16,512.0,13.3,3993,5066,4637,2893,1.6
Acer,Professional,Intel,12,2.9,AMD,AMD Radeon,16,512.0,16.0,3476,1345,2198,1967,1.12
Dell,Gaming,Intel,8,4.0,NVIDIA,NVIDIA GeForce,32,2048.0,14.0,3163,14637,10048,3662,2.74
HP,Gaming,Intel,8,3.8,AMD,AMD Radeon,16,1024.0,15.6,3039,7830,5914,2220,2.66
Dell,Basic,Intel,4,2.6,AMD,AMD Radeon,4,256.0,15.6,1037,618,786,352,2.23
Dell,Basic,AMD,2,2.3,AMD,AMD Radeon,4,128.0,14.0,468,575,532,222,2.4
HP,Gaming,Intel,12,3.3,NVIDIA,NVIDIA RTX,16,1024.0,15.6,4015,14961,10583,2101,5.04
Acer,Gaming,Intel,8,5.2,NVIDIA,NVIDIA GeForce,16,2048.0,16.0,4135,5050,4684,2926,1.6
ASUS,Gaming,AMD,12,3.8,AMD,AMD Radeon,32,2048.0,14.0,4574,13709,10055,1076,9.34
HP,Basic,Intel,2,2.0,AMD,AMD Radeon,8,256.0,15.6,410,265,323,265,1.22
Acer,Basic,AMD,4,2.2,AMD,AMD Radeon,4,256.0,15.6,872,336,550,308,1.79
Dell,Gaming,Intel,12,4.8,NVIDIA,NVIDIA GeForce,32,2048.0,17.3,5707,9899,8222,2673,3.08
Acer,Professional,Intel,8,3.1,NVIDIA,NVIDIA RTX,16,512.0,13.3,2464,2644,2572,2184,1.18
HP,Basic,AMD,4,2.6,AMD,AMD Radeon,4,128.0,15.6,1023,329,606,410,1.48
Acer,Gaming,AMD,8,3.5,AMD,AMD Radeon,16,512.0,14.0,2777,9105,6574,1387,4.74
Acer,Professional,AMD,8,2.7,AMD,AMD Radeon,16,512.0,17.3,2173,2562,2406,2003,1.2
HP,Gaming,Intel,8,3.4,NVIDIA,NVIDIA GeForce,32,2048.0,14.0,2715,12184,8396,2000,4.2
HP,Student,Intel,6,3.4,AMD,AMD Radeon,8,256.0,15.6,2029,870,1334,793,1.68
Lenovo,Professional,Intel,8,3.6,NVIDIA,NVIDIA RTX,32,512.0,14.0,2866,2684,2756,1820,1.51
HP,Student,Intel,4,2.3,AMD,AMD Radeon,8,256.0,17.3,939,1074,1020,839,1.22
Acer,Basic,Intel,2,1.7,Intel,Intel UHD,4,256.0,17.3,341,638,519,397,1.31
HP,Basic,Intel,2,2.0,AMD,AMD Radeon,4,256.0,15.6,399,791,634,358,1.77
ASUS,Professional,Intel,6,4.0,NVIDIA,NVIDIA RTX,32,1024.0,15.6,2415,2752,2617,1603,1.63
ASUS,Basic,AMD,4,2.3,AMD,AMD Radeon,8,256.0,17.3,927,557,705,534,1.32
Razer,Student,Intel,6,2.1,Intel,Intel UHD,16,256.0,14.0,1276,1274,1275,394,3.24
Dell,Basic,Intel,4,1.7,Intel,Intel UHD,4,256.0,15.6,697,695,696,464,1.5
HP,Basic,Intel,2,2.6,Intel,Intel Iris Xe,4,256.0,15.6,511,630,583,556,1.05
Dell,Professional,Intel,8,2.6,AMD,AMD Radeon,16,512.0,13.3,2068,2756,2481,1252,1.98
ASUS,Student,Intel,6,2.9,AMD,AMD Radeon,8,512.0,15.6,1749,1021,1312,902,1.45
Dell,Basic,Intel,2,2.6,AMD,AMD Radeon,4,128.0,15.6,516,575,551,532,1.04
Lenovo,Student,Intel,6,3.4,Intel,Intel Iris Xe,8,256.0,16.0,2057,1009,1428,644,2.22
Dell,Basic,AMD,2,1.9,AMD,AMD Radeon,4,128.0,15.6,373,687,561,302,1.86
ASUS,Professional,AMD,8,2.7,AMD,AMD Radeon,32,512.0,16.0,2151,1342,1665,1906,0.87
Dell,Student,Intel,6,3.4,Intel,Intel Iris Xe,16,512.0,15.6,2025,1137,1492,630,2.37
MSI,Basic,Intel,2,2.4,Intel,Intel UHD,4,256.0,15.6,478,211,318,300,1.06
HP,Professional,Intel,8,2.8,AMD,AMD Radeon,16,512.0,14.0,2245,1432,1758,2130,0.83
Dell,Basic,AMD,4,1.9,Intel,Intel UHD,4,512.0,15.6,767,380,535,236,2.27
Lenovo,Professional,Intel,8,4.1,AMD,AMD Radeon,16,512.0,17.3,3284,3502,3415,985,3.47
Lenovo,Professional,AMD,6,3.5,NVIDIA,NVIDIA GeForce,16,512.0,15.6,2112,2236,2186,2131,1.03
Apple,Basic,Intel,2,2.3,Intel,Intel UHD,8,128.0,15.6,460,579,531,348,1.53
Acer,Basic,Intel,2,2.0,AMD,AMD Radeon,4,128.0,15.6,407,210,289,166,1.74
MSI,Student,AMD,4,2.9,Intel,Intel Iris Xe,8,256.0,13.3,1169,814,956,452,2.12
ASUS,Professional,Intel,8,4.4,AMD,AMD Radeon,32,512.0,14.0,3535,1599,2374,2255,1.05
HP,Student,AMD,4,3.3,Intel,Intel Iris Xe,8,512.0,14.0,1315,618,897,820,1.09
Lenovo,Student,Intel,6,2.8,AMD,AMD Radeon,16,256.0,15.6,1678,1090,1325,735,1.8
Dell,Professional,Intel,8,2.8,AMD,AMD Radeon,16,512.0,13.3,2278,1902,2052,1882,1.09
ASUS,Professional,Intel,12,3.0,AMD,AMD Radeon,32,512.0,14.0,3576,1712,2457,1672,1.47
ASUS,Student,AMD,6,2.8,Intel,Intel Iris Xe,16,512.0,16.0,1673,662,1066,653,1.63
MSI,Gaming,Intel,12,3.0,NVIDIA,NVIDIA RTX,32,512.0,13.3,3602,7486,5933,3756,1.58
Lenovo,Basic,Intel,2,1.8,AMD,AMD Radeon,8,128.0,13.3,357,787,615,234,2.63
Apple,Professional,Intel,12,3.2,NVIDIA,NVIDIA RTX,32,1024.0,15.6,3862,2499,3044,1521,2.0
HP,Professional,AMD,6,3.5,AMD,AMD Radeon,16,1024.0,13.3,2130,1660,1848,1399,1.32
Lenovo,Basic,Intel,4,2.4,Intel,Intel Iris Xe,4,512.0,15.6,975,501,691,369,1.87
ASUS,Student,Intel,4,2.4,Intel,Intel UHD,16,512.0,15.6,946,885,909,765,1.19
HP,Basic,AMD,2,1.8,AMD,AMD Radeon,4,256.0,13.3,370,649,537,443,1.21
Dell,Student,Intel,6,2.3,AMD,AMD Radeon,8,512.0,15.6,1410,1478,1451,750,1.93
Lenovo,Gaming,Intel,12,5.4,NVIDIA,NVIDIA GeForce,16,2048.0,15.6,6470,8214,7516,3967,1.89
Lenovo,Professional,Intel,8,2.5,NVIDIA,NVIDIA RTX,16,512.0,15.6,2005,1073,1446,2221,0.65
Lenovo,Student,Intel,6,2.9,Intel,Intel Iris Xe,8,512.0,13.3,1742,503,999,607,1.65
ASUS,Professional,Intel,6,3.5,AMD,AMD Radeon,32,512.0,15.6,2082,3624,3007,1964,1.53
Apple,Student,Intel,4,3.2,Intel,Intel UHD,8,512.0,14.0,1287,953,1086,503,2.16
Dell,Gaming,Intel,12,5.2,AMD,AMD Radeon,32,2048.0,16.0,6297,7266,6878,2520,2.73
ASUS,Student,Intel,6,2.8,Intel,Intel UHD,16,512.0,13.3,1664,829,1163,767,1.52
Razer,Gaming,Intel,12,3.7,NVIDIA,NVIDIA GeForce,32,1024.0,15.6,4403,9385,7392,1211,6.1
Acer,Professional,Intel,8,2.9,AMD,AMD Radeon,32,512.0,15.6,2327,3419,2982,916,3.26
Lenovo,Basic,AMD,4,2.5,Intel,Intel Iris Xe,8,128.0,15.6,1003,501,702,429,1.64
Lenovo,Student,AMD,6,3.3,AMD,AMD Radeon,16,512.0,16.0,1955,1194,1499,381,3.93
ASUS,Student,AMD,4,2.4,AMD,AMD Radeon,16,512.0,16.0,956,1287,1155,656,1.76
ASUS,Student,AMD,6,3.3,Intel,Intel UHD,8,512.0,14.0,1970,575,1133,777,1.46
Lenovo,Professional,Intel,8,3.7,NVIDIA,NVIDIA RTX,16,512.0,15.6,2979,1126,1867,930,2.01
Lenovo,Gaming,Intel,12,3.2,AMD,AMD Radeon,32,512.0,15.6,3830,7727,6168,991,6.22
Lenovo,Student,Intel,4,2.8,AMD,AMD Radeon,8,512.0,16.0,1104,1311,1228,389,3.16
Lenovo,Basic,Intel,4,2.7,Intel,Intel Iris Xe,4,128.0,15.6,1094,691,852,401,2.12
Razer,Student,Intel,6,2.0,AMD,AMD Radeon,16,512.0,14.0,1224,1289,1263,485,2.6
MSI,Gaming,Intel,8,3.9,NVIDIA,NVIDIA GeForce,32,1024.0,15.6,3127,5284,4421,1772,2.49
Dell,Student,AMD,4,2.6,Intel,Intel Iris Xe,8,256.0,17.3,1047,1054,1051,688,1.53
HP,Professional,AMD,6,3.2,AMD,AMD Radeon,16,512.0,15.6,1905,2430,2220,1289,1.72
HP,Gaming,Intel,8,3.8,NVIDIA,NVIDIA GeForce,32,1024.0,14.0,3034,12035,8435,1395,6.05
ASUS,Basic,Intel,2,2.6,Intel,Intel UHD,4,256.0,15.6,521,330,406,583,0.7
Acer,Gaming,AMD,12,4.5,NVIDIA,NVIDIA GeForce,16,1024.0,15.6,5365,13782,10415,3822,2.73
HP,Basic,Intel,4,2.1,AMD,AMD Radeon,4,256.0,15.6,848,304,521,319,1.63
Dell,Basic,Intel,4,2.1,Intel,Intel UHD,8,512.0,16.0,851,344,547,402,1.36
HP,Professional,Intel,6,4.3,NVIDIA,NVIDIA RTX,32,1024.0,16.0,2604,3622,3215,2523,1.27
Lenovo,Student,Intel,4,3.2,Intel,Intel UHD,8,256.0,16.0,1282,1020,1125,568,1.98
Razer,Basic,Intel,4,1.9,AMD,AMD Radeon,4,256.0,16.0,760,707,728,348,2.09
Apple,Professional,Intel,12,3.9,AMD,AMD Radeon,16,512.0,15.6,4697,2855,3592,1908,1.88
Lenovo,Student,AMD,4,2.1,Intel,Intel UHD,8,256.0,17.3,821,1002,929,445,2.09
HP,Basic,Intel,2,2.8,AMD,AMD Radeon,4,512.0,13.3,551,619,591,409,1.44
Lenovo,Professional,AMD,6,2.7,AMD,AMD Radeon,32,1024.0,15.6,1649,1531,1578,2181,0.72
MSI,Basic,Intel,2,2.5,AMD,AMD Radeon,8,256.0,15.6,508,387,436,390,1.12
HP,Student,AMD,4,2.9,Intel,Intel Iris Xe,8,256.0,16.0,1144,1114,1126,413,2.73
Lenovo,Student,Intel,6,2.4,Intel,Intel Iris Xe,8,256.0,14.0,1436,1352,1386,370,3.75
Dell,Student,AMD,6,2.3,AMD,AMD Radeon,8,512.0,15.6,1396,755,1011,421,2.4
ASUS,Basic,Intel,4,2.1,Intel,Intel Iris Xe,8,128.0,16.0,854,440,606,170,3.56
Lenovo,Student,Intel,4,3.2,Intel,Intel Iris Xe,16,256.0,15.6,1264,1162,1203,385,3.12
Razer,Professional,Intel,6,4.4,NVIDIA,NVIDIA RTX,32,512.0,15.6,2621,1170,1750,1743,1.0
Dell,Basic,Intel,2,1.6,Intel,Intel UHD,4,128.0,13.3,327,675,536,424,1.26
Dell,Student,AMD,6,3.5,Intel,Intel Iris Xe,8,256.0,15.6,2070,1048,1457,381,3.82
ASUS,Professional,AMD,12,2.8,NVIDIA,NVIDIA GeForce,32,512.0,13.3,3392,2360,2773,2231,1.24
MSI,Professional,AMD,6,2.7,NVIDIA,NVIDIA RTX,16,512.0,13.3,1629,2548,2180,2037,1.07
MSI,Professional,AMD,8,2.6,AMD,AMD Radeon,16,1024.0,15.6,2081,3757,3087,1816,1.7
Dell,Student,Intel,6,2.3,Intel,Intel Iris Xe,8,256.0,13.3,1389,1154,1248,842,1.48
HP,Gaming,Intel,12,4.5,AMD,AMD Radeon,32,1024.0,14.0,5355,12483,9632,1435,6.71
Apple,Student,Intel,4,2.5,Intel,Intel UHD,8,256.0,15.6,992,1049,1026,675,1.52
Lenovo,Gaming,Intel,8,5.1,AMD,AMD Radeon,16,512.0,16.0,4053,14348,10230,1629,6.28
Acer,Gaming,Intel,8,5.3,NVIDIA,NVIDIA RTX,32,512.0,17.3,4276,9194,7226,2044,3.54
ASUS,Gaming,Intel,16,5.4,AMD,AMD Radeon,16,1024.0,13.3,8677,14264,12029,1305,9.22
HP,Professional,Intel,8,3.0,AMD,AMD Radeon,16,512.0,14.0,2373,3391,2984,1156,2.58
HP,Basic,Intel,2,2.3,Intel,Intel UHD,4,256.0,16.0,451,241,325,234,1.39
Dell,Gaming,Intel,12,3.7,AMD,AMD Radeon,16,1024.0,15.6,4469,5645,5175,2493,2.08
Lenovo,Gaming,Intel,12,5.4,NVIDIA,NVIDIA RTX,16,512.0,13.3,6532,9731,8451,3869,2.18
Lenovo,Student,Intel,4,2.8,Intel,Intel Iris Xe,16,256.0,13.3,1138,1026,1071,576,1.86
Lenovo,Basic,Intel,2,2.4,Intel,Intel Iris Xe,4,128.0,15.6,489,602,557,263,2.12
Lenovo,Student,AMD,6,2.5,Intel,Intel UHD,16,256.0,13.3,1480,1195,1309,405,3.23
Lenovo,Gaming,AMD,8,3.8,AMD,AMD Radeon,32,1024.0,17.3,3034,13075,9059,3540,2.56
Lenovo,Basic,AMD,2,2.2,AMD,AMD Radeon,8,256.0,15.6,432,687,585,150,3.9
Acer,Student,Intel,6,3.1,AMD,AMD Radeon,8,256.0,16.0,1847,1499,1639,722,2.27
Lenovo,Student,AMD,4,2.5,Intel,Intel Iris Xe,16,256.0,13.3,1003,892,937,584,1.6
Lenovo,Basic,Intel,4,2.6,Intel,Intel UHD,8,128.0,15.6,1032,721,845,395,2.14
ASUS,Gaming,Intel,8,4.1,AMD,AMD Radeon,16,2048.0,15.6,3275,5450,4580,2040,2.25
ASUS,Student,Intel,6,3.3,AMD,AMD Radeon,8,256.0,14.0,1960,1010,1390,851,1.63
Lenovo,Gaming,Intel,16,5.3,NVIDIA,NVIDIA RTX,32,2048.0,17.3,8551,7031,7639,1975,3.87
Dell,Student,Intel,6,3.1,AMD,AMD Radeon,8,512.0,16.0,1886,562,1091,479,2.28
HP,Basic,Intel,4,2.5,Intel,Intel UHD,8,128.0,13.3,1012,344,611,328,1.86
Dell,Basic,Intel,4,1.7,AMD,AMD Radeon,4,512.0,15.6,698,732,719,200,3.6
HP,Professional,AMD,6,4.3,NVIDIA,NVIDIA GeForce,16,512.0,14.0,2589,2763,2693,1420,1.9
Lenovo,Student,AMD,6,2.2,AMD,AMD Radeon,8,512.0,13.3,1334,677,940,734,1.28
ASUS,Gaming,Intel,12,3.9,AMD,AMD Radeon,16,512.0,15.6,4709,8006,6687,3418,1.96
Dell,Professional,AMD,6,2.8,NVIDIA,NVIDIA GeForce,32,1024.0,15.6,1704,3364,2700,1239,2.18
Lenovo,Gaming,Intel,16,5.3,AMD,AMD Radeon,16,1024.0,15.6,8511,10871,9927,2672,3.72
Dell,Gaming,AMD,8,4.0,NVIDIA,NVIDIA GeForce,32,2048.0,16.0,3211,14897,10223,3462,2.95
Dell,Student,Intel,4,2.4,Intel,Intel Iris Xe,8,256.0,14.0,968,847,896,864,1.04
Dell,Student,Intel,4,3.0,AMD,AMD Radeon,8,256.0,15.6,1183,919,1024,737,1.39
Dell,Gaming,Intel,8,5.2,AMD,AMD Radeon,32,1024.0,17.3,4200,5345,4887,3742,1.31
Dell,Professional,AMD,12,3.1,NVIDIA,NVIDIA RTX,32,1024.0,17.3,3682,2794,3149,1124,2.8
ASUS,Basic,AMD,2,2.3,Intel,Intel Iris Xe,8,256.0,15.6,462,789,659,175,3.77
Acer,Student,Intel,6,3.2,Intel,Intel UHD,8,512.0,15.6,1903,904,1304,601,2.17
Dell,Student,Intel,6,2.9,Intel,Intel UHD,16,256.0,15.6,1743,729,1134,644,1.76
Dell,Basic,Intel,4,1.6,Intel,Intel Iris Xe,4,128.0,15.6,640,215,385,415,0.93
Acer,Basic,Intel,2,2.3,Intel,Intel Iris Xe,4,128.0,17.3,458,474,467,236,1.98
HP,Basic,Intel,2,2.2,Intel,Intel UHD,4,256.0,14.0,442,601,537,353,1.52
Dell,Professional,Intel,12,4.0,NVIDIA,NVIDIA GeForce,16,512.0,14.0,4768,2239,3251,1758,1.85
Lenovo,Professional,AMD,8,3.7,NVIDIA,NVIDIA RTX,16,512.0,15.6,2926,3680,3378,1819,1.86
Dell,Student,Intel,4,2.5,Intel,Intel UHD,8,512.0,14.0,992,687,809,538,1.5
MSI,Student,AMD,6,2.9,AMD,AMD Radeon,8,512.0,13.3,1740,944,1263,569,2.22
Razer,Professional,AMD,12,3.1,NVIDIA,NVIDIA RTX,16,512.0,13.3,3753,3318,3492,1643,2.13
Dell,Gaming,Intel,12,3.7,AMD,AMD Radeon,16,1024.0,13.3,4382,12034,8973,1091,8.22
Lenovo,Professional,Intel,12,3.5,NVIDIA,NVIDIA RTX,32,512.0,15.6,4203,3249,3630,2404,1.51
Acer,Professional,Intel,8,3.8,AMD,AMD Radeon,16,512.0,13.3,3076,1499,2130,1400,1.52
MSI,Basic,Intel,2,1.7,Intel,Intel Iris Xe,4,128.0,15.6,336,350,345,253,1.36
Dell,Student,Intel,4,2.2,Intel,Intel Iris Xe,16,512.0,16.0,894,1060,994,549,1.81
HP,Basic,Intel,4,2.4,Intel,Intel Iris Xe,4,256.0,17.3,968,559,722,475,1.52
HP,Basic,AMD,2,1.6,AMD,AMD Radeon,8,256.0,14.0,328,359,347,446,0.78
Dell,Student,AMD,6,3.1,AMD,AMD Radeon,8,256.0,15.6,1875,685,1161,588,1.97
HP,Professional,AMD,6,3.3,AMD,AMD Radeon,16,512.0,15.6,2000,2390,2234,2029,1.1
Lenovo,Basic,Intel,2,1.9,Intel,Intel UHD,4,128.0,15.6,379,732,591,337,1.75
ASUS,Student,AMD,4,3.3,AMD,AMD Radeon,8,512.0,15.6,1336,1456,1408,483,2.92
Dell,Professional,AMD,6,4.3,NVIDIA,NVIDIA GeForce,16,1024.0,17.3,2573,3670,3232,2303,1.4
Lenovo,Student,Intel,4,2.5,Intel,Intel UHD,8,256.0,16.0,1011,803,886,494,1.79
Lenovo,Basic,Intel,4,1.7,AMD,AMD Radeon,4,128.0,15.6,664,732,705,319,2.21
Apple,Gaming,Intel,12,4.4,NVIDIA,NVIDIA GeForce,16,1024.0,16.0,5296,12138,9401,1100,8.55
ASUS,Basic,Intel,4,2.3,AMD,AMD Radeon,4,128.0,15.6,915,705,789,398,1.98
Dell,Basic,Intel,2,1.9,Intel,Intel UHD,4,256.0,17.3,374,556,483,423,1.14
Apple,Basic,Intel,2,2.2,AMD,AMD Radeon,4,128.0,16.0,438,427,431,306,1.41
Razer,Student,AMD,6,2.9,AMD,AMD Radeon,8,256.0,15.6,1748,1423,1553,686,2.26
Razer,Gaming,Intel,8,3.5,NVIDIA,NVIDIA RTX,16,2048.0,13.3,2776,8592,6266,1759,3.56
ASUS,Professional,AMD,12,3.2,NVIDIA,NVIDIA RTX,16,512.0,17.3,3846,1466,2418,1589,1.52
Dell,Basic,AMD,4,2.4,AMD,AMD Radeon,8,128.0,17.3,968,277,553,189,2.93
Dell,Student,Intel,6,3.3,AMD,AMD Radeon,8,512.0,16.0,1964,1455,1659,862,1.92
Lenovo,Basic,Intel,2,2.7,Intel,Intel UHD,4,256.0,14.0,544,212,345,461,0.75
Lenovo,Gaming,Intel,16,4.8,NVIDIA,NVIDIA GeForce,32,2048.0,15.6,7657,12032,10282,1754,5.86
HP,Student,Intel,4,3.0,Intel,Intel UHD,8,256.0,15.6,1184,1178,1180,666,1.77
HP,Student,AMD,4,2.4,AMD,AMD Radeon,16,512.0,14.0,954,1177,1088,752,1.45
Lenovo,Basic,AMD,4,2.5,AMD,AMD Radeon,4,128.0,17.3,1019,508,712,298,2.39
Acer,Student,Intel,4,2.5,Intel,Intel UHD,8,512.0,15.6,993,896,935,752,1.24
HP,Professional,AMD,12,4.4,AMD,AMD Radeon,32,512.0,14.0,5283,3743,4359,2305,1.89
Dell,Professional,AMD,8,4.3,NVIDIA,NVIDIA GeForce,16,512.0,15.6,3437,3643,3561,1052,3.38
HP,Basic,Intel,4,2.1,Intel,Intel Iris Xe,4,128.0,13.3,857,743,789,240,3.29
Lenovo,Professional,AMD,8,3.3,NVIDIA,NVIDIA GeForce,16,1024.0,13.3,2659,1655,2057,2255,0.91
Acer,Student,Intel,6,2.2,AMD,AMD Radeon,8,512.0,17.3,1313,737,967,677,1.43
Acer,Student,Intel,4,3.4,AMD,AMD Radeon,16,256.0,15.6,1371,1408,1394,853,1.63
HP,Gaming,AMD,12,4.5,NVIDIA,NVIDIA GeForce,32,512.0,14.0,5405,9212,7689,3520,2.18
Lenovo,Student,AMD,6,3.3,AMD,AMD Radeon,8,256.0,15.6,1959,655,1177,693,1.7
Dell,Basic,AMD,2,1.7,AMD,AMD Radeon,4,128.0,17.3,332,426,389,304,1.28
ASUS,Student,AMD,6,2.8,Intel,Intel UHD,8,256.0,13.3,1654,671,1064,422,2.52
Lenovo,Gaming,Intel,8,3.6,AMD,AMD Radeon,32,2048.0,17.3,2890,8474,6240,2727,2.29
Dell,Gaming,Intel,8,3.3,AMD,AMD Radeon,32,2048.0,13.3,2602,8085,5892,1716,3.43
Razer,Student,Intel,4,2.3,Intel,Intel Iris Xe,16,256.0,15.6,934,1242,1118,718,1.56
HP,Basic,Intel,4,2.6,AMD,AMD Radeon,4,128.0,17.3,1031,655,805,442,1.82
Apple,Student,Intel,4,2.7,Intel,Intel Iris Xe,8,512.0,15.6,1073,891,964,405,2.38
MSI,Student,Intel,6,2.5,Intel,Intel UHD,8,512.0,17.3,1474,600,950,847,1.12
Lenovo,Professional,Intel,8,3.7,NVIDIA,NVIDIA RTX,16,1024.0,13.3,2996,2343,2604,2282,1.14
Lenovo,Professional,Intel,8,2.6,NVIDIA,NVIDIA GeForce,16,512.0,13.3,2071,2250,2179,1470,1.48
Lenovo,Professional,AMD,8,2.9,NVIDIA,NVIDIA RTX,32,1024.0,16.0,2282,1493,1809,862,2.1
HP,Student,AMD,4,2.1,AMD,AMD Radeon,8,256.0,13.3,830,1437,1194,814,1.47
HP,Basic,Intel,2,2.5,AMD,AMD Radeon,4,256.0,14.0,507,232,342,453,0.75
Lenovo,Basic,Intel,2,2.8,AMD,AMD Radeon,4,256.0,16.0,550,650,610,300,2.03
Apple,Professional,AMD,8,2.8,AMD,AMD Radeon,16,512.0,13.3,2275,1530,1828,1896,0.96
Lenovo,Student,Intel,4,2.0,Intel,Intel Iris Xe,16,256.0,15.6,815,1369,1147,670,1.71
Apple,Student,Intel,4,2.0,Intel,Intel Iris Xe,8,256.0,14.0,810,1148,1013,737,1.37
Lenovo,Basic,Intel,2,2.3,AMD,AMD Radeon,8,128.0,17.3,458,696,601,363,1.66
Apple,Professional,Intel,6,3.4,NVIDIA,NVIDIA GeForce,16,1024.0,13.3,2018,3439,2871,1290,2.23
Apple,Student,AMD,6,3.5,AMD,AMD Radeon,8,256.0,15.6,2072,1329,1626,418,3.89
Dell,Student,Intel,6,2.6,Intel,Intel Iris Xe,8,256.0,15.6,1573,659,1025,802,1.28
Lenovo,Professional,AMD,6,2.7,NVIDIA,NVIDIA GeForce,32,512.0,15.6,1644,3275,2623,1465,1.79
Lenovo,Student,Intel,6,2.6,Intel,Intel UHD,16,256.0,15.6,1547,884,1149,417,2.76
Dell,Student,Intel,4,2.4,AMD,AMD Radeon,8,512.0,14.0,968,1374,1211,484,2.5
Dell,Basic,Intel,2,2.6,AMD,AMD Radeon,4,128.0,15.6,522,379,436,360,1.21
HP,Professional,Intel,6,3.7,NVIDIA,NVIDIA GeForce,16,1024.0,16.0,2213,1425,1740,2027,0.86
Acer,Professional,AMD,8,3.7,NVIDIA,NVIDIA GeForce,32,512.0,15.6,2928,2522,2684,1389,1.93
ASUS,Basic,AMD,2,2.3,Intel,Intel Iris Xe,4,512.0,16.0,461,372,407,230,1.77
Dell,Professional,AMD,8,3.4,AMD,AMD Radeon,32,1024.0,17.3,2687,2022,2288,1728,1.32
ASUS,Gaming,Intel,12,4.6,NVIDIA,NVIDIA GeForce,32,1024.0,13.3,5493,8908,7542,3594,2.1
HP,Basic,Intel,2,1.7,AMD,AMD Radeon,8,256.0,14.0,342,358,352,333,1.06
Dell,Student,Intel,6,2.7,AMD,AMD Radeon,16,512.0,15.6,1596,703,1060,510,2.08
Dell,Professional,Intel,6,4.4,NVIDIA,NVIDIA GeForce,32,512.0,15.6,2663,2546,2593,1620,1.6
ASUS,Basic,Intel,2,2.7,AMD,AMD Radeon,4,128.0,15.6,535,264,372,337,1.1
HP,Student,Intel,6,2.0,Intel,Intel Iris Xe,16,256.0,14.0,1210,956,1057,820,1.29
HP,Professional,Intel,8,4.4,AMD,AMD Radeon,16,512.0,17.3,3512,1205,2128,2388,0.89
ASUS,Professional,Intel,12,3.3,AMD,AMD Radeon,16,512.0,14.0,3986,1106,2258,1352,1.67
HP,Gaming,Intel,12,3.8,NVIDIA,NVIDIA GeForce,32,512.0,13.3,4609,6334,5644,3138,1.8
Dell,Student,AMD,4,2.5,Intel,Intel Iris Xe,8,512.0,13.3,990,552,727,475,1.53
ASUS,Student,Intel,6,3.4,Intel,Intel UHD,8,512.0,15.6,2016,1311,1593,817,1.95
Lenovo,Professional,AMD,6,3.8,NVIDIA,NVIDIA RTX,32,512.0,14.0,2291,2386,2348,1083,2.17
ASUS,Student,Intel,6,2.5,AMD,AMD Radeon,8,256.0,13.3,1515,1377,1432,721,1.99
Dell,Professional,Intel,6,3.6,NVIDIA,NVIDIA GeForce,16,1024.0,14.0,2184,2321,2266,2456,0.92
Apple,Gaming,Intel,8,3.5,NVIDIA,NVIDIA GeForce,32,1024.0,15.6,2783,12629,8690,1282,6.78
HP,Professional,Intel,12,4.4,NVIDIA,NVIDIA GeForce,32,512.0,15.6,5299,1970,3302,1867,1.77
Lenovo,Professional,Intel,8,4.3,NVIDIA,NVIDIA GeForce,16,512.0,13.3,3462,3528,3501,2513,1.39
Lenovo,Gaming,Intel,12,4.3,AMD,AMD Radeon,16,512.0,15.6,5110,7084,6294,3207,1.96
ASUS,Student,Intel,6,3.4,Intel,Intel Iris Xe,8,512.0,14.0,2038,1123,1489,495,3.01
Lenovo,Student,Intel,6,3.0,Intel,Intel UHD,8,256.0,15.6,1808,999,1323,876,1.51
Lenovo,Gaming,Intel,8,4.5,NVIDIA,NVIDIA RTX,16,512.0,15.6,3596,11260,8194,1019,8.04
Acer,Gaming,Intel,8,5.4,NVIDIA,NVIDIA RTX,16,1024.0,15.6,4324,10074,7774,3691,2.11
Lenovo,Student,AMD,6,3.5,AMD,AMD Radeon,8,512.0,16.0,2099,547,1167,489,2.39
Lenovo,Student,Intel,6,2.5,AMD,AMD Radeon,8,256.0,13.3,1496,1024,1213,341,3.56
Apple,Student,Intel,4,2.4,AMD,AMD Radeon,8,512.0,14.0,975,723,824,711,1.16
HP,Basic,Intel,2,2.4,AMD,AMD Radeon,4,256.0,16.0,486,290,368,455,0.81
ASUS,Gaming,AMD,12,3.0,AMD,AMD Radeon,16,2048.0,15.6,3657,7243,5809,1045,5.56
HP,Professional,Intel,8,3.9,NVIDIA,NVIDIA GeForce,32,512.0,16.0,3086,2238,2577,2153,1.2
Acer,Professional,AMD,8,4.4,NVIDIA,NVIDIA GeForce,32,512.0,15.6,3515,1696,2424,824,2.94
Apple,Basic,AMD,2,2.2,Intel,Intel UHD,8,128.0,15.6,444,224,312,358,0.87
Acer,Student,Intel,4,3.3,AMD,AMD Radeon,8,512.0,13.3,1322,711,956,681,1.4
ASUS,Basic,Intel,2,2.5,Intel,Intel UHD,8,128.0,15.6,497,305,382,446,0.86
Apple,Professional,Intel,6,3.0,AMD,AMD Radeon,32,1024.0,15.6,1814,3835,3027,1688,1.79
Acer,Student,Intel,6,3.0,Intel,Intel UHD,8,256.0,15.6,1779,639,1095,862,1.27
Lenovo,Student,Intel,6,2.5,AMD,AMD Radeon,8,256.0,15.6,1491,1464,1475,644,2.29
Razer,Basic,AMD,4,2.7,Intel,Intel UHD,4,256.0,13.3,1090,254,588,319,1.84
HP,Student,Intel,4,2.8,AMD,AMD Radeon,8,256.0,14.0,1139,1382,1285,667,1.93
Dell,Professional,Intel,6,4.1,NVIDIA,NVIDIA RTX,16,512.0,13.3,2449,2762,2637,2514,1.05
MSI,Basic,Intel,2,1.8,AMD,AMD Radeon,8,256.0,15.6,352,314,329,285,1.15
HP,Basic,Intel,2,2.7,Intel,Intel UHD,4,128.0,14.0,550,799,699,433,1.61
Dell,Student,Intel,6,2.2,Intel,Intel UHD,8,512.0,14.0,1336,1451,1405,538,2.61
Razer,Basic,Intel,4,1.9,AMD,AMD Radeon,8,256.0,16.0,780,674,717,333,2.15
Apple,Basic,Intel,4,2.3,AMD,AMD Radeon,4,128.0,17.3,911,433,624,203,3.07
Apple,Gaming,Intel,8,3.8,AMD,AMD Radeon,32,2048.0,14.0,3031,10793,7689,3800,2.02
Dell,Basic,Intel,2,2.1,Intel,Intel Iris Xe,4,256.0,14.0,430,283,342,295,1.16
Apple,Student,AMD,6,2.6,Intel,Intel Iris Xe,16,512.0,14.0,1560,841,1129,761,1.48
ASUS,Student,Intel,6,3.3,AMD,AMD Radeon,8,512.0,15.6,1974,1181,1498,591,2.53
HP,Professional,AMD,8,3.0,NVIDIA,NVIDIA RTX,16,1024.0,15.6,2427,2684,2581,1794,1.44
Acer,Gaming,Intel,8,3.0,AMD,AMD Radeon,32,1024.0,15.6,2421,11896,8106,2743,2.96
Acer,Student,Intel,4,2.5,Intel,Intel Iris Xe,8,256.0,15.6,997,786,870,666,1.31
Apple,Professional,Intel,8,3.2,AMD,AMD Radeon,16,512.0,17.3,2583,3774,3298,1725,1.91
Lenovo,Professional,Intel,6,4.2,AMD,AMD Radeon,16,512.0,14.0,2535,1822,2107,1753,1.2
Dell,Gaming,AMD,12,5.2,NVIDIA,NVIDIA GeForce,32,2048.0,13.3,6288,12734,10156,3659,2.78
HP,Basic,Intel,2,2.7,Intel,Intel UHD,4,256.0,17.3,537,291,389,334,1.16
Dell,Student,Intel,6,3.1,AMD,AMD Radeon,8,512.0,14.0,1879,888,1284,714,1.8
ASUS,Basic,AMD,2,2.2,AMD,AMD Radeon,4,128.0,14.0,430,234,313,312,1.0
HP,Professional,Intel,8,4.0,NVIDIA,NVIDIA GeForce,16,1024.0,13.3,3239,3052,3127,2407,1.3
HP,Basic,Intel,4,1.6,Intel,Intel Iris Xe,4,256.0,14.0,656,496,560,410,1.37
Lenovo,Professional,Intel,6,3.5,AMD,AMD Radeon,32,512.0,15.6,2129,2965,2630,816,3.22
HP,Professional,AMD,8,2.7,AMD,AMD Radeon,16,512.0,15.6,2151,2845,2567,881,2.91
Lenovo,Student,Intel,6,3.2,AMD,AMD Radeon,8,512.0,14.0,1928,934,1332,820,1.62
ASUS,Student,AMD,4,3.1,Intel,Intel Iris Xe,8,512.0,14.0,1255,564,840,614,1.37
ASUS,Gaming,Intel,16,3.7,NVIDIA,NVIDIA RTX,16,2048.0,17.3,5938,14984,11366,2747,4.14
ASUS,Basic,Intel,4,2.1,AMD,AMD Radeon,4,512.0,15.6,853,519,653,453,1.44
ASUS,Gaming,AMD,12,3.3,AMD,AMD Radeon,32,1024.0,17.3,3917,6110,5233,3586,1.46
Dell,Student,Intel,4,2.7,Intel,Intel UHD,16,256.0,17.3,1074,894,966,618,1.56
Apple,Professional,AMD,8,4.5,NVIDIA,NVIDIA GeForce,32,512.0,17.3,3582,2432,2892,2130,1.36
Lenovo,Basic,Intel,2,2.0,Intel,Intel Iris Xe,4,256.0,14.0,400,800,640,332,1.93
Apple,Gaming,Intel,8,4.0,NVIDIA,NVIDIA GeForce,32,512.0,13.3,3226,7874,6015,2027,2.97
Razer,Basic,Intel,2,1.8,AMD,AMD Radeon,4,128.0,16.0,368,703,569,312,1.82
Lenovo,Professional,AMD,12,2.7,NVIDIA,NVIDIA GeForce,32,512.0,15.6,3289,1074,1960,1704,1.15
Dell,Student,Intel,4,3.2,AMD,AMD Radeon,16,256.0,15.6,1299,835,1021,835,1.22
Dell,Student,Intel,4,2.2,AMD,AMD Radeon,16,512.0,15.6,871,675,754,389,1.94
Apple,Professional,Intel,6,4.4,AMD,AMD Radeon,32,512.0,14.0,2643,2686,2669,2180,1.22
Razer,Professional,Intel,12,4.4,AMD,AMD Radeon,32,512.0,14.0,5262,2726,3740,1566,2.39
Acer,Basic,AMD,2,2.5,Intel,Intel UHD,4,128.0,14.0,501,444,467,428,1.09
Acer,Professional,Intel,12,2.6,AMD,AMD Radeon,16,512.0,14.0,3091,2209,2562,2573,1.0
HP,Student,Intel,6,2.2,AMD,AMD Radeon,8,512.0,15.6,1338,1328,1332,819,1.63
Acer,Student,Intel,6,2.7,Intel,Intel UHD,8,512.0,14.0,1607,680,1051,781,1.35
Acer,Professional,Intel,6,3.8,AMD,AMD Radeon,16,1024.0,15.6,2279,1483,1801,2091,0.86
Razer,Student,Intel,6,2.6,Intel,Intel Iris Xe,8,512.0,16.0,1572,1159,1324,537,2.47
Acer,Professional,Intel,6,4.2,NVIDIA,NVIDIA RTX,16,1024.0,14.0,2498,1300,1779,2338,0.76
Acer,Basic,Intel,2,2.6,Intel,Intel Iris Xe,4,256.0,13.3,516,299,386,355,1.09
Apple,Basic,AMD,4,2.3,Intel,Intel Iris Xe,4,128.0,14.0,935,621,747,238,3.14
Lenovo,Professional,Intel,8,3.9,NVIDIA,NVIDIA RTX,32,1024.0,14.0,3112,1889,2378,1288,1.85
Lenovo,Professional,Intel,8,4.1,NVIDIA,NVIDIA GeForce,16,512.0,15.6,3285,1195,2031,937,2.17
Acer,Professional,Intel,6,4.2,NVIDIA,NVIDIA GeForce,16,512.0,15.6,2517,1678,2014,781,2.58
HP,Professional,Intel,12,3.0,NVIDIA,NVIDIA GeForce,16,512.0,13.3,3639,1387,2288,1135,2.02
Razer,Professional,Intel,6,2.5,NVIDIA,NVIDIA GeForce,16,512.0,15.6,1516,3411,2653,2468,1.07
Lenovo,Professional,Intel,8,4.4,AMD,AMD Radeon,16,512.0,16.0,3525,2200,2730,2358,1.16
Dell,Professional,Intel,8,3.1,NVIDIA,NVIDIA RTX,32,512.0,15.6,2463,2792,2660,807,3.3
Acer,Student,Intel,4,2.6,Intel,Intel Iris Xe,8,512.0,16.0,1039,1397,1254,924,1.36
Razer,Basic,Intel,2,2.4,Intel,Intel Iris Xe,4,128.0,15.6,475,297,368,350,1.05
Acer,Basic,Intel,4,1.6,Intel,Intel UHD,4,128.0,15.6,654,448,531,192,2.77
Dell,Gaming,AMD,8,5.2,AMD,AMD Radeon,32,512.0,15.6,4141,11017,8267,3026,2.73
Dell,Basic,Intel,2,2.6,Intel,Intel Iris Xe,4,128.0,17.3,515,292,381,420,0.91
Lenovo,Student,AMD,4,2.4,Intel,Intel UHD,8,512.0,15.6,967,1484,1277,780,1.64
Lenovo,Student,Intel,4,2.8,Intel,Intel UHD,8,512.0,13.3,1130,539,775,739,1.05
Dell,Student,Intel,6,2.1,Intel,Intel UHD,8,256.0,16.0,1268,1403,1349,539,2.5
Dell,Student,AMD,6,3.4,AMD,AMD Radeon,8,256.0,17.3,2029,1239,1555,532,2.92
Dell,Gaming,Intel,16,3.4,NVIDIA,NVIDIA GeForce,16,512.0,15.6,5479,7350,6602,2174,3.04
ASUS,Student,AMD,6,3.0,AMD,AMD Radeon,8,256.0,14.0,1794,599,1077,542,1.99
Lenovo,Student,Intel,4,2.0,AMD,AMD Radeon,8,256.0,14.0,809,930,881,671,1.31
Lenovo,Student,AMD,4,2.9,AMD,AMD Radeon,8,512.0,13.3,1150,531,778,388,2.01
HP,Student,Intel,6,2.5,Intel,Intel UHD,16,256.0,13.3,1496,753,1050,886,1.19
Lenovo,Student,Intel,6,3.4,Intel,Intel Iris Xe,16,512.0,14.0,2036,1251,1565,570,2.75
HP,Student,Intel,4,3.2,Intel,Intel UHD,8,512.0,16.0,1285,775,979,607,1.61
Apple,Professional,Intel,8,3.2,NVIDIA,NVIDIA RTX,16,512.0,15.6,2556,1645,2009,1241,1.62
Lenovo,Student,Intel,6,2.2,Intel,Intel UHD,16,512.0,17.3,1338,1468,1416,856,1.65
Acer,Student,Intel,6,2.0,Intel,Intel UHD,8,256.0,15.6,1213,1111,1152,744,1.55
ASUS,Student,Intel,4,2.7,AMD,AMD Radeon,8,512.0,15.6,1091,671,839,588,1.43
Dell,Student,Intel,6,2.1,AMD,AMD Radeon,16,512.0,17.3,1282,684,923,678,1.36
Acer,Basic,AMD,2,2.3,Intel,Intel Iris Xe,8,128.0,13.3,454,460,458,237,1.93
HP,Gaming,AMD,8,3.7,NVIDIA,NVIDIA RTX,16,512.0,15.6,2949,8531,6298,1920,3.28
Lenovo,Professional,AMD,8,2.7,NVIDIA,NVIDIA GeForce,16,512.0,15.6,2142,3237,2799,2178,1.29
ASUS,Professional,Intel,8,2.7,NVIDIA,NVIDIA GeForce,16,1024.0,15.6,2171,3430,2926,934,3.13
Lenovo,Gaming,Intel,8,3.0,NVIDIA,NVIDIA GeForce,16,1024.0,17.3,2432,6378,4800,1139,4.21
Dell,Student,AMD,4,2.9,AMD,AMD Radeon,16,256.0,16.0,1151,1470,1342,509,2.64
Dell,Professional,Intel,8,2.9,NVIDIA,NVIDIA GeForce,32,512.0,16.0,2327,1605,1894,2135,0.89
HP,Student,Intel,6,2.6,AMD,AMD Radeon,8,256.0,15.6,1581,1163,1330,835,1.59
Acer,Professional,AMD,6,3.8,NVIDIA,NVIDIA RTX,16,512.0,16.0,2255,2448,2370,1544,1.53
ASUS,Basic,Intel,2,2.4,Intel,Intel Iris Xe,4,128.0,15.6,476,633,571,288,1.98
HP,Gaming,Intel,8,3.4,AMD,AMD Radeon,32,1024.0,13.3,2735,12788,8767,3503,2.5
ASUS,Student,Intel,4,2.3,AMD,AMD Radeon,8,512.0,17.3,916,1031,985,796,1.24
HP,Professional,Intel,8,4.1,NVIDIA,NVIDIA GeForce,32,1024.0,15.6,3292,3545,3444,948,3.63
Acer,Basic,Intel,4,1.9,Intel,Intel Iris Xe,8,256.0,16.0,776,647,699,390,1.79
ASUS,Professional,AMD,8,3.6,NVIDIA,NVIDIA GeForce,16,1024.0,15.6,2888,3955,3528,2232,1.58
Dell,Gaming,Intel,16,5.0,AMD,AMD Radeon,16,2048.0,17.3,7965,14136,11668,2598,4.49
HP,Student,Intel,6,2.4,Intel,Intel Iris Xe,8,256.0,15.6,1429,1153,1263,461,2.74
Acer,Professional,Intel,12,3.6,NVIDIA,NVIDIA RTX,16,1024.0,13.3,4285,2624,3289,2358,1.39
Dell,Basic,Intel,2,2.7,Intel,Intel Iris Xe,4,256.0,15.6,540,409,461,351,1.31
Lenovo,Basic,Intel,4,2.5,Intel,Intel Iris Xe,4,128.0,14.0,1005,479,689,493,1.4
Razer,Gaming,Intel,8,5.1,NVIDIA,NVIDIA GeForce,32,512.0,14.0,4092,5179,4744,3355,1.41
HP,Student,Intel,6,3.3,Intel,Intel Iris Xe,8,512.0,16.0,1968,1351,1598,870,1.84
Lenovo,Professional,AMD,12,3.8,AMD,AMD Radeon,16,1024.0,15.6,4557,2288,3196,924,3.46
Acer,Student,Intel,4,2.5,Intel,Intel UHD,8,256.0,16.0,991,823,890,842,1.06
Apple,Professional,Intel,8,3.4,NVIDIA,NVIDIA GeForce,16,512.0,17.3,2729,3406,3135,2122,1.48
Apple,Basic,AMD,2,2.6,Intel,Intel Iris Xe,4,256.0,17.3,513,695,622,209,2.98
Lenovo,Student,Intel,6,3.4,AMD,AMD Radeon,8,512.0,15.6,2022,1207,1533,489,3.13
Dell,Professional,Intel,6,2.5,AMD,AMD Radeon,16,512.0,14.0,1507,2710,2229,1042,2.14
Dell,Student,Intel,6,3.4,AMD,AMD Radeon,8,256.0,14.0,2057,1104,1485,847,1.75
HP,Gaming,Intel,8,4.7,NVIDIA,NVIDIA RTX,32,512.0,15.6,3796,9694,7335,3189,2.3
Lenovo,Professional,Intel,8,4.0,AMD,AMD Radeon,16,512.0,15.6,3219,3042,3113,2244,1.39
ASUS,Basic,Intel,2,2.2,AMD,AMD Radeon,8,128.0,15.6,444,463,456,256,1.78
Lenovo,Student,Intel,6,3.3,AMD,AMD Radeon,8,256.0,15.6,2000,1416,1650,624,2.64
Dell,Student,Intel,4,3.1,Intel,Intel Iris Xe,16,256.0,15.6,1253,849,1011,513,1.97
HP,Student,Intel,6,3.3,AMD,AMD Radeon,8,512.0,16.0,1971,923,1342,410,3.27
Lenovo,Student,AMD,6,3.0,Intel,Intel UHD,8,512.0,15.6,1777,503,1013,715,1.42
ASUS,Student,Intel,4,3.4,Intel,Intel Iris Xe,8,512.0,13.3,1368,613,915,342,2.68
ASUS,Student,Intel,4,2.1,Intel,Intel UHD,8,256.0,17.3,847,700,759,553,1.37
Dell,Professional,Intel,8,3.2,NVIDIA,NVIDIA RTX,16,512.0,15.6,2589,1853,2147,2368,0.91
Dell,Gaming,Intel,8,4.9,NVIDIA,NVIDIA RTX,16,1024.0,13.3,3888,13046,9383,2493,3.76
Dell,Professional,Intel,8,4.2,NVIDIA,NVIDIA RTX,32,512.0,16.0,3383,3759,3609,2231,1.62
HP,Student,Intel,4,2.4,AMD,AMD Radeon,8,512.0,14.0,944,547,706,704,1.0
HP,Gaming,AMD,12,4.0,NVIDIA,NVIDIA GeForce,32,1024.0,16.0,4848,7796,6617,3720,1.78
Lenovo,Basic,Intel,2,2.7,Intel,Intel Iris Xe,4,128.0,14.0,541,680,624,321,1.94
ASUS,Basic,Intel,2,1.8,AMD,AMD Radeon,4,128.0,15.6,362,492,440,429,1.03
Dell,Professional,Intel,8,2.7,AMD,AMD Radeon,32,512.0,16.0,2184,3835,3175,991,3.2
ASUS,Student,Intel,4,2.5,AMD,AMD Radeon,16,256.0,14.0,997,883,928,470,1.97
HP,Basic,Intel,2,2.8,AMD,AMD Radeon,4,256.0,14.0,558,518,534,328,1.63
Lenovo,Professional,Intel,8,4.0,NVIDIA,NVIDIA RTX,16,1024.0,15.6,3218,2767,2947,1609,1.83
Lenovo,Basic,Intel,2,2.0,AMD,AMD Radeon,4,256.0,16.0,391,756,610,404,1.51
ASUS,Gaming,AMD,16,4.2,NVIDIA,NVIDIA GeForce,16,1024.0,15.6,6756,8808,7987,2519,3.17
Dell,Basic,AMD,2,2.1,Intel,Intel Iris Xe,4,128.0,15.6,427,370,393,243,1.62
Lenovo,Basic,Intel,2,2.7,Intel,Intel UHD,4,512.0,15.6,541,441,481,150,3.21
MSI,Gaming,Intel,12,4.8,NVIDIA,NVIDIA RTX,32,512.0,15.6,5769,5639,5691,3798,1.5
HP,Student,Intel,4,3.5,AMD,AMD Radeon,8,256.0,15.6,1391,825,1052,805,1.31
Lenovo,Professional,Intel,6,3.1,NVIDIA,NVIDIA RTX,16,512.0,16.0,1877,1034,1371,1259,1.09
ASUS,Gaming,Intel,16,3.8,NVIDIA,NVIDIA GeForce,32,1024.0,13.3,6139,8375,7481,3457,2.16
Razer,Gaming,AMD,8,3.3,AMD,AMD Radeon,16,512.0,16.0,2609,9759,6899,1159,5.95
Lenovo,Student,AMD,6,2.2,AMD,AMD Radeon,8,256.0,17.3,1323,1255,1282,774,1.66
Lenovo,Student,Intel,6,2.8,Intel,Intel UHD,16,256.0,13.3,1675,1409,1515,589,2.57
Razer,Professional,AMD,6,2.8,NVIDIA,NVIDIA RTX,16,512.0,15.6,1660,2091,1919,2393,0.8
Lenovo,Basic,Intel,2,2.7,Intel,Intel UHD,8,256.0,14.0,532,679,620,320,1.94
MSI,Basic,Intel,2,1.8,Intel,Intel UHD,8,256.0,14.0,370,481,436,305,1.43
Acer,Professional,Intel,6,2.8,AMD,AMD Radeon,32,512.0,17.3,1688,3477,2761,879,3.14
Lenovo,Gaming,AMD,12,4.8,NVIDIA,NVIDIA RTX,16,512.0,15.6,5724,13384,10320,3371,3.06
Apple,Student,AMD,4,2.6,Intel,Intel UHD,8,256.0,15.6,1042,570,759,626,1.21
MSI,Basic,Intel,4,2.7,Intel,Intel Iris Xe,4,128.0,15.6,1062,301,605,326,1.86
Lenovo,Student,Intel,6,2.5,Intel,Intel Iris Xe,8,512.0,15.6,1476,1242,1336,926,1.44
HP,Basic,AMD,2,1.9,Intel,Intel UHD,4,128.0,16.0,377,276,317,160,1.98
Dell,Student,Intel,4,3.2,Intel,Intel Iris Xe,16,512.0,16.0,1298,569,860,668,1.29
Dell,Gaming,Intel,8,4.7,NVIDIA,NVIDIA RTX,16,2048.0,15.6,3740,10049,7525,2975,2.53
HP,Professional,Intel,12,3.0,AMD,AMD Radeon,16,1024.0,15.6,3615,2861,3163,2498,1.27
Dell,Professional,AMD,8,2.8,AMD,AMD Radeon,16,512.0,16.0,2259,3827,3200,1909,1.68
HP,Professional,AMD,8,3.2,AMD,AMD Radeon,16,1024.0,15.6,2575,2172,2333,807,2.89
HP,Student,Intel,6,3.4,AMD,AMD Radeon,8,256.0,14.0,2068,1285,1598,796,2.01
HP,Gaming,Intel,16,3.5,NVIDIA,NVIDIA GeForce,32,1024.0,15.6,5550,5006,5224,3200,1.63
Lenovo,Student,Intel,4,2.8,Intel,Intel Iris Xe,8,256.0,15.6,1113,955,1018,751,1.36
Acer,Basic,Intel,2,2.8,AMD,AMD Radeon,4,256.0,17.3,551,354,433,378,1.15
Lenovo,Student,Intel,6,2.6,Intel,Intel UHD,8,256.0,15.6,1536,988,1207,653,1.85
Apple,Student,Intel,6,2.8,Intel,Intel UHD,8,512.0,14.0,1704,1255,1435,717,2.0
HP,Student,AMD,4,2.1,Intel,Intel UHD,16,256.0,15.6,829,1445,1199,570,2.1
Acer,Student,AMD,6,2.2,Intel,Intel UHD,8,256.0,14.0,1320,765,987,761,1.3
HP,Basic,AMD,4,1.7,AMD,AMD Radeon,8,256.0,15.6,690,639,660,448,1.47
Lenovo,Basic,Intel,2,1.9,AMD,AMD Radeon,4,256.0,14.0,374,429,407,322,1.26
HP,Basic,Intel,4,2.2,Intel,Intel UHD,4,256.0,15.6,873,491,644,363,1.77
HP,Basic,AMD,4,1.9,Intel,Intel Iris Xe,4,256.0,15.6,778,224,446,255,1.75
Lenovo,Student,Intel,6,3.3,AMD,AMD Radeon,8,256.0,15.6,2006,669,1204,753,1.6
Lenovo,Basic,Intel,4,1.7,AMD,AMD Radeon,8,128.0,15.6,691,642,662,406,1.63
Lenovo,Professional,Intel,8,4.2,NVIDIA,NVIDIA GeForce,16,512.0,15.6,3361,2496,2842,1710,1.66
Lenovo,Basic,AMD,2,2.2,Intel,Intel UHD,4,128.0,17.3,441,274,341,276,1.24
Lenovo,Professional,Intel,12,4.1,NVIDIA,NVIDIA GeForce,16,1024.0,15.6,4926,3166,3870,1989,1.95
Lenovo,Gaming,Intel,12,3.1,AMD,AMD Radeon,16,512.0,14.0,3686,12549,9004,2451,3.67
Dell,Professional,AMD,8,4.4,AMD,AMD Radeon,16,512.0,14.0,3509,1980,2591,2216,1.17
Dell,Student,AMD,4,2.9,AMD,AMD Radeon,8,512.0,14.0,1179,793,948,817,1.16
HP,Basic,Intel,4,2.1,Intel,Intel UHD,4,128.0,15.6,841,359,552,342,1.61
ASUS,Basic,AMD,2,2.4,Intel,Intel Iris Xe,4,128.0,13.3,482,794,669,531,1.26
HP,Gaming,Intel,16,4.0,NVIDIA,NVIDIA RTX,16,512.0,15.6,6406,11134,9243,1176,7.86
Dell,Basic,Intel,4,2.1,Intel,Intel Iris Xe,4,256.0,17.3,826,563,668,409,1.63
Lenovo,Basic,Intel,4,2.4,AMD,AMD Radeon,4,256.0,14.0,966,402,627,282,2.22
Lenovo,Basic,AMD,4,1.7,Intel,Intel UHD,4,128.0,16.0,685,262,432,480,0.9
MSI,Basic,Intel,2,1.7,Intel,Intel Iris Xe,4,256.0,13.3,349,381,369,448,0.82
ASUS,Gaming,AMD,8,4.0,AMD,AMD Radeon,16,512.0,15.6,3186,8490,6368,1953,3.26
Dell,Student,Intel,6,3.2,Intel,Intel Iris Xe,8,512.0,17.3,1910,606,1128,807,1.4
Dell,Professional,Intel,8,2.8,AMD,AMD Radeon,16,512.0,13.3,2218,2055,2120,1856,1.14
ASUS,Professional,Intel,6,3.4,NVIDIA,NVIDIA GeForce,32,512.0,15.6,2035,1827,1910,1442,1.32
ASUS,Gaming,Intel,8,3.7,NVIDIA,NVIDIA GeForce,16,512.0,15.6,2980,10082,7241,963,7.52
HP,Student,Intel,4,3.1,Intel,Intel UHD,8,512.0,15.6,1254,1205,1224,806,1.52
HP,Student,AMD,6,2.4,AMD,AMD Radeon,8,256.0,16.0,1437,1367,1395,479,2.91
Lenovo,Student,AMD,6,2.8,AMD,AMD Radeon,8,256.0,15.6,1661,667,1065,815,1.31
ASUS,Student,AMD,4,2.8,AMD,AMD Radeon,8,256.0,17.3,1110,1377,1270,639,1.99
Dell,Professional,Intel,6,3.4,AMD,AMD Radeon,16,512.0,13.3,2015,2397,2244,982,2.29
Dell,Basic,Intel,4,1.9,Intel,Intel UHD,4,128.0,14.0,742,349,506,247,2.05
HP,Professional,Intel,6,3.3,NVIDIA,NVIDIA RTX,32,512.0,17.3,1983,3973,3177,1253,2.54
Apple,Basic,Intel,2,2.2,Intel,Intel UHD,8,128.0,15.6,430,576,518,437,1.19
Lenovo,Gaming,Intel,8,5.4,NVIDIA,NVIDIA GeForce,32,1024.0,14.0,4320,10214,7856,3337,2.35
MSI,Student,Intel,4,3.0,Intel,Intel UHD,16,512.0,16.0,1213,661,882,476,1.85
Apple,Basic,Intel,4,2.0,Intel,Intel Iris Xe,4,128.0,17.3,808,787,795,185,4.3
ASUS,Gaming,Intel,12,5.0,NVIDIA,NVIDIA GeForce,16,1024.0,17.3,6054,13044,10248,1863,5.5
HP,Student,Intel,6,2.8,Intel,Intel UHD,16,256.0,17.3,1701,1192,1396,810,1.72
Lenovo,Professional,Intel,6,3.5,NVIDIA,NVIDIA GeForce,32,1024.0,14.0,2086,2144,2121,2101,1.01
HP,Professional,Intel,8,3.8,NVIDIA,NVIDIA GeForce,16,1024.0,15.6,3044,2147,2506,1376,1.82
Dell,Basic,AMD,2,2.2,AMD,AMD Radeon,4,256.0,16.0,441,785,648,465,1.39
ASUS,Professional,Intel,6,3.8,NVIDIA,NVIDIA RTX,16,512.0,17.3,2293,2225,2252,2267,0.99
Acer,Basic,AMD,2,2.7,Intel,Intel UHD,4,256.0,15.6,542,425,472,169,2.79
HP,Student,AMD,6,3.5,Intel,Intel Iris Xe,8,256.0,16.0,2092,793,1313,475,2.76
Dell,Basic,Intel,2,1.7,AMD,AMD Radeon,4,256.0,15.6,337,217,265,359,0.74
MSI,Student,Intel,4,3.5,Intel,Intel UHD,16,512.0,14.0,1396,905,1102,657,1.68
HP,Basic,AMD,4,2.5,AMD,AMD Radeon,4,128.0,15.6,999,303,581,158,3.68
Lenovo,Student,Intel,6,2.9,Intel,Intel UHD,8,256.0,16.0,1718,907,1231,768,1.6
Dell,Basic,Intel,4,2.7,AMD,AMD Radeon,4,256.0,17.3,1066,392,661,220,3.0
Lenovo,Student,AMD,6,3.1,AMD,AMD Radeon,16,256.0,16.0,1886,785,1225,547,2.24
Dell,Student,AMD,6,3.0,Intel,Intel UHD,8,256.0,15.6,1825,1021,1342,742,1.81
Acer,Student,Intel,4,2.4,Intel,Intel UHD,8,512.0,16.0,980,955,965,645,1.5
MSI,Basic,Intel,4,1.7,Intel,Intel UHD,4,128.0,14.0,666,398,505,224,2.25
Dell,Gaming,AMD,12,4.9,AMD,AMD Radeon,16,2048.0,17.3,5838,7270,6698,2681,2.5
HP,Student,AMD,4,3.1,AMD,AMD Radeon,8,256.0,16.0,1245,1060,1134,506,2.24
ASUS,Professional,Intel,6,2.9,NVIDIA,NVIDIA GeForce,32,512.0,14.0,1743,1937,1860,1330,1.4
Dell,Student,Intel,4,3.2,AMD,AMD Radeon,8,512.0,14.0,1269,920,1059,552,1.92
Dell,Gaming,Intel,12,4.1,NVIDIA,NVIDIA GeForce,16,512.0,15.6,4945,10099,8037,1817,4.42
HP,Student,Intel,6,2.2,Intel,Intel Iris Xe,8,512.0,14.0,1295,1458,1393,492,2.83
Dell,Basic,Intel,4,2.2,Intel,Intel Iris Xe,4,256.0,16.0,871,218,479,537,0.89
Acer,Basic,Intel,2,2.1,AMD,AMD Radeon,8,256.0,14.0,414,697,584,412,1.42
Razer,Basic,AMD,2,2.7,AMD,AMD Radeon,8,128.0,15.6,534,721,646,317,2.04
Razer,Student,Intel,4,2.2,Intel,Intel UHD,16,512.0,15.6,898,900,899,595,1.51
HP,Student,AMD,6,2.0,AMD,AMD Radeon,8,256.0,16.0,1210,1335,1285,667,1.93
Lenovo,Professional,AMD,6,4.2,NVIDIA,NVIDIA GeForce,16,512.0,16.0,2546,2553,2550,1513,1.69
Dell,Gaming,AMD,16,4.4,AMD,AMD Radeon,16,1024.0,14.0,6970,13457,10862,2315,4.69
Lenovo,Student,Intel,4,2.6,AMD,AMD Radeon,16,256.0,16.0,1041,1155,1109,699,1.59
Lenovo,Student,Intel,6,2.9,Intel,Intel UHD,8,512.0,14.0,1756,795,1179,496,2.38
HP,Gaming,Intel,12,4.4,NVIDIA,NVIDIA GeForce,32,512.0,16.0,5224,7786,6761,3311,2.04
Dell,Basic,Intel,2,2.8,Intel,Intel Iris Xe,4,128.0,16.0,556,538,546,157,3.48
Lenovo,Gaming,Intel,12,3.2,AMD,AMD Radeon,32,1024.0,15.6,3866,14212,10074,2290,4.4
Apple,Basic,AMD,4,2.5,Intel,Intel UHD,8,128.0,17.3,1001,479,688,447,1.54
Acer,Student,AMD,4,2.5,Intel,Intel UHD,8,256.0,15.6,998,1160,1095,705,1.55
HP,Student,AMD,4,2.6,AMD,AMD Radeon,16,512.0,15.6,1055,1473,1306,446,2.93
Dell,Basic,Intel,4,2.4,Intel,Intel UHD,4,128.0,14.0,941,429,634,318,1.99
Dell,Professional,AMD,8,3.0,AMD,AMD Radeon,16,512.0,16.0,2417,1270,1729,1196,1.45
HP,Gaming,AMD,8,3.2,NVIDIA,NVIDIA GeForce,16,512.0,15.6,2557,12458,8498,1501,5.66
HP,Basic,Intel,4,1.7,AMD,AMD Radeon,8,128.0,15.6,679,644,658,268,2.46
Lenovo,Professional,AMD,6,3.3,AMD,AMD Radeon,16,1024.0,13.3,1974,2151,2080,1781,1.17
Lenovo,Basic,Intel,2,2.3,Intel,Intel UHD,8,128.0,15.6,459,227,320,370,0.86
Lenovo,Gaming,AMD,12,3.4,NVIDIA,NVIDIA RTX,16,512.0,13.3,4049,14432,10279,3641,2.82
MSI,Professional,Intel,8,4.1,NVIDIA,NVIDIA RTX,16,1024.0,15.6,3316,3361,3343,1217,2.75
HP,Professional,AMD,6,3.7,AMD,AMD Radeon,16,1024.0,13.3,2217,3020,2699,1555,1.74
HP,Professional,Intel,8,2.9,NVIDIA,NVIDIA RTX,16,512.0,13.3,2324,1903,2071,2086,0.99
ASUS,Professional,Intel,8,3.9,AMD,AMD Radeon,32,512.0,15.6,3107,2241,2587,1537,1.68
ASUS,Professional,AMD,8,3.4,AMD,AMD Radeon,16,512.0,15.6,2740,2981,2885,1067,2.7
Apple,Gaming,AMD,12,5.4,AMD,AMD Radeon,32,1024.0,13.3,6457,11740,9627,2320,4.15
ASUS,Professional,Intel,8,3.1,AMD,AMD Radeon,16,1024.0,14.0,2510,2298,2383,795,3.0
Lenovo,Basic,Intel,4,2.0,Intel,Intel UHD,4,128.0,15.6,803,287,494,423,1.17
Dell,Student,Intel,4,3.0,Intel,Intel UHD,8,512.0,15.6,1217,1149,1176,659,1.78
Lenovo,Student,Intel,4,3.3,AMD,AMD Radeon,8,512.0,15.6,1337,860,1051,806,1.3
ASUS,Basic,Intel,2,2.1,AMD,AMD Radeon,4,256.0,15.6,411,430,422,225,1.88
Acer,Student,Intel,6,2.2,AMD,AMD Radeon,16,512.0,15.6,1349,1494,1436,561,2.56
HP,Gaming,AMD,12,3.1,AMD,AMD Radeon,32,2048.0,15.6,3703,10614,7849,2402,3.27
Lenovo,Student,Intel,6,2.4,AMD,AMD Radeon,8,512.0,13.3,1453,991,1176,850,1.38
MSI,Gaming,Intel,8,4.1,NVIDIA,NVIDIA GeForce,16,1024.0,15.6,3296,11678,8325,2472,3.37
HP,Gaming,Intel,12,5.2,NVIDIA,NVIDIA RTX,32,2048.0,14.0,6258,8363,7521,1847,4.07
Dell,Professional,Intel,6,3.8,NVIDIA,NVIDIA GeForce,16,512.0,17.3,2266,3663,3104,2314,1.34
ASUS,Gaming,Intel,12,3.8,NVIDIA,NVIDIA RTX,16,512.0,15.6,4526,14653,10602,1962,5.4
Dell,Gaming,AMD,16,4.1,NVIDIA,NVIDIA RTX,16,2048.0,13.3,6625,5228,5787,2621,2.21
Acer,Professional,Intel,12,2.8,NVIDIA,NVIDIA RTX,32,512.0,13.3,3358,2052,2575,1169,2.2
Lenovo,Basic,Intel,2,2.5,Intel,Intel Iris Xe,4,256.0,15.6,494,310,384,276,1.39
Lenovo,Student,Intel,4,2.6,Intel,Intel UHD,8,256.0,15.6,1035,637,796,570,1.4
Dell,Student,AMD,6,2.2,AMD,AMD Radeon,16,512.0,17.3,1326,665,929,742,1.25
ASUS,Gaming,AMD,8,3.2,NVIDIA,NVIDIA GeForce,32,512.0,15.6,2539,14441,9681,3490,2.77
HP,Student,Intel,6,3.0,Intel,Intel UHD,16,256.0,13.3,1798,541,1044,596,1.75
HP,Student,AMD,6,2.5,Intel,Intel Iris Xe,8,256.0,16.0,1487,1262,1352,558,2.42
Dell,Professional,Intel,12,3.9,NVIDIA,NVIDIA GeForce,16,512.0,14.0,4627,2696,3469,902,3.85
ASUS,Basic,Intel,2,1.8,Intel,Intel Iris Xe,8,128.0,17.3,361,405,388,366,1.06
MSI,Gaming,AMD,8,3.2,NVIDIA,NVIDIA GeForce,32,512.0,13.3,2584,6501,4934,3842,1.28
Lenovo,Student,Intel,6,2.9,Intel,Intel Iris Xe,8,256.0,14.0,1737,1479,1582,660,2.4
Lenovo,Professional,AMD,8,2.6,NVIDIA,NVIDIA GeForce,16,512.0,13.3,2050,2774,2485,859,2.89
HP,Basic,AMD,4,2.2,AMD,AMD Radeon,4,128.0,15.6,890,496,654,216,3.03
Acer,Basic,Intel,2,2.3,Intel,Intel Iris Xe,4,256.0,15.6,454,497,480,393,1.22
Apple,Student,Intel,6,2.2,Intel,Intel Iris Xe,8,256.0,15.6,1314,1262,1283,515,2.49
Lenovo,Professional,Intel,6,4.2,NVIDIA,NVIDIA GeForce,16,1024.0,15.6,2516,3812,3294,1800,1.83
HP,Student,Intel,4,2.8,AMD,AMD Radeon,8,512.0,13.3,1109,1461,1320,812,1.63
Lenovo,Gaming,Intel,12,3.8,AMD,AMD Radeon,32,1024.0,15.6,4571,13693,10044,1133,8.86
Lenovo,Professional,AMD,8,2.5,NVIDIA,NVIDIA GeForce,16,1024.0,15.6,2022,3293,2785,2162,1.29
Lenovo,Student,AMD,6,2.6,AMD,AMD Radeon,8,512.0,15.6,1580,1273,1396,776,1.8
Dell,Student,Intel,4,2.8,AMD,AMD Radeon,8,512.0,17.3,1116,857,960,632,1.52
Dell,Professional,AMD,12,2.9,NVIDIA,NVIDIA GeForce,32,512.0,15.6,3538,1090,2069,2155,0.96
Dell,Professional,AMD,8,3.6,NVIDIA,NVIDIA RTX,16,1024.0,15.6,2884,1810,2240,1455,1.54
Apple,Professional,Intel,8,3.4,NVIDIA,NVIDIA RTX,16,1024.0,15.6,2751,1673,2104,2183,0.96
Lenovo,Student,AMD,4,3.1,Intel,Intel UHD,8,256.0,14.0,1242,1403,1339,525,2.55
Dell,Student,AMD,4,3.3,Intel,Intel UHD,8,256.0,13.3,1323,966,1109,499,2.22
Dell,Student,Intel,4,2.4,AMD,AMD Radeon,8,256.0,17.3,966,557,721,826,0.87
Dell,Student,AMD,4,2.3,AMD,AMD Radeon,16,256.0,15.6,916,1308,1151,633,1.82
ASUS,Gaming,Intel,16,3.7,NVIDIA,NVIDIA GeForce,32,512.0,14.0,5897,12448,9828,1168,8.41
HP,Student,Intel,6,3.2,Intel,Intel Iris Xe,8,512.0,14.0,1929,1421,1624,729,2.23
HP,Basic,AMD,2,2.6,Intel,Intel Iris Xe,8,256.0,13.3,512,500,504,344,1.47
HP,Basic,Intel,2,2.6,Intel,Intel UHD,8,256.0,13.3,524,556,544,408,1.33
HP,Basic,Intel,2,2.7,AMD,AMD Radeon,8,128.0,16.0,541,264,375,298,1.26
Dell,Basic,AMD,2,2.7,AMD,AMD Radeon,4,256.0,13.3,541,384,447,267,1.67
HP,Gaming,Intel,8,5.0,NVIDIA,NVIDIA RTX,32,1024.0,15.6,3994,8061,6434,2369,2.72
Dell,Professional,Intel,6,2.5,NVIDIA,NVIDIA RTX,16,512.0,15.6,1515,1575,1551,1252,1.24
Lenovo,Basic,Intel,2,2.5,AMD,AMD Radeon,4,128.0,14.0,490,387,428,406,1.05
ASUS,Student,Intel,6,2.9,Intel,Intel Iris Xe,8,512.0,14.0,1745,708,1123,749,1.5
HP,Professional,Intel,12,2.7,NVIDIA,NVIDIA GeForce,16,512.0,14.0,3190,1172,1979,900,2.2
ASUS,Basic,Intel,4,2.4,AMD,AMD Radeon,8,128.0,15.6,969,283,558,336,1.66
HP,Basic,AMD,4,2.0,AMD,AMD Radeon,4,256.0,14.0,818,697,746,309,2.41
HP,Student,AMD,4,2.8,Intel,Intel UHD,8,256.0,13.3,1130,1049,1081,550,1.97
Lenovo,Gaming,Intel,12,3.8,NVIDIA,NVIDIA GeForce,16,1024.0,17.3,4556,9227,7358,3045,2.42
HP,Student,Intel,6,3.0,Intel,Intel Iris Xe,16,256.0,15.6,1782,831,1212,926,1.31
ASUS,Student,Intel,4,2.6,AMD,AMD Radeon,8,256.0,15.6,1039,1105,1079,507,2.13
MSI,Basic,Intel,2,2.1,AMD,AMD Radeon,4,128.0,14.0,419,540,492,313,1.57
Lenovo,Student,Intel,6,3.0,Intel,Intel Iris Xe,8,512.0,17.3,1799,1214,1448,437,3.31
Lenovo,Student,Intel,4,2.8,Intel,Intel Iris Xe,8,256.0,17.3,1133,1012,1061,895,1.19
Apple,Gaming,Intel,12,3.3,AMD,AMD Radeon,32,2048.0,16.0,3946,8617,6748,1908,3.54
HP,Basic,Intel,2,1.8,AMD,AMD Radeon,8,128.0,15.6,360,719,576,248,2.32
Dell,Gaming,AMD,12,3.5,AMD,AMD Radeon,32,512.0,14.0,4259,14048,10132,3437,2.95
Acer,Basic,Intel,2,2.7,Intel,Intel Iris Xe,8,256.0,15.6,544,538,541,343,1.58
MSI,Basic,AMD,2,1.9,Intel,Intel UHD,4,128.0,15.6,390,672,559,241,2.32
Lenovo,Student,AMD,6,2.7,Intel,Intel Iris Xe,8,512.0,16.0,1600,524,955,672,1.42
HP,Basic,Intel,2,2.7,Intel,Intel Iris Xe,4,256.0,17.3,539,372,438,487,0.9
Acer,Basic,Intel,4,2.2,Intel,Intel Iris Xe,8,128.0,13.3,896,290,532,434,1.23
Razer,Professional,Intel,8,4.5,NVIDIA,NVIDIA RTX,16,1024.0,15.6,3594,3021,3250,1305,2.49
Dell,Professional,AMD,8,3.6,NVIDIA,NVIDIA RTX,16,512.0,15.6,2847,1056,1772,2036,0.87
Dell,Basic,Intel,2,1.7,AMD,AMD Radeon,4,256.0,14.0,350,650,530,508,1.04
Lenovo,Professional,Intel,8,4.3,NVIDIA,NVIDIA GeForce,16,1024.0,15.6,3409,3755,3616,1507,2.4
HP,Student,Intel,4,2.5,AMD,AMD Radeon,8,512.0,15.6,1017,628,784,518,1.51
Acer,Gaming,Intel,8,4.3,AMD,AMD Radeon,16,512.0,16.0,3406,14734,10203,2512,4.06
ASUS,Basic,AMD,2,1.9,AMD,AMD Radeon,4,128.0,16.0,377,689,564,286,1.97
HP,Basic,AMD,4,2.7,Intel,Intel Iris Xe,8,256.0,14.0,1078,238,574,436,1.32
Razer,Student,Intel,6,3.4,Intel,Intel UHD,16,512.0,15.6,2020,820,1300,531,2.45
Lenovo,Gaming,Intel,8,4.7,NVIDIA,NVIDIA GeForce,16,512.0,14.0,3723,12030,8707,2988,2.91
HP,Student,Intel,6,2.3,Intel,Intel UHD,8,512.0,15.6,1382,735,994,467,2.13
MSI,Gaming,Intel,12,3.2,NVIDIA,NVIDIA RTX,32,1024.0,13.3,3812,14059,9960,2182,4.56
Dell,Professional,AMD,8,2.6,AMD,AMD Radeon,32,1024.0,13.3,2094,2194,2154,2121,1.02
Dell,Student,Intel,6,2.7,AMD,AMD Radeon,16,512.0,15.6,1614,876,1171,568,2.06
ASUS,Gaming,Intel,12,3.9,NVIDIA,NVIDIA RTX,32,1024.0,13.3,4623,8772,7112,1915,3.71
Acer,Basic,Intel,4,2.6,Intel,Intel Iris Xe,4,128.0,14.0,1021,544,735,467,1.57
Lenovo,Gaming,AMD,12,4.9,NVIDIA,NVIDIA GeForce,32,2048.0,15.6,5919,5992,5963,1423,4.19
HP,Student,AMD,6,2.1,AMD,AMD Radeon,16,256.0,14.0,1265,814,994,864,1.15
MSI,Basic,AMD,4,2.3,AMD,AMD Radeon,4,256.0,15.6,920,211,495,231,2.14
Lenovo,Professional,Intel,8,3.0,AMD,AMD Radeon,32,512.0,15.6,2390,2462,2433,1865,1.3
MSI,Professional,Intel,12,3.3,NVIDIA,NVIDIA RTX,16,512.0,13.3,3953,1106,2245,1458,1.54
Dell,Student,Intel,4,2.1,AMD,AMD Radeon,16,256.0,15.6,838,759,790,859,0.92
Lenovo,Gaming,AMD,16,4.5,NVIDIA,NVIDIA RTX,16,512.0,16.0,7267,5111,5973,2899,2.06
Apple,Basic,AMD,2,2.5,AMD,AMD Radeon,8,128.0,15.6,504,412,448,174,2.57
Acer,Professional,AMD,12,2.8,NVIDIA,NVIDIA GeForce,32,512.0,15.6,3419,3065,3207,963,3.33
HP,Basic,AMD,4,2.4,AMD,AMD Radeon,4,128.0,15.6,975,732,829,352,2.36
HP,Professional,Intel,8,4.2,NVIDIA,NVIDIA GeForce,32,512.0,16.0,3345,2019,2549,1440,1.77
Lenovo,Gaming,Intel,12,5.5,NVIDIA,NVIDIA RTX,16,1024.0,15.6,6587,6277,6401,1554,4.12
Acer,Professional,AMD,12,3.4,NVIDIA,NVIDIA GeForce,32,512.0,15.6,4038,1164,2313,2491,0.93
Lenovo,Student,Intel,4,3.3,Intel,Intel UHD,8,256.0,15.6,1327,929,1088,444,2.45
Dell,Basic,AMD,4,2.1,AMD,AMD Radeon,8,512.0,15.6,840,602,697,413,1.69
ASUS,Student,Intel,6,2.4,AMD,AMD Radeon,8,512.0,15.6,1414,594,922,659,1.4
Dell,Professional,Intel,8,3.6,NVIDIA,NVIDIA GeForce,32,1024.0,13.3,2843,2990,2931,1450,2.02
Apple,Professional,Intel,8,2.6,AMD,AMD Radeon,16,1024.0,16.0,2111,3114,2713,2333,1.16
Apple,Student,Intel,6,2.8,AMD,AMD Radeon,16,512.0,17.3,1695,971,1261,557,2.26
Lenovo,Student,Intel,4,3.2,AMD,AMD Radeon,8,512.0,15.6,1286,1287,1287,404,3.19
Lenovo,Professional,Intel,6,3.6,AMD,AMD Radeon,16,512.0,16.0,2172,1160,1565,2432,0.64
HP,Professional,Intel,8,2.9,AMD,AMD Radeon,16,512.0,13.3,2299,2971,2702,1976,1.37
MSI,Gaming,Intel,12,4.9,NVIDIA,NVIDIA GeForce,32,2048.0,15.6,5940,14011,10783,1180,9.14
HP,Student,Intel,4,3.0,AMD,AMD Radeon,8,512.0,16.0,1192,1004,1079,906,1.19
Lenovo,Professional,Intel,8,2.8,AMD,AMD Radeon,32,512.0,14.0,2252,1081,1549,877,1.77
Dell,Professional,Intel,6,2.5,NVIDIA,NVIDIA RTX,32,512.0,17.3,1504,3429,2659,905,2.94
Lenovo,Professional,Intel,12,2.6,NVIDIA,NVIDIA GeForce,16,512.0,17.3,3140,2117,2526,1532,1.65
Lenovo,Student,Intel,6,3.0,AMD,AMD Radeon,8,512.0,17.3,1824,843,1235,910,1.36
HP,Basic,Intel,2,2.6,Intel,Intel Iris Xe,4,128.0,15.6,527,783,681,505,1.35
Dell,Professional,Intel,6,4.1,NVIDIA,NVIDIA RTX,32,512.0,16.0,2453,3317,2972,2293,1.3
MSI,Basic,Intel,2,1.7,AMD,AMD Radeon,8,512.0,14.0,332,519,444,270,1.64
Dell,Basic,Intel,4,2.7,Intel,Intel Iris Xe,4,256.0,13.3,1098,639,823,393,2.09
Acer,Basic,AMD,2,2.4,Intel,Intel Iris Xe,8,256.0,14.0,482,439,456,340,1.34
Apple,Student,Intel,6,3.0,Intel,Intel UHD,8,512.0,15.6,1778,836,1212,603,2.01
HP,Gaming,AMD,12,4.8,AMD,AMD Radeon,16,1024.0,14.0,5708,12252,9634,4063,2.37
Lenovo,Professional,Intel,8,4.1,NVIDIA,NVIDIA RTX,16,1024.0,15.6,3270,2448,2777,925,3.0
Dell,Gaming,Intel,8,4.6,NVIDIA,NVIDIA RTX,32,512.0,15.6,3644,13497,9556,3435,2.78
HP,Professional,AMD,8,4.3,NVIDIA,NVIDIA GeForce,32,1024.0,15.6,3450,3324,3375,1607,2.1
MSI,Professional,Intel,12,3.6,NVIDIA,NVIDIA RTX,16,1024.0,14.0,4270,2876,3434,1627,2.11
HP,Gaming,Intel,16,5.2,NVIDIA,NVIDIA GeForce,32,512.0,16.0,8241,10265,9455,1225,7.72
Lenovo,Student,AMD,6,3.4,Intel,Intel UHD,8,512.0,13.3,2027,907,1355,604,2.24
HP,Professional,AMD,6,3.6,NVIDIA,NVIDIA RTX,32,1024.0,16.0,2151,2665,2459,1837,1.34
Dell,Gaming,AMD,16,4.3,NVIDIA,NVIDIA RTX,32,512.0,14.0,6849,10732,9179,3922,2.34
Apple,Student,AMD,6,3.5,Intel,Intel UHD,16,512.0,14.0,2073,1243,1575,625,2.52
Acer,Professional,AMD,6,4.0,AMD,AMD Radeon,16,512.0,13.3,2374,1589,1903,1350,1.41
ASUS,Student,Intel,4,2.8,AMD,AMD Radeon,16,512.0,14.0,1123,1384,1280,886,1.44
Dell,Basic,AMD,2,1.7,Intel,Intel Iris Xe,4,128.0,14.0,342,522,450,483,0.93
MSI,Student,Intel,4,2.9,AMD,AMD Radeon,8,256.0,15.6,1177,706,894,567,1.58
ASUS,Basic,Intel,2,2.5,AMD,AMD Radeon,4,128.0,15.6,497,239,342,313,1.09
Dell,Gaming,AMD,12,4.6,AMD,AMD Radeon,32,512.0,13.3,5544,6692,6232,2004,3.11
Dell,Student,Intel,6,2.0,Intel,Intel Iris Xe,8,512.0,16.0,1208,507,787,848,0.93
Lenovo,Gaming,Intel,12,3.8,NVIDIA,NVIDIA GeForce,16,1024.0,16.0,4541,14878,10743,1625,6.61
ASUS,Basic,Intel,2,2.3,AMD,AMD Radeon,4,256.0,14.0,455,519,494,311,1.59
Lenovo,Student,Intel,4,2.7,AMD,AMD Radeon,16,256.0,14.0,1091,905,979,657,1.49
Lenovo,Student,Intel,6,3.0,AMD,AMD Radeon,16,256.0,15.6,1798,873,1243,459,2.71
HP,Basic,Intel,4,1.7,AMD,AMD Radeon,4,256.0,17.3,671,339,472,474,1.0
Lenovo,Basic,Intel,2,2.1,Intel,Intel UHD,8,256.0,16.0,429,659,567,236,2.4
HP,Basic,AMD,2,2.7,AMD,AMD Radeon,8,128.0,15.6,530,731,651,333,1.95
Apple,Student,AMD,4,3.1,Intel,Intel UHD,16,256.0,14.0,1238,636,877,711,1.23
Dell,Gaming,AMD,12,3.7,AMD,AMD Radeon,32,1024.0,15.6,4470,9244,7335,3120,2.35
Razer,Basic,AMD,2,1.9,AMD,AMD Radeon,4,128.0,14.0,389,238,298,208,1.43
Razer,Basic,Intel,2,1.7,AMD,AMD Radeon,4,256.0,15.6,345,517,448,244,1.84
Apple,Student,Intel,6,2.9,Intel,Intel UHD,8,256.0,14.0,1722,846,1196,616,1.94
Lenovo,Student,Intel,6,2.4,Intel,Intel Iris Xe,8,256.0,13.3,1452,1342,1386,831,1.67
Acer,Basic,Intel,4,2.1,Intel,Intel UHD,4,128.0,13.3,823,663,727,402,1.81
Lenovo,Professional,Intel,8,3.6,NVIDIA,NVIDIA RTX,16,512.0,13.3,2867,3016,2956,1392,2.12
Apple,Professional,Intel,12,2.5,NVIDIA,NVIDIA RTX,16,512.0,14.0,3026,2464,2689,977,2.75
Dell,Gaming,Intel,8,3.5,NVIDIA,NVIDIA RTX,32,512.0,15.6,2840,14815,10025,2523,3.97
Lenovo,Basic,Intel,2,2.0,AMD,AMD Radeon,4,512.0,14.0,392,529,474,406,1.17
Lenovo,Student,Intel,6,2.7,AMD,AMD Radeon,8,512.0,16.0,1591,1307,1421,835,1.7
Dell,Basic,Intel,4,2.3,Intel,Intel UHD,4,256.0,14.0,908,531,682,312,2.19
Dell,Professional,Intel,8,4.3,NVIDIA,NVIDIA GeForce,16,512.0,16.0,3431,2707,2997,825,3.63
HP,Student,Intel,6,2.1,AMD,AMD Radeon,8,256.0,15.6,1266,1340,1310,804,1.63
Acer,Student,AMD,4,3.2,Intel,Intel Iris Xe,16,512.0,17.3,1285,633,894,764,1.17
Dell,Professional,Intel,6,4.4,NVIDIA,NVIDIA GeForce,16,512.0,14.0,2622,2191,2363,1814,1.3
Lenovo,Professional,Intel,8,2.8,NVIDIA,NVIDIA RTX,16,512.0,17.3,2203,2015,2090,2270,0.92
Lenovo,Professional,AMD,8,3.5,AMD,AMD Radeon,32,512.0,13.3,2766,1474,1990,2145,0.93
HP,Basic,Intel,4,2.4,Intel,Intel UHD,4,512.0,13.3,942,639,760,411,1.85
HP,Student,Intel,6,2.3,Intel,Intel UHD,8,256.0,13.3,1351,1212,1268,591,2.15
HP,Gaming,Intel,12,3.7,NVIDIA,NVIDIA GeForce,16,512.0,15.6,4497,13025,9614,2665,3.61
Lenovo,Basic,Intel,4,1.8,Intel,Intel UHD,8,128.0,17.3,730,570,634,192,3.3
Lenovo,Basic,Intel,4,2.6,Intel,Intel Iris Xe,4,128.0,15.6,1027,742,856,198,4.32
HP,Student,Intel,6,2.9,Intel,Intel Iris Xe,8,256.0,14.0,1731,852,1204,825,1.46
HP,Basic,AMD,4,2.4,Intel,Intel Iris Xe,4,256.0,14.0,976,289,564,311,1.81
Dell,Professional,Intel,8,2.5,NVIDIA,NVIDIA GeForce,16,512.0,13.3,2028,2851,2522,1041,2.42
Lenovo,Professional,AMD,12,2.7,NVIDIA,NVIDIA GeForce,16,1024.0,16.0,3182,3132,3152,1826,1.73
HP,Gaming,Intel,16,3.9,NVIDIA,NVIDIA GeForce,32,1024.0,14.0,6313,8243,7471,3079,2.43
Acer,Gaming,AMD,12,3.8,NVIDIA,NVIDIA RTX,32,512.0,15.6,4510,8786,7076,2957,2.39
Acer,Student,Intel,4,2.8,AMD,AMD Radeon,8,512.0,14.0,1121,1475,1334,764,1.75
Lenovo,Student,AMD,6,2.1,AMD,AMD Radeon,8,256.0,15.6,1251,1259,1256,915,1.37
Lenovo,Basic,Intel,2,2.7,AMD,AMD Radeon,4,256.0,15.6,532,600,572,365,1.57
Dell,Gaming,Intel,8,5.3,NVIDIA,NVIDIA RTX,32,1024.0,13.3,4249,7289,6073,1309,4.64
HP,Student,AMD,6,2.7,Intel,Intel Iris Xe,16,256.0,16.0,1626,896,1188,508,2.34
Lenovo,Gaming,Intel,16,4.0,NVIDIA,NVIDIA GeForce,16,2048.0,13.3,6323,5878,6056,2730,2.22
Lenovo,Professional,Intel,8,2.9,AMD,AMD Radeon,32,512.0,15.6,2314,1877,2052,1476,1.39
HP,Basic,Intel,4,2.0,AMD,AMD Radeon,4,128.0,15.6,797,665,718,297,2.42
Lenovo,Student,Intel,4,2.2,Intel,Intel Iris Xe,16,256.0,13.3,860,1380,1172,740,1.58
ASUS,Student,Intel,6,3.5,Intel,Intel Iris Xe,8,512.0,13.3,2073,584,1179,479,2.46
HP,Basic,Intel,2,2.7,Intel,Intel UHD,4,128.0,15.6,550,765,679,387,1.75
Apple,Student,AMD,6,2.4,AMD,AMD Radeon,8,512.0,13.3,1427,1377,1397,702,1.99
Dell,Basic,AMD,2,2.1,AMD,AMD Radeon,4,128.0,13.3,422,203,291,232,1.25
MSI,Gaming,Intel,16,5.1,NVIDIA,NVIDIA GeForce,32,2048.0,14.0,8131,9881,9181,2200,4.17
MSI,Student,Intel,4,3.2,Intel,Intel UHD,8,256.0,17.3,1267,800,987,673,1.47
HP,Student,AMD,6,2.8,AMD,AMD Radeon,8,512.0,13.3,1685,1202,1395,543,2.57
MSI,Gaming,Intel,12,5.3,NVIDIA,NVIDIA RTX,32,512.0,15.6,6371,13002,10349,2837,3.65
Lenovo,Professional,Intel,6,3.2,NVIDIA,NVIDIA RTX,32,1024.0,16.0,1912,3886,3096,2037,1.52
MSI,Basic,Intel,4,1.9,Intel,Intel Iris Xe,4,128.0,15.6,779,471,594,376,1.58
ASUS,Student,Intel,4,3.4,Intel,Intel UHD,16,256.0,13.3,1347,1202,1260,424,2.97
Lenovo,Student,AMD,6,2.6,Intel,Intel Iris Xe,8,256.0,15.6,1541,792,1092,795,1.37
MSI,Professional,AMD,6,3.0,AMD,AMD Radeon,16,1024.0,13.3,1818,1853,1839,1122,1.64
ASUS,Student,Intel,6,2.0,Intel,Intel UHD,16,512.0,14.0,1227,878,1018,525,1.94
Dell,Basic,Intel,2,2.5,AMD,AMD Radeon,8,128.0,13.3,506,694,619,474,1.31
Lenovo,Basic,Intel,4,2.8,AMD,AMD Radeon,4,128.0,16.0,1108,253,595,328,1.81
Lenovo,Professional,Intel,6,2.9,AMD,AMD Radeon,16,1024.0,14.0,1717,2736,2329,1220,1.91
Apple,Gaming,AMD,12,4.9,NVIDIA,NVIDIA RTX,16,512.0,15.6,5905,7427,6818,3991,1.71
HP,Gaming,Intel,8,4.6,NVIDIA,NVIDIA RTX,32,512.0,14.0,3670,14107,9932,2320,4.28
Lenovo,Student,Intel,4,2.3,Intel,Intel Iris Xe,8,256.0,17.3,911,727,800,602,1.33
HP,Professional,Intel,8,3.0,NVIDIA,NVIDIA RTX,16,1024.0,15.6,2363,3746,3193,2012,1.59
Razer,Gaming,AMD,12,3.8,AMD,AMD Radeon,16,512.0,15.6,4567,14333,10427,2920,3.57
HP,Gaming,Intel,8,4.7,AMD,AMD Radeon,16,512.0,15.6,3730,14364,10110,1056,9.57
ASUS,Student,Intel,6,2.5,Intel,Intel UHD,8,512.0,16.0,1500,570,942,861,1.09
HP,Professional,AMD,8,4.2,NVIDIA,NVIDIA GeForce,16,512.0,17.3,3369,1476,2233,1033,2.16
Lenovo,Gaming,AMD,8,4.8,NVIDIA,NVIDIA RTX,32,1024.0,17.3,3852,11180,8248,3036,2.72
Dell,Student,Intel,6,2.5,AMD,AMD Radeon,8,256.0,15.6,1474,829,1087,509,2.14
ASUS,Professional,Intel,8,2.6,AMD,AMD Radeon,16,1024.0,15.6,2077,3974,3215,1118,2.88
Acer,Professional,AMD,8,3.4,AMD,AMD Radeon,32,512.0,13.3,2754,3357,3116,2349,1.33
HP,Professional,Intel,12,3.3,AMD,AMD Radeon,32,1024.0,14.0,3991,3150,3486,2057,1.69
Dell,Basic,Intel,2,2.3,AMD,AMD Radeon,4,128.0,14.0,455,451,453,297,1.53
Dell,Basic,Intel,2,1.8,Intel,Intel Iris Xe,8,256.0,16.0,362,456,418,359,1.16
ASUS,Basic,AMD,4,2.2,Intel,Intel Iris Xe,4,256.0,15.6,899,224,494,414,1.19
HP,Gaming,AMD,12,3.2,NVIDIA,NVIDIA GeForce,32,1024.0,14.0,3783,10443,7779,2062,3.77
Dell,Student,Intel,4,3.1,Intel,Intel UHD,16,256.0,14.0,1221,739,932,414,2.25
HP,Professional,AMD,8,2.7,AMD,AMD Radeon,16,512.0,15.6,2122,3571,2991,1832,1.63
Apple,Basic,AMD,4,2.8,AMD,AMD Radeon,4,256.0,15.6,1112,215,574,200,2.87
Apple,Professional,Intel,6,2.9,NVIDIA,NVIDIA RTX,16,1024.0,17.3,1727,1719,1722,1674,1.03
ASUS,Basic,AMD,4,2.3,AMD,AMD Radeon,4,128.0,13.3,930,696,789,278,2.84
HP,Student,Intel,6,3.3,AMD,AMD Radeon,8,512.0,15.6,1984,853,1305,870,1.5
Acer,Basic,Intel,2,2.3,AMD,AMD Radeon,4,128.0,14.0,463,692,601,206,2.92
Lenovo,Basic,Intel,2,1.9,Intel,Intel Iris Xe,4,128.0,16.0,372,502,450,282,1.6
Dell,Basic,Intel,2,1.8,Intel,Intel Iris Xe,4,256.0,15.6,355,318,333,231,1.44
Apple,Gaming,Intel,8,4.6,NVIDIA,NVIDIA RTX,32,2048.0,13.3,3689,12672,9079,1565,5.8
Apple,Basic,Intel,4,1.8,Intel,Intel UHD,8,128.0,15.6,735,485,585,288,2.03
Dell,Gaming,AMD,16,4.6,NVIDIA,NVIDIA GeForce,32,2048.0,14.0,7340,11761,9993,2624,3.81
HP,Student,Intel,4,3.4,AMD,AMD Radeon,8,512.0,14.0,1348,570,882,748,1.18
HP,Professional,Intel,8,3.4,NVIDIA,NVIDIA GeForce,32,512.0,15.6,2726,2525,2605,1840,1.42
Lenovo,Gaming,Intel,8,3.3,AMD,AMD Radeon,32,512.0,13.3,2673,5054,4101,3324,1.23
MSI,Student,AMD,4,3.2,AMD,AMD Radeon,8,512.0,15.6,1284,950,1084,795,1.36
ASUS,Basic,AMD,2,2.4,AMD,AMD Radeon,4,128.0,15.6,481,466,472,274,1.72
Razer,Professional,AMD,12,4.3,NVIDIA,NVIDIA RTX,16,1024.0,15.6,5138,1144,2742,1191,2.3
ASUS,Student,Intel,4,2.4,AMD,AMD Radeon,16,512.0,14.0,980,933,952,584,1.63
MSI,Professional,AMD,8,3.0,AMD,AMD Radeon,16,1024.0,15.6,2417,2280,2335,1920,1.22
Lenovo,Professional,Intel,8,4.0,NVIDIA,NVIDIA GeForce,16,1024.0,16.0,3186,1000,1874,1341,1.4
ASUS,Basic,AMD,4,2.7,Intel,Intel Iris Xe,4,128.0,14.0,1066,229,564,333,1.69
Dell,Professional,AMD,6,3.9,NVIDIA,NVIDIA GeForce,16,512.0,13.3,2326,1279,1698,931,1.82
ASUS,Gaming,Intel,16,3.6,NVIDIA,NVIDIA RTX,16,2048.0,14.0,5692,10563,8614,1986,4.34
Dell,Student,Intel,6,2.0,Intel,Intel UHD,16,256.0,14.0,1224,941,1054,794,1.33
Dell,Basic,Intel,4,1.9,AMD,AMD Radeon,4,128.0,13.3,763,465,584,309,1.89
Razer,Basic,Intel,4,1.7,AMD,AMD Radeon,4,128.0,14.0,699,534,600,431,1.39
ASUS,Basic,Intel,2,1.9,AMD,AMD Radeon,8,128.0,15.6,382,491,448,298,1.5
Dell,Student,Intel,6,2.5,AMD,AMD Radeon,16,512.0,16.0,1485,1161,1291,564,2.29
Razer,Student,AMD,6,3.3,Intel,Intel Iris Xe,16,512.0,15.6,2000,1074,1444,458,3.15
Razer,Professional,Intel,8,3.9,NVIDIA,NVIDIA GeForce,16,512.0,14.0,3118,3015,3056,1426,2.14
ASUS,Gaming,Intel,8,3.8,NVIDIA,NVIDIA RTX,16,1024.0,13.3,3077,9771,7094,970,7.31
Acer,Gaming,AMD,12,4.3,AMD,AMD Radeon,32,2048.0,17.3,5161,14693,10880,1422,7.65
MSI,Student,Intel,6,3.3,AMD,AMD Radeon,16,512.0,14.0,1953,728,1218,919,1.33
Apple,Basic,AMD,4,2.0,Intel,Intel UHD,4,128.0,13.3,784,207,438,487,0.9
Lenovo,Basic,Intel,2,2.2,AMD,AMD Radeon,4,256.0,13.3,438,261,332,331,1.0
Razer,Basic,Intel,4,2.1,AMD,AMD Radeon,4,256.0,14.0,823,368,550,449,1.22
Dell,Basic,AMD,4,2.5,AMD,AMD Radeon,8,256.0,15.6,1005,694,819,386,2.12
Dell,Student,Intel,6,3.3,AMD,AMD Radeon,8,256.0,15.6,1960,819,1276,535,2.39
Lenovo,Student,Intel,6,2.9,AMD,AMD Radeon,8,256.0,16.0,1731,537,1015,372,2.73
ASUS,Basic,Intel,2,2.2,Intel,Intel UHD,4,128.0,17.3,437,585,526,398,1.32
Lenovo,Gaming,Intel,8,4.0,AMD,AMD Radeon,16,2048.0,13.3,3219,9970,7270,3955,1.84
Lenovo,Student,Intel,6,3.4,Intel,Intel UHD,16,512.0,13.3,2012,1395,1642,457,3.59
MSI,Student,Intel,4,2.7,AMD,AMD Radeon,8,512.0,14.0,1089,1490,1329,672,1.98
ASUS,Basic,Intel,2,2.2,Intel,Intel UHD,4,128.0,14.0,435,764,632,381,1.66
Lenovo,Student,Intel,6,3.3,Intel,Intel UHD,8,512.0,16.0,1950,728,1217,716,1.7
Razer,Student,Intel,4,3.0,AMD,AMD Radeon,8,256.0,16.0,1214,714,914,371,2.46
Razer,Basic,Intel,4,1.6,AMD,AMD Radeon,4,128.0,14.0,657,312,450,173,2.6
Razer,Gaming,AMD,12,4.0,AMD,AMD Radeon,32,1024.0,17.3,4827,7177,6237,2935,2.13
HP,Basic,Intel,4,2.5,AMD,AMD Radeon,4,256.0,13.3,1006,512,709,339,2.09
Lenovo,Student,Intel,6,2.6,Intel,Intel Iris Xe,8,256.0,13.3,1547,719,1050,446,2.35
Dell,Basic,Intel,2,1.8,Intel,Intel Iris Xe,4,128.0,15.6,358,549,473,298,1.59
MSI,Professional,Intel,8,3.9,NVIDIA,NVIDIA RTX,16,512.0,17.3,3111,2806,2928,1359,2.15
ASUS,Gaming,Intel,16,3.3,AMD,AMD Radeon,32,2048.0,17.3,5344,10764,8596,1532,5.61
Acer,Gaming,Intel,8,5.2,AMD,AMD Radeon,16,1024.0,15.6,4189,12799,9355,3801,2.46
Lenovo,Basic,AMD,4,2.0,AMD,AMD Radeon,4,128.0,17.3,811,223,458,251,1.82
ASUS,Student,Intel,6,3.0,Intel,Intel UHD,8,256.0,15.6,1775,752,1161,674,1.72
ASUS,Gaming,Intel,12,4.7,NVIDIA,NVIDIA RTX,16,512.0,14.0,5690,13980,10664,1439,7.41
ASUS,Professional,Intel,6,3.2,NVIDIA,NVIDIA GeForce,16,512.0,13.3,1901,1276,1526,1954,0.78
Acer,Basic,AMD,4,1.7,AMD,AMD Radeon,8,128.0,14.0,694,568,618,461,1.34
Lenovo,Student,Intel,6,3.0,Intel,Intel Iris Xe,8,256.0,16.0,1789,535,1037,771,1.35
Acer,Basic,AMD,2,2.4,Intel,Intel UHD,8,128.0,15.6,473,202,310,446,0.7
ASUS,Professional,Intel,6,4.3,NVIDIA,NVIDIA GeForce,16,1024.0,15.6,2584,3373,3058,1431,2.14
HP,Basic,Intel,2,1.7,AMD,AMD Radeon,4,128.0,15.6,343,393,373,368,1.01
HP,Basic,Intel,2,2.2,Intel,Intel UHD,4,256.0,14.0,447,491,473,364,1.3
Dell,Student,AMD,4,2.3,Intel,Intel UHD,8,512.0,16.0,923,1305,1152,546,2.11
Acer,Professional,Intel,6,4.5,NVIDIA,NVIDIA GeForce,16,512.0,14.0,2699,3970,3462,1492,2.32
Dell,Gaming,Intel,12,4.9,AMD,AMD Radeon,16,512.0,13.3,5836,6531,6253,1407,4.44
ASUS,Gaming,AMD,8,4.5,NVIDIA,NVIDIA RTX,32,512.0,16.0,3606,10254,7594,1505,5.05
Lenovo,Gaming,Intel,8,3.6,AMD,AMD Radeon,16,512.0,17.3,2840,8150,6026,3332,1.81
HP,Basic,AMD,4,1.9,Intel,Intel Iris Xe,4,128.0,16.0,743,337,499,313,1.59
HP,Gaming,Intel,8,5.3,NVIDIA,NVIDIA GeForce,16,512.0,15.6,4205,10190,7796,3019,2.58
Lenovo,Student,Intel,4,3.1,AMD,AMD Radeon,8,512.0,17.3,1239,1002,1097,928,1.18
MSI,Professional,Intel,8,4.1,NVIDIA,NVIDIA RTX,16,512.0,14.0,3278,2194,2627,1198,2.19
MSI,Basic,AMD,2,2.1,AMD,AMD Radeon,4,256.0,15.6,414,367,386,520,0.74
HP,Student,Intel,6,3.0,AMD,AMD Radeon,8,256.0,14.0,1793,801,1198,564,2.12
ASUS,Gaming,Intel,12,3.7,AMD,AMD Radeon,32,1024.0,13.3,4429,8458,6846,2323,2.95
Dell,Student,Intel,4,3.3,Intel,Intel UHD,16,512.0,13.3,1333,1275,1298,817,1.59
Lenovo,Gaming,AMD,8,3.6,NVIDIA,NVIDIA RTX,16,512.0,15.6,2880,6770,5214,1132,4.61
HP,Gaming,AMD,8,3.8,NVIDIA,NVIDIA GeForce,32,2048.0,13.3,3073,13418,9280,3110,2.98
Acer,Student,Intel,4,3.1,Intel,Intel Iris Xe,8,256.0,15.6,1220,697,906,584,1.55
Dell,Basic,AMD,2,1.9,AMD,AMD Radeon,4,128.0,17.3,378,719,582,399,1.46
Lenovo,Student,Intel,4,2.5,AMD,AMD Radeon,8,256.0,17.3,1013,505,708,544,1.3
Acer,Professional,Intel,8,2.9,NVIDIA,NVIDIA GeForce,16,512.0,15.6,2347,3979,3326,1551,2.14
ASUS,Professional,AMD,8,4.0,AMD,AMD Radeon,16,512.0,14.0,3202,1865,2399,936,2.56
ASUS,Professional,Intel,8,4.1,AMD,AMD Radeon,16,1024.0,16.0,3299,1193,2035,1070,1.9
Dell,Professional,Intel,12,3.8,NVIDIA,NVIDIA RTX,16,512.0,15.6,4533,1226,2549,867,2.94
ASUS,Basic,Intel,4,2.6,Intel,Intel UHD,4,256.0,16.0,1044,236,559,422,1.32
Razer,Basic,Intel,4,2.3,Intel,Intel UHD,8,128.0,16.0,935,741,819,274,2.99
MSI,Basic,Intel,2,2.4,Intel,Intel UHD,4,256.0,16.0,481,269,354,409,0.87
ASUS,Student,Intel,4,3.1,Intel,Intel Iris Xe,8,256.0,15.6,1226,1348,1299,551,2.36
Apple,Basic,Intel,4,1.7,AMD,AMD Radeon,4,256.0,16.0,667,319,458,456,1.0
HP,Student,Intel,4,2.6,AMD,AMD Radeon,8,512.0,16.0,1051,1233,1160,542,2.14
Acer,Basic,Intel,2,2.0,Intel,Intel UHD,4,128.0,13.3,397,484,449,454,0.99
HP,Student,AMD,4,3.2,AMD,AMD Radeon,8,256.0,16.0,1294,597,876,467,1.88
Dell,Basic,Intel,2,2.4,Intel,Intel UHD,4,128.0,15.6,486,679,602,297,2.03
MSI,Professional,AMD,8,4.5,AMD,AMD Radeon,16,512.0,16.0,3564,1037,2048,2407,0.85
Lenovo,Professional,Intel,6,3.2,NVIDIA,NVIDIA RTX,16,1024.0,16.0,1937,1152,1466,1836,0.8
HP,Student,Intel,4,2.4,AMD,AMD Radeon,8,512.0,15.6,951,745,827,816,1.01
Dell,Professional,Intel,12,4.0,NVIDIA,NVIDIA RTX,16,1024.0,14.0,4824,2782,3599,2242,1.61
Dell,Professional,Intel,8,4.2,NVIDIA,NVIDIA GeForce,16,1024.0,17.3,3386,3429,3412,1400,2.44
Lenovo,Gaming,Intel,8,5.5,AMD,AMD Radeon,32,1024.0,15.6,4370,8822,7041,3661,1.92
ASUS,Professional,Intel,8,3.3,AMD,AMD Radeon,32,1024.0,15.6,2612,2980,2833,2390,1.19
Lenovo,Student,Intel,4,2.9,Intel,Intel UHD,8,512.0,14.0,1160,1345,1271,878,1.45
ASUS,Basic,Intel,2,2.8,Intel,Intel Iris Xe,4,128.0,15.6,557,319,414,413,1.0
HP,Gaming,Intel,8,4.2,NVIDIA,NVIDIA GeForce,16,512.0,14.0,3322,8319,6320,3773,1.68
Apple,Student,AMD,6,2.7,AMD,AMD Radeon,8,256.0,13.3,1609,733,1083,557,1.94
Acer,Student,Intel,6,2.5,Intel,Intel UHD,8,256.0,13.3,1511,566,944,459,2.06
Acer,Student,Intel,4,2.7,Intel,Intel UHD,8,512.0,15.6,1084,547,762,447,1.7
Lenovo,Basic,Intel,4,2.5,AMD,AMD Radeon,8,256.0,13.3,999,469,681,557,1.22
Lenovo,Student,AMD,6,2.3,AMD,AMD Radeon,16,256.0,16.0,1397,767,1019,546,1.87
Acer,Basic,Intel,4,2.5,Intel,Intel Iris Xe,4,256.0,13.3,988,587,748,317,2.36
HP,Basic,Intel,2,2.6,AMD,AMD Radeon,4,256.0,17.3,526,263,368,324,1.14
Acer,Professional,Intel,6,2.9,AMD,AMD Radeon,16,512.0,14.0,1741,2821,2389,2011,1.19
ASUS,Student,Intel,4,2.9,AMD,AMD Radeon,8,512.0,13.3,1166,1393,1302,565,2.3
HP,Gaming,AMD,8,4.3,NVIDIA,NVIDIA RTX,16,512.0,17.3,3437,10408,7620,3784,2.01
HP,Basic,Intel,4,1.7,Intel,Intel UHD,4,256.0,15.6,675,768,731,214,3.42
HP,Student,Intel,6,2.7,Intel,Intel UHD,8,256.0,14.0,1603,1069,1283,541,2.37
Lenovo,Basic,Intel,4,1.7,Intel,Intel UHD,4,128.0,15.6,679,761,728,294,2.48
HP,Basic,Intel,4,2.7,Intel,Intel UHD,4,128.0,13.3,1084,729,871,551,1.58
Dell,Basic,Intel,2,2.7,AMD,AMD Radeon,4,256.0,15.6,546,405,462,293,1.58
HP,Gaming,Intel,12,5.1,NVIDIA,NVIDIA RTX,32,512.0,16.0,6112,12366,9865,1655,5.96
Dell,Student,Intel,6,2.8,Intel,Intel UHD,8,256.0,14.0,1651,1371,1483,769,1.93
Acer,Gaming,Intel,8,3.8,NVIDIA,NVIDIA GeForce,32,1024.0,17.3,3016,7759,5862,2407,2.44
ASUS,Professional,AMD,6,3.6,AMD,AMD Radeon,16,512.0,15.6,2181,1708,1897,1300,1.46
HP,Gaming,AMD,12,4.1,NVIDIA,NVIDIA GeForce,32,1024.0,15.6,4974,6326,5785,1610,3.59
Dell,Gaming,Intel,12,3.6,AMD,AMD Radeon,32,1024.0,17.3,4312,12419,9176,3966,2.31
ASUS,Gaming,Intel,12,5.3,NVIDIA,NVIDIA GeForce,16,1024.0,15.6,6356,14630,11320,1843,6.14
Lenovo,Basic,AMD,2,2.1,Intel,Intel Iris Xe,4,128.0,15.6,418,499,466,412,1.13
Lenovo,Student,Intel,6,2.2,AMD,AMD Radeon,8,512.0,16.0,1304,1182,1231,477,2.58
Dell,Student,AMD,6,2.7,Intel,Intel UHD,16,256.0,16.0,1614,1143,1332,809,1.65
MSI,Student,AMD,6,2.7,Intel,Intel Iris Xe,16,512.0,14.0,1631,1391,1487,612,2.43
Lenovo,Professional,AMD,8,3.7,NVIDIA,NVIDIA GeForce,32,512.0,16.0,2973,3961,3566,983,3.63
Acer,Professional,Intel,8,2.8,NVIDIA,NVIDIA RTX,32,1024.0,16.0,2224,3413,2937,1472,2.0
Razer,Student,Intel,6,2.6,AMD,AMD Radeon,8,256.0,15.6,1561,670,1026,490,2.09
Dell,Professional,Intel,6,3.1,NVIDIA,NVIDIA GeForce,32,512.0,15.6,1854,3019,2553,1880,1.36
HP,Basic,AMD,2,2.8,Intel,Intel Iris Xe,4,128.0,15.6,559,273,388,427,0.91
Dell,Student,AMD,6,3.3,Intel,Intel UHD,8,512.0,14.0,1981,1345,1599,741,2.16
Lenovo,Student,Intel,6,3.4,Intel,Intel Iris Xe,16,256.0,13.3,2018,938,1370,512,2.68
Dell,Gaming,AMD,8,4.8,NVIDIA,NVIDIA RTX,16,1024.0,15.6,3806,5105,4586,1955,2.35
Lenovo,Gaming,AMD,16,5.1,AMD,AMD Radeon,16,512.0,15.6,8090,11613,10204,3031,3.37
MSI,Basic,AMD,2,2.6,AMD,AMD Radeon,4,256.0,15.6,530,717,642,325,1.98
ASUS,Student,Intel,6,2.5,AMD,AMD Radeon,8,512.0,14.0,1496,941,1163,406,2.86
Dell,Professional,Intel,8,3.1,NVIDIA,NVIDIA RTX,16,1024.0,17.3,2473,1785,2060,1613,1.28
HP,Gaming,AMD,12,3.1,NVIDIA,NVIDIA GeForce,32,512.0,15.6,3734,12785,9165,1983,4.62
MSI,Basic,Intel,2,2.0,AMD,AMD Radeon,8,128.0,15.6,398,425,414,325,1.27
Dell,Professional,Intel,12,3.9,NVIDIA,NVIDIA GeForce,16,512.0,17.3,4657,2785,3534,1291,2.74
Dell,Gaming,Intel,16,4.5,AMD,AMD Radeon,16,512.0,15.6,7257,9759,8758,3838,2.28
ASUS,Professional,Intel,8,2.7,NVIDIA,NVIDIA RTX,32,1024.0,15.6,2176,3178,2777,2373,1.17
ASUS,Basic,Intel,2,2.2,AMD,AMD Radeon,4,256.0,14.0,440,570,518,316,1.64
Dell,Basic,Intel,2,2.3,Intel,Intel Iris Xe,4,256.0,15.6,464,749,635,418,1.52
Acer,Basic,AMD,2,1.9,AMD,AMD Radeon,4,256.0,15.6,378,668,552,337,1.64
HP,Gaming,Intel,12,4.7,NVIDIA,NVIDIA RTX,16,512.0,17.3,5641,12190,9570,3428,2.79
HP,Professional,Intel,8,3.6,NVIDIA,NVIDIA GeForce,16,1024.0,16.0,2882,1417,2003,1019,1.97
Lenovo,Professional,Intel,8,3.6,AMD,AMD Radeon,16,512.0,15.6,2883,3158,3048,885,3.44
Dell,Gaming,Intel,16,3.8,NVIDIA,NVIDIA GeForce,16,1024.0,16.0,6092,6491,6331,3837,1.65
Razer,Student,Intel,4,3.3,Intel,Intel Iris Xe,16,512.0,15.6,1321,1335,1329,833,1.6
Razer,Professional,AMD,6,3.5,NVIDIA,NVIDIA GeForce,16,1024.0,15.6,2087,3462,2912,1942,1.5
HP,Gaming,Intel,8,3.5,NVIDIA,NVIDIA RTX,32,1024.0,14.0,2762,10508,7409,1747,4.24
ASUS,Basic,Intel,2,1.7,AMD,AMD Radeon,4,128.0,16.0,330,700,552,385,1.43
MSI,Gaming,Intel,12,5.4,NVIDIA,NVIDIA RTX,32,1024.0,16.0,6519,14161,11104,2791,3.98
Lenovo,Student,Intel,6,3.2,Intel,Intel Iris Xe,8,256.0,14.0,1918,1307,1552,905,1.71
ASUS,Student,AMD,6,2.3,AMD,AMD Radeon,8,256.0,13.3,1394,1228,1294,608,2.13
HP,Basic,Intel,4,2.4,Intel,Intel UHD,4,128.0,17.3,960,615,753,262,2.87
HP,Basic,Intel,4,2.5,Intel,Intel Iris Xe,4,128.0,16.0,1019,767,868,150,5.79
Dell,Basic,Intel,2,2.6,Intel,Intel UHD,4,128.0,15.6,510,311,391,440,0.89
ASUS,Basic,Intel,4,1.6,Intel,Intel Iris Xe,4,256.0,14.0,644,360,473,295,1.6
Lenovo,Professional,AMD,6,3.1,AMD,AMD Radeon,16,1024.0,14.0,1843,2303,2119,2167,0.98
HP,Basic,Intel,4,1.6,Intel,Intel UHD,4,128.0,15.6,642,646,644,154,4.18
HP,Student,Intel,6,2.4,Intel,Intel UHD,8,512.0,15.6,1465,568,927,474,1.96
HP,Gaming,Intel,12,3.6,NVIDIA,NVIDIA RTX,32,1024.0,16.0,4270,7368,6129,1976,3.1
Apple,Student,Intel,6,3.2,AMD,AMD Radeon,8,256.0,16.0,1944,1494,1674,561,2.98
HP,Gaming,Intel,8,5.5,NVIDIA,NVIDIA RTX,16,2048.0,13.3,4384,6629,5731,1683,3.41
ASUS,Student,Intel,6,2.1,AMD,AMD Radeon,16,256.0,13.3,1253,1480,1389,485,2.86
Lenovo,Professional,Intel,8,2.6,AMD,AMD Radeon,32,1024.0,15.6,2090,3336,2837,2150,1.32
HP,Professional,AMD,8,2.5,NVIDIA,NVIDIA GeForce,16,512.0,15.6,2020,2566,2347,2196,1.07
ASUS,Gaming,Intel,8,3.1,NVIDIA,NVIDIA GeForce,32,1024.0,16.0,2458,10007,6987,2252,3.1
Lenovo,Student,AMD,4,2.9,AMD,AMD Radeon,8,512.0,15.6,1174,775,935,507,1.84
Dell,Gaming,Intel,12,3.8,NVIDIA,NVIDIA RTX,32,1024.0,15.6,4572,12800,9509,1215,7.83
Dell,Student,Intel,6,2.6,Intel,Intel UHD,8,512.0,14.0,1576,957,1204,777,1.55
Lenovo,Student,Intel,4,2.8,AMD,AMD Radeon,16,512.0,15.6,1133,787,926,506,1.83
ASUS,Professional,AMD,8,2.8,AMD,AMD Radeon,32,512.0,16.0,2252,2105,2164,897,2.41
Dell,Gaming,Intel,8,4.6,AMD,AMD Radeon,16,2048.0,17.3,3703,13590,9635,1185,8.13
HP,Basic,Intel,2,1.9,AMD,AMD Radeon,4,256.0,15.6,384,386,386,291,1.33
MSI,Professional,Intel,8,4.5,AMD,AMD Radeon,16,1024.0,17.3,3571,2079,2676,2242,1.19
MSI,Professional,AMD,8,2.8,NVIDIA,NVIDIA GeForce,16,1024.0,16.0,2228,3179,2799,786,3.56
Dell,Professional,Intel,6,3.6,AMD,AMD Radeon,16,1024.0,13.3,2149,1790,1934,956,2.02
MSI,Basic,AMD,4,2.2,Intel,Intel UHD,4,512.0,14.0,899,346,567,496,1.14
Lenovo,Professional,AMD,6,2.8,NVIDIA,NVIDIA GeForce,16,1024.0,15.6,1684,1866,1793,1071,1.67
Lenovo,Professional,Intel,8,3.4,NVIDIA,NVIDIA RTX,32,512.0,15.6,2720,1135,1769,1456,1.21
MSI,Gaming,Intel,12,4.5,NVIDIA,NVIDIA GeForce,16,2048.0,16.0,5354,12750,9792,2609,3.75
Dell,Professional,Intel,8,2.8,NVIDIA,NVIDIA GeForce,16,1024.0,13.3,2243,3074,2742,1868,1.47
HP,Gaming,AMD,12,4.6,NVIDIA,NVIDIA RTX,16,1024.0,15.6,5570,14377,10855,2954,3.67
Lenovo,Professional,Intel,6,2.7,NVIDIA,NVIDIA GeForce,16,1024.0,17.3,1604,1435,1503,1016,1.48
Acer,Student,Intel,4,3.3,Intel,Intel UHD,16,512.0,15.6,1333,539,856,642,1.33
ASUS,Basic,Intel,4,2.3,AMD,AMD Radeon,4,128.0,15.6,910,296,542,285,1.9
Razer,Student,Intel,4,2.2,AMD,AMD Radeon,8,256.0,13.3,894,1201,1078,923,1.17
Acer,Student,Intel,6,2.3,AMD,AMD Radeon,16,256.0,15.6,1399,1422,1413,759,1.86
HP,Student,Intel,4,2.4,Intel,Intel UHD,8,256.0,15.6,977,1083,1040,569,1.83
ASUS,Student,Intel,4,2.6,AMD,AMD Radeon,8,512.0,13.3,1053,832,921,714,1.29
Apple,Gaming,Intel,8,4.1,AMD,AMD Radeon,32,2048.0,15.6,3302,5498,4620,2550,1.81
Razer,Basic,AMD,2,1.8,AMD,AMD Radeon,4,512.0,15.6,368,617,517,284,1.82
Dell,Student,AMD,4,2.3,Intel,Intel Iris Xe,8,512.0,16.0,913,1032,985,531,1.85
ASUS,Gaming,Intel,8,4.9,NVIDIA,NVIDIA RTX,32,1024.0,14.0,3923,10841,8074,3689,2.19
Lenovo,Professional,Intel,12,4.0,AMD,AMD Radeon,32,512.0,15.6,4811,3509,4030,2041,1.97
MSI,Gaming,Intel,8,4.4,NVIDIA,NVIDIA RTX,16,512.0,15.6,3537,6422,5268,1632,3.23
Dell,Basic,Intel,2,2.1,AMD,AMD Radeon,4,128.0,15.6,428,293,347,500,0.69
Lenovo,Student,Intel,6,2.6,AMD,AMD Radeon,8,512.0,16.0,1564,1144,1312,662,1.98
ASUS,Student,AMD,6,3.2,Intel,Intel Iris Xe,8,256.0,15.6,1894,1117,1428,401,3.56
Lenovo,Student,Intel,4,2.5,AMD,AMD Radeon,8,512.0,16.0,990,895,933,457,2.04
Dell,Professional,Intel,8,2.7,AMD,AMD Radeon,16,512.0,15.6,2130,1413,1699,1817,0.94
HP,Student,Intel,4,2.7,AMD,AMD Radeon,16,512.0,14.0,1080,1016,1042,469,2.22
Apple,Professional,AMD,8,3.5,NVIDIA,NVIDIA RTX,16,512.0,15.6,2763,2352,2516,1185,2.12
Lenovo,Student,Intel,6,3.0,AMD,AMD Radeon,8,256.0,15.6,1790,977,1302,534,2.44
ASUS,Professional,Intel,12,2.8,AMD,AMD Radeon,16,512.0,14.0,3337,2169,2636,831,3.17
HP,Basic,Intel,4,2.8,AMD,AMD Radeon,8,256.0,15.6,1117,740,891,164,5.43
HP,Gaming,Intel,12,4.8,NVIDIA,NVIDIA RTX,32,512.0,15.6,5720,14441,10953,2217,4.94
ASUS,Student,Intel,6,3.2,Intel,Intel Iris Xe,16,512.0,13.3,1933,651,1164,851,1.37
HP,Basic,Intel,2,1.8,AMD,AMD Radeon,4,128.0,16.0,363,745,592,383,1.55
HP,Basic,Intel,2,1.7,Intel,Intel Iris Xe,8,128.0,15.6,345,396,376,497,0.76
Dell,Basic,Intel,2,1.9,Intel,Intel Iris Xe,4,128.0,16.0,386,674,559,445,1.26
ASUS,Professional,AMD,6,4.4,NVIDIA,NVIDIA GeForce,16,512.0,14.0,2668,3571,3210,1023,3.14
ASUS,Professional,Intel,8,4.4,NVIDIA,NVIDIA GeForce,32,1024.0,17.3,3560,1264,2182,1854,1.18
ASUS,Student,Intel,4,3.3,AMD,AMD Radeon,8,512.0,17.3,1337,1214,1263,661,1.91
Lenovo,Student,Intel,6,2.2,AMD,AMD Radeon,16,512.0,13.3,1317,759,982,783,1.25
Razer,Student,Intel,6,2.4,Intel,Intel UHD,16,512.0,14.0,1453,645,968,945,1.02
Lenovo,Professional,Intel,8,3.5,NVIDIA,NVIDIA GeForce,16,512.0,15.6,2794,2223,2452,2232,1.1
HP,Basic,Intel,2,1.8,Intel,Intel Iris Xe,8,256.0,16.0,356,663,540,286,1.89
MSI,Basic,Intel,2,2.6,AMD,AMD Radeon,8,128.0,15.6,528,240,355,321,1.11
Razer,Gaming,Intel,8,3.1,NVIDIA,NVIDIA GeForce,16,2048.0,15.6,2454,5412,4228,3073,1.38
Lenovo,Basic,AMD,4,2.5,Intel,Intel Iris Xe,4,128.0,15.6,987,352,606,325,1.86
Apple,Student,Intel,4,2.5,Intel,Intel Iris Xe,8,512.0,14.0,983,1419,1244,813,1.53
Lenovo,Basic,Intel,2,1.7,AMD,AMD Radeon,4,128.0,14.0,341,513,444,513,0.87
ASUS,Professional,AMD,12,4.5,NVIDIA,NVIDIA RTX,16,512.0,16.0,5343,3030,3955,1605,2.46
MSI,Basic,AMD,2,2.5,Intel,Intel Iris Xe,4,128.0,15.6,508,437,465,412,1.13
Dell,Professional,AMD,12,4.4,AMD,AMD Radeon,16,1024.0,15.6,5265,2232,3445,971,3.55
Lenovo,Gaming,Intel,12,4.2,NVIDIA,NVIDIA GeForce,16,1024.0,15.6,4990,7734,6636,2899,2.29
Lenovo,Student,Intel,6,3.3,AMD,AMD Radeon,8,512.0,14.0,1963,1272,1548,584,2.65
HP,Basic,Intel,4,1.8,AMD,AMD Radeon,4,128.0,15.6,730,677,698,250,2.79
HP,Basic,AMD,4,2.0,Intel,Intel UHD,4,256.0,13.3,781,490,606,399,1.52
Acer,Professional,AMD,8,3.2,NVIDIA,NVIDIA GeForce,16,512.0,13.3,2556,1299,1802,2149,0.84
Apple,Basic,Intel,4,2.5,Intel,Intel UHD,8,512.0,15.6,982,447,661,410,1.61
Lenovo,Basic,Intel,4,2.2,AMD,AMD Radeon,8,128.0,13.3,881,487,644,153,4.21
Lenovo,Basic,Intel,4,2.5,AMD,AMD Radeon,4,128.0,16.0,1004,392,636,360,1.77
Lenovo,Professional,Intel,12,4.3,NVIDIA,NVIDIA GeForce,16,512.0,16.0,5132,3929,4411,2335,1.89
Dell,Professional,Intel,8,3.2,NVIDIA,NVIDIA RTX,32,1024.0,14.0,2589,3113,2903,1277,2.27
ASUS,Student,Intel,6,2.4,AMD,AMD Radeon,8,256.0,16.0,1453,1431,1440,423,3.4
Razer,Student,AMD,4,2.5,Intel,Intel Iris Xe,8,512.0,15.6,991,1372,1220,720,1.69
Lenovo,Gaming,Intel,8,3.3,NVIDIA,NVIDIA RTX,32,1024.0,15.6,2664,9229,6603,2621,2.52
ASUS,Student,Intel,6,2.1,AMD,AMD Radeon,8,512.0,14.0,1286,1223,1248,555,2.25
ASUS,Gaming,AMD,16,4.9,AMD,AMD Radeon,32,1024.0,13.3,7905,12833,10862,1716,6.33
ASUS,Gaming,AMD,8,4.8,AMD,AMD Radeon,16,1024.0,15.6,3824,11752,8581,1023,8.39
Lenovo,Student,AMD,4,2.1,AMD,AMD Radeon,8,256.0,15.6,829,1330,1129,810,1.39
HP,Student,Intel,6,3.2,Intel,Intel UHD,8,256.0,13.3,1929,1183,1481,995,1.49
Dell,Student,Intel,6,3.3,AMD,AMD Radeon,8,256.0,14.0,1958,1138,1466,470,3.12
ASUS,Basic,AMD,2,2.8,Intel,Intel Iris Xe,8,128.0,16.0,552,593,577,405,1.42
Dell,Professional,Intel,6,3.1,NVIDIA,NVIDIA GeForce,16,1024.0,15.6,1884,1662,1751,1569,1.12
Dell,Basic,Intel,2,2.1,Intel,Intel UHD,4,128.0,17.3,418,620,539,374,1.44
Razer,Basic,Intel,4,2.1,Intel,Intel Iris Xe,4,512.0,15.6,838,671,738,351,2.1
Dell,Basic,AMD,2,2.7,Intel,Intel Iris Xe,4,128.0,17.3,532,792,688,245,2.81
ASUS,Student,Intel,6,2.9,AMD,AMD Radeon,8,256.0,16.0,1762,1460,1580,786,2.01
Lenovo,Student,Intel,6,3.1,Intel,Intel Iris Xe,8,256.0,17.3,1838,668,1136,766,1.48
Dell,Professional,Intel,8,3.8,NVIDIA,NVIDIA GeForce,16,1024.0,14.0,3028,2348,2620,1239,2.11
HP,Student,AMD,6,2.6,Intel,Intel Iris Xe,16,512.0,15.6,1546,652,1010,845,1.2
Lenovo,Student,Intel,6,3.4,Intel,Intel Iris Xe,8,512.0,15.6,2044,1329,1615,839,1.92
ASUS,Professional,Intel,8,3.0,AMD,AMD Radeon,16,1024.0,14.0,2398,1771,2022,892,2.27
ASUS,Student,Intel,6,2.3,AMD,AMD Radeon,8,512.0,13.3,1408,1124,1238,838,1.48
Dell,Professional,Intel,8,3.8,NVIDIA,NVIDIA GeForce,16,512.0,17.3,3053,1745,2268,2349,0.97
HP,Basic,Intel,2,2.2,AMD,AMD Radeon,8,128.0,17.3,449,682,589,314,1.88
Lenovo,Student,AMD,6,2.5,AMD,AMD Radeon,8,256.0,15.6,1505,1294,1378,656,2.1
HP,Gaming,Intel,12,4.1,NVIDIA,NVIDIA GeForce,32,1024.0,16.0,4914,6265,5725,1209,4.74
Lenovo,Student,Intel,4,2.3,AMD,AMD Radeon,8,512.0,16.0,940,1028,993,848,1.17
Acer,Professional,AMD,12,2.7,AMD,AMD Radeon,32,512.0,15.6,3193,3434,3338,1667,2.0
Lenovo,Gaming,Intel,12,3.2,NVIDIA,NVIDIA RTX,32,512.0,14.0,3890,9580,7304,3032,2.41
Acer,Professional,Intel,8,2.9,NVIDIA,NVIDIA RTX,16,512.0,17.3,2351,2427,2396,1316,1.82
Lenovo,Gaming,AMD,16,3.3,NVIDIA,NVIDIA RTX,32,1024.0,15.6,5255,14717,10932,2942,3.72
ASUS,Basic,Intel,2,2.7,AMD,AMD Radeon,4,128.0,17.3,530,738,655,443,1.48
Dell,Student,Intel,4,2.2,AMD,AMD Radeon,16,256.0,17.3,865,783,815,620,1.31
HP,Student,Intel,4,2.5,Intel,Intel UHD,16,256.0,15.6,997,907,943,704,1.34
ASUS,Gaming,Intel,12,4.7,AMD,AMD Radeon,32,512.0,14.0,5658,11095,8920,2798,3.19
Dell,Gaming,AMD,12,4.4,NVIDIA,NVIDIA RTX,32,1024.0,15.6,5321,10437,8391,2479,3.38
Lenovo,Professional,Intel,8,4.4,AMD,AMD Radeon,16,512.0,14.0,3533,3159,3309,1835,1.8
Razer,Gaming,Intel,16,5.2,NVIDIA,NVIDIA GeForce,16,2048.0,15.6,8325,13949,11700,2345,4.99
ASUS,Gaming,Intel,12,5.3,NVIDIA,NVIDIA GeForce,16,512.0,14.0,6409,6227,6300,3011,2.09
Acer,Basic,Intel,2,2.5,Intel,Intel UHD,4,512.0,13.3,491,550,526,331,1.59
Dell,Basic,Intel,2,2.8,Intel,Intel Iris Xe,8,128.0,15.6,553,300,401,394,1.02
HP,Basic,Intel,4,2.1,AMD,AMD Radeon,4,256.0,17.3,836,693,750,368,2.04
Dell,Professional,Intel,8,4.0,NVIDIA,NVIDIA GeForce,16,1024.0,15.6,3205,3236,3224,1217,2.65
Dell,Student,AMD,4,2.7,AMD,AMD Radeon,8,512.0,14.0,1066,1167,1126,625,1.8
Dell,Basic,AMD,4,2.1,Intel,Intel UHD,8,128.0,17.3,840,699,755,307,2.46
Lenovo,Gaming,AMD,12,5.1,AMD,AMD Radeon,16,2048.0,14.0,6114,10098,8504,2991,2.84
ASUS,Student,Intel,4,2.4,AMD,AMD Radeon,8,512.0,17.3,940,1311,1163,622,1.87
Lenovo,Basic,Intel,2,2.2,Intel,Intel Iris Xe,4,128.0,14.0,434,597,532,489,1.09
MSI,Professional,AMD,6,4.2,NVIDIA,NVIDIA GeForce,32,512.0,16.0,2511,1295,1781,2500,0.71
Dell,Professional,Intel,8,3.1,AMD,AMD Radeon,16,512.0,13.3,2485,3291,2969,1862,1.59
MSI,Student,Intel,6,2.2,Intel,Intel Iris Xe,8,512.0,13.3,1321,920,1080,838,1.29
HP,Professional,AMD,6,2.8,NVIDIA,NVIDIA GeForce,32,512.0,15.6,1693,2317,2067,937,2.21
ASUS,Student,Intel,6,3.5,Intel,Intel Iris Xe,8,256.0,15.6,2087,896,1372,801,1.71
Lenovo,Basic,Intel,2,2.4,AMD,AMD Radeon,8,128.0,14.0,489,687,608,354,1.72
ASUS,Gaming,Intel,12,4.0,AMD,AMD Radeon,16,512.0,15.6,4828,10208,8056,3357,2.4
Dell,Gaming,AMD,16,5.0,AMD,AMD Radeon,32,512.0,16.0,7971,7373,7612,1147,6.64
HP,Gaming,AMD,12,5.5,NVIDIA,NVIDIA GeForce,32,1024.0,15.6,6582,13047,10461,3121,3.35
HP,Student,Intel,4,2.4,Intel,Intel UHD,8,512.0,17.3,956,570,724,479,1.51
Dell,Basic,Intel,2,2.0,AMD,AMD Radeon,8,256.0,15.6,395,372,382,495,0.77
Lenovo,Professional,Intel,8,3.8,AMD,AMD Radeon,16,512.0,16.0,3056,1127,1899,2174,0.87
HP,Student,Intel,4,2.1,AMD,AMD Radeon,8,256.0,16.0,832,1014,941,502,1.87
HP,Professional,Intel,8,3.0,NVIDIA,NVIDIA GeForce,16,512.0,15.6,2437,3872,3298,1358,2.43
HP,Student,Intel,6,2.2,AMD,AMD Radeon,16,512.0,15.6,1318,1000,1127,622,1.81
Lenovo,Professional,Intel,8,3.0,AMD,AMD Radeon,16,512.0,17.3,2387,3564,3093,2075,1.49
HP,Student,AMD,6,2.4,Intel,Intel UHD,16,512.0,14.0,1434,1331,1372,497,2.76
Lenovo,Gaming,Intel,12,4.2,NVIDIA,NVIDIA RTX,32,512.0,13.3,5074,12821,9722,1483,6.56
Dell,Student,Intel,4,3.4,Intel,Intel UHD,8,512.0,15.6,1342,1104,1199,392,3.06
Acer,Professional,Intel,8,3.0,NVIDIA,NVIDIA RTX,32,512.0,17.3,2409,3562,3101,1073,2.89
Lenovo,Basic,AMD,2,2.2,Intel,Intel UHD,4,128.0,14.0,447,232,318,481,0.66
Acer,Professional,AMD,12,3.6,NVIDIA,NVIDIA GeForce,16,512.0,14.0,4374,3592,3905,1711,2.28
Dell,Student,AMD,6,3.3,Intel,Intel UHD,8,256.0,16.0,1959,1405,1627,706,2.3
Dell,Basic,Intel,2,1.8,AMD,AMD Radeon,4,128.0,14.0,355,679,549,301,1.82
HP,Professional,Intel,8,4.1,AMD,AMD Radeon,16,1024.0,13.3,3247,2367,2719,2029,1.34
HP,Student,Intel,6,3.1,Intel,Intel UHD,8,512.0,16.0,1840,1252,1487,654,2.27
ASUS,Student,AMD,6,3.1,AMD,AMD Radeon,8,512.0,17.3,1862,1321,1538,476,3.23
Apple,Student,AMD,4,2.2,Intel,Intel UHD,16,512.0,14.0,880,501,653,776,0.84
HP,Professional,Intel,8,4.0,NVIDIA,NVIDIA RTX,32,512.0,15.6,3162,3325,3260,996,3.27
Lenovo,Basic,AMD,2,2.1,AMD,AMD Radeon,4,256.0,14.0,416,380,394,271,1.45
Lenovo,Student,Intel,6,3.2,AMD,AMD Radeon,8,256.0,15.6,1927,594,1127,664,1.7
Lenovo,Professional,Intel,12,3.2,NVIDIA,NVIDIA RTX,16,512.0,16.0,3833,3158,3428,1524,2.25
ASUS,Student,Intel,4,2.5,AMD,AMD Radeon,8,512.0,15.6,1007,1425,1258,600,2.1
MSI,Student,Intel,4,3.2,AMD,AMD Radeon,8,256.0,14.0,1269,619,879,852,1.03
ASUS,Professional,AMD,12,4.2,NVIDIA,NVIDIA RTX,16,512.0,15.6,5011,2977,3791,2451,1.55
Lenovo,Basic,Intel,2,2.7,Intel,Intel Iris Xe,4,256.0,15.6,533,337,415,231,1.8
Lenovo,Basic,Intel,2,2.3,AMD,AMD Radeon,4,128.0,16.0,469,451,458,260,1.76
HP,Student,Intel,6,2.1,AMD,AMD Radeon,16,512.0,15.6,1271,1212,1235,748,1.65
MSI,Basic,Intel,2,2.7,Intel,Intel Iris Xe,4,128.0,16.0,530,719,644,328,1.96
Dell,Basic,Intel,4,2.5,AMD,AMD Radeon,8,256.0,17.3,1011,383,634,471,1.35
Dell,Basic,AMD,2,2.1,Intel,Intel Iris Xe,4,128.0,16.0,417,577,513,375,1.37
Lenovo,Gaming,AMD,8,5.3,AMD,AMD Radeon,32,1024.0,14.0,4228,5395,4928,2638,1.87
Acer,Student,Intel,4,2.5,Intel,Intel Iris Xe,16,512.0,16.0,991,900,937,773,1.21
Apple,Basic,Intel,2,2.1,AMD,AMD Radeon,4,128.0,15.6,412,355,378,380,0.99
ASUS,Professional,Intel,8,3.9,AMD,AMD Radeon,32,512.0,15.6,3104,2723,2875,1781,1.61
MSI,Basic,Intel,4,2.1,AMD,AMD Radeon,4,128.0,13.3,826,450,600,467,1.28
Dell,Student,Intel,6,3.0,Intel,Intel Iris Xe,8,256.0,13.3,1808,1069,1364,577,2.36
Lenovo,Gaming,AMD,8,3.2,NVIDIA,NVIDIA GeForce,32,512.0,14.0,2558,10013,7031,2825,2.49
HP,Basic,Intel,2,2.5,Intel,Intel UHD,8,128.0,15.6,504,610,567,265,2.14
Dell,Gaming,Intel,12,4.4,NVIDIA,NVIDIA GeForce,16,2048.0,15.6,5308,13439,10186,3522,2.89
HP,Professional,AMD,12,4.3,AMD,AMD Radeon,16,512.0,15.6,5155,2499,3561,1049,3.39
HP,Gaming,AMD,12,4.5,AMD,AMD Radeon,32,512.0,14.0,5401,9179,7668,3883,1.97
ASUS,Basic,Intel,2,2.6,AMD,AMD Radeon,4,128.0,15.6,527,643,597,526,1.13
MSI,Gaming,AMD,8,4.9,NVIDIA,NVIDIA RTX,32,1024.0,15.6,3944,12794,9254,1617,5.72
ASUS,Student,Intel,4,2.7,AMD,AMD Radeon,8,256.0,15.6,1075,1223,1164,544,2.14
ASUS,Basic,Intel,2,1.7,AMD,AMD Radeon,4,256.0,14.0,330,338,335,463,0.72
Lenovo,Basic,Intel,2,2.8,AMD,AMD Radeon,4,256.0,16.0,557,654,615,320,1.92
Lenovo,Professional,Intel,8,4.4,AMD,AMD Radeon,16,512.0,16.0,3491,1946,2564,1433,1.79
Acer,Gaming,AMD,16,3.0,AMD,AMD Radeon,32,512.0,15.6,4862,5064,4984,1513,3.29
ASUS,Student,AMD,6,2.1,AMD,AMD Radeon,16,256.0,16.0,1239,715,925,622,1.49
Lenovo,Basic,Intel,2,1.9,Intel,Intel Iris Xe,4,256.0,15.6,380,290,326,416,0.78
HP,Professional,Intel,8,3.3,AMD,AMD Radeon,32,1024.0,14.0,2623,3731,3287,1877,1.75
Lenovo,Basic,Intel,2,2.6,Intel,Intel UHD,4,128.0,15.6,514,261,362,193,1.88
HP,Gaming,Intel,12,3.2,NVIDIA,NVIDIA RTX,32,2048.0,15.6,3840,5479,4823,3406,1.42
HP,Basic,Intel,2,2.2,AMD,AMD Radeon,4,256.0,16.0,431,397,411,182,2.26
Apple,Basic,Intel,2,2.3,AMD,AMD Radeon,8,256.0,14.0,466,630,564,272,2.07
Dell,Gaming,Intel,12,3.4,NVIDIA,NVIDIA RTX,16,2048.0,17.3,4032,6762,5670,2803,2.02
Acer,Gaming,Intel,16,4.4,NVIDIA,NVIDIA RTX,16,512.0,15.6,7001,5362,6017,3593,1.67
ASUS,Gaming,Intel,8,3.9,NVIDIA,NVIDIA RTX,32,1024.0,13.3,3117,7170,5549,1300,4.27
Lenovo,Student,Intel,4,2.3,Intel,Intel UHD,16,256.0,13.3,917,1186,1078,694,1.55
Dell,Professional,Intel,12,3.9,NVIDIA,NVIDIA RTX,16,512.0,14.0,4640,1031,2475,2195,1.13
Lenovo,Gaming,Intel,12,3.9,NVIDIA,NVIDIA GeForce,32,512.0,14.0,4717,5219,5018,3890,1.29
MSI,Student,Intel,6,2.6,AMD,AMD Radeon,16,256.0,15.6,1577,1071,1273,803,1.59
Apple,Professional,Intel,8,3.2,AMD,AMD Radeon,16,512.0,17.3,2521,1067,1649,1716,0.96
HP,Gaming,Intel,16,4.8,NVIDIA,NVIDIA RTX,16,1024.0,13.3,7650,5403,6301,2219,2.84
Apple,Basic,AMD,2,2.1,AMD,AMD Radeon,8,128.0,17.3,420,277,335,311,1.08
Lenovo,Student,Intel,6,3.1,AMD,AMD Radeon,8,256.0,13.3,1838,500,1035,823,1.26
ASUS,Basic,Intel,2,1.7,Intel,Intel Iris Xe,4,256.0,14.0,338,315,324,222,1.46
Lenovo,Student,Intel,6,3.3,AMD,AMD Radeon,16,512.0,14.0,2003,921,1354,552,2.45
ASUS,Basic,Intel,4,2.2,Intel,Intel Iris Xe,8,256.0,14.0,868,718,778,247,3.15
Lenovo,Student,Intel,4,3.3,Intel,Intel UHD,8,256.0,15.6,1336,908,1079,724,1.49
HP,Professional,Intel,6,4.3,NVIDIA,NVIDIA RTX,32,512.0,16.0,2581,2899,2772,2303,1.2
Lenovo,Basic,Intel,4,2.5,Intel,Intel Iris Xe,4,512.0,14.0,998,255,552,177,3.12
ASUS,Professional,Intel,8,3.7,NVIDIA,NVIDIA RTX,16,1024.0,17.3,2988,2561,2732,1138,2.4
Acer,Student,Intel,6,2.4,AMD,AMD Radeon,8,512.0,16.0,1458,845,1090,866,1.26
ASUS,Student,Intel,6,2.9,Intel,Intel Iris Xe,16,256.0,14.0,1756,1203,1424,565,2.52
Razer,Basic,AMD,2,2.5,Intel,Intel Iris Xe,8,256.0,15.6,490,329,393,502,0.78
Dell,Gaming,Intel,8,3.6,NVIDIA,NVIDIA RTX,16,1024.0,16.0,2912,9715,6994,1967,3.56
HP,Basic,Intel,4,2.7,Intel,Intel Iris Xe,4,256.0,15.6,1093,526,753,364,2.07
Lenovo,Basic,Intel,4,2.3,Intel,Intel UHD,4,512.0,14.0,905,370,584,384,1.52
Acer,Basic,Intel,2,1.9,AMD,AMD Radeon,4,128.0,16.0,385,245,301,304,0.99
Lenovo,Professional,AMD,8,2.9,NVIDIA,NVIDIA GeForce,16,1024.0,14.0,2289,1980,2104,1721,1.22
MSI,Basic,Intel,2,1.6,AMD,AMD Radeon,4,256.0,15.6,324,570,471,436,1.08
ASUS,Professional,Intel,8,2.8,AMD,AMD Radeon,16,1024.0,15.6,2269,3863,3225,1369,2.36
ASUS,Professional,AMD,12,3.2,NVIDIA,NVIDIA RTX,16,1024.0,13.3,3884,3885,3884,2510,1.55
ASUS,Professional,Intel,12,2.6,NVIDIA,NVIDIA RTX,16,512.0,17.3,3099,2816,2929,1833,1.6
HP,Professional,Intel,8,2.5,NVIDIA,NVIDIA GeForce,16,512.0,15.6,2032,1045,1440,1232,1.17
Lenovo,Student,AMD,4,3.2,AMD,AMD Radeon,16,512.0,13.3,1286,631,893,812,1.1
Dell,Gaming,Intel,12,3.7,NVIDIA,NVIDIA GeForce,16,2048.0,16.0,4433,12621,9346,2025,4.62
MSI,Professional,Intel,8,4.4,AMD,AMD Radeon,32,512.0,15.6,3527,2675,3016,1415,2.13
HP,Basic,AMD,2,2.3,AMD,AMD Radeon,8,256.0,13.3,452,600,541,205,2.64
Lenovo,Basic,AMD,4,1.6,Intel,Intel Iris Xe,4,128.0,14.0,645,398,497,277,1.79
Dell,Basic,Intel,2,2.2,Intel,Intel UHD,4,128.0,15.6,443,209,302,497,0.61
HP,Basic,Intel,4,2.4,Intel,Intel Iris Xe,8,256.0,16.0,952,515,690,480,1.44
ASUS,Basic,AMD,4,2.0,Intel,Intel Iris Xe,4,256.0,13.3,786,770,776,485,1.6
Dell,Professional,Intel,6,3.0,AMD,AMD Radeon,32,512.0,16.0,1796,3629,2896,1373,2.11
HP,Professional,Intel,8,3.3,NVIDIA,NVIDIA GeForce,32,512.0,14.0,2611,3887,3376,2306,1.46
Dell,Student,Intel,4,2.6,AMD,AMD Radeon,16,256.0,15.6,1033,806,897,594,1.51
Acer,Professional,Intel,8,4.5,NVIDIA,NVIDIA GeForce,16,512.0,14.0,3593,1718,2468,1802,1.37
ASUS,Student,AMD,6,2.3,Intel,Intel UHD,8,256.0,13.3,1396,1158,1253,776,1.61
Dell,Professional,AMD,8,4.1,AMD,AMD Radeon,32,512.0,15.6,3274,1832,2409,988,2.44
ASUS,Professional,Intel,8,3.4,NVIDIA,NVIDIA RTX,16,1024.0,15.6,2755,2812,2789,1991,1.4
ASUS,Basic,Intel,2,1.8,AMD,AMD Radeon,4,256.0,15.6,364,251,296,265,1.12
Lenovo,Professional,AMD,8,3.3,NVIDIA,NVIDIA RTX,32,512.0,15.6,2645,2098,2316,2447,0.95
Acer,Basic,AMD,2,2.5,Intel,Intel Iris Xe,4,256.0,13.3,505,379,429,370,1.16
Razer,Basic,Intel,4,2.7,AMD,AMD Radeon,4,256.0,14.0,1081,234,573,377,1.52
Apple,Basic,AMD,4,2.5,Intel,Intel Iris Xe,4,128.0,15.6,1017,224,541,242,2.24
HP,Professional,AMD,8,4.3,AMD,AMD Radeon,32,1024.0,15.6,3420,1178,2075,1332,1.56
Lenovo,Student,Intel,6,3.5,Intel,Intel UHD,8,512.0,15.6,2072,1203,1550,837,1.85
HP,Student,AMD,4,3.1,Intel,Intel Iris Xe,8,256.0,15.6,1236,852,1006,554,1.82
HP,Professional,Intel,8,4.0,AMD,AMD Radeon,16,1024.0,16.0,3161,1932,2424,2199,1.1
Lenovo,Professional,Intel,6,2.9,NVIDIA,NVIDIA RTX,16,512.0,16.0,1715,3967,3066,2242,1.37
HP,Student,Intel,6,2.1,Intel,Intel Iris Xe,16,256.0,15.6,1237,968,1076,707,1.52
Lenovo,Student,AMD,4,3.4,Intel,Intel UHD,8,256.0,16.0,1344,1494,1434,564,2.54
Lenovo,Student,AMD,4,3.2,Intel,Intel Iris Xe,16,512.0,16.0,1270,1454,1380,901,1.53
HP,Student,Intel,4,2.4,Intel,Intel Iris Xe,16,256.0,14.0,974,1451,1260,775,1.63
HP,Student,Intel,4,3.0,AMD,AMD Radeon,8,512.0,15.6,1218,1412,1334,631,2.11
Dell,Basic,Intel,2,2.1,AMD,AMD Radeon,4,128.0,14.0,416,703,588,421,1.4
ASUS,Gaming,AMD,16,3.3,AMD,AMD Radeon,16,1024.0,15.6,5310,10321,8317,1796,4.63
ASUS,Professional,AMD,6,3.8,NVIDIA,NVIDIA GeForce,16,512.0,15.6,2264,2845,2613,1699,1.54
HP,Basic,Intel,4,1.9,AMD,AMD Radeon,8,512.0,15.6,771,754,761,359,2.12
Dell,Student,Intel,4,3.4,AMD,AMD Radeon,8,512.0,16.0,1342,503,839,508,1.65
ASUS,Student,Intel,6,3.0,Intel,Intel UHD,8,256.0,14.0,1808,540,1047,593,1.77
HP,Professional,Intel,8,4.0,NVIDIA,NVIDIA RTX,32,512.0,16.0,3238,3338,3298,2096,1.57
ASUS,Student,Intel,4,2.4,Intel,Intel Iris Xe,8,512.0,15.6,960,1492,1279,603,2.12
Dell,Student,Intel,4,2.1,Intel,Intel UHD,16,512.0,16.0,838,1379,1163,825,1.41
Lenovo,Gaming,Intel,16,3.8,AMD,AMD Radeon,16,2048.0,13.3,6089,14418,11086,2998,3.7
MSI,Student,Intel,4,3.3,Intel,Intel UHD,8,512.0,15.6,1324,528,846,439,1.93
ASUS,Student,Intel,4,3.1,Intel,Intel UHD,8,512.0,15.6,1226,581,839,945,0.89
ASUS,Student,Intel,4,2.7,AMD,AMD Radeon,8,256.0,15.6,1082,750,883,756,1.17
Dell,Student,Intel,6,3.5,Intel,Intel UHD,16,512.0,16.0,2086,1098,1494,459,3.25
Razer,Student,Intel,6,3.1,Intel,Intel Iris Xe,8,256.0,14.0,1888,992,1351,640,2.11
Dell,Gaming,Intel,8,5.0,NVIDIA,NVIDIA GeForce,32,1024.0,15.6,4013,10373,7829,2565,3.05
Lenovo,Professional,Intel,8,4.4,AMD,AMD Radeon,32,512.0,16.0,3519,3158,3303,2256,1.46
Apple,Basic,Intel,4,1.7,Intel,Intel UHD,4,128.0,15.6,690,282,445,374,1.19
Dell,Gaming,Intel,8,3.6,AMD,AMD Radeon,32,2048.0,15.6,2886,8577,6300,1309,4.81
HP,Professional,AMD,8,4.1,NVIDIA,NVIDIA GeForce,32,1024.0,15.6,3259,2167,2604,1141,2.28
Dell,Basic,Intel,2,2.1,Intel,Intel UHD,8,128.0,15.6,412,615,534,376,1.42
Apple,Gaming,AMD,8,3.9,AMD,AMD Radeon,16,1024.0,15.6,3139,8343,6261,2988,2.1
MSI,Professional,Intel,8,3.5,NVIDIA,NVIDIA RTX,32,1024.0,16.0,2769,1730,2146,1327,1.62
HP,Gaming,AMD,8,5.1,NVIDIA,NVIDIA RTX,16,2048.0,14.0,4048,11674,8623,3738,2.31
HP,Gaming,Intel,8,5.1,NVIDIA,NVIDIA RTX,16,512.0,15.6,4101,5919,5192,2581,2.01
ASUS,Student,Intel,4,3.5,AMD,AMD Radeon,8,512.0,15.6,1398,1427,1415,752,1.88
Dell,Professional,Intel,6,4.5,NVIDIA,NVIDIA RTX,16,512.0,16.0,2687,1644,2061,1360,1.52
Dell,Gaming,AMD,16,5.1,NVIDIA,NVIDIA GeForce,16,512.0,14.0,8085,14107,11698,3183,3.68
HP,Student,AMD,4,3.3,AMD,AMD Radeon,16,512.0,17.3,1316,834,1027,510,2.01
HP,Basic,AMD,4,2.3,Intel,Intel Iris Xe,4,128.0,15.6,920,737,810,227,3.57
Lenovo,Basic,AMD,2,1.8,AMD,AMD Radeon,8,256.0,15.6,356,247,291,446,0.65
HP,Basic,AMD,4,2.7,Intel,Intel UHD,4,128.0,15.6,1063,545,752,423,1.78
ASUS,Student,Intel,6,2.0,Intel,Intel Iris Xe,8,256.0,15.6,1204,1350,1292,858,1.51
Dell,Professional,Intel,6,2.5,AMD,AMD Radeon,16,1024.0,15.6,1517,1065,1246,2480,0.5
HP,Student,Intel,6,2.7,AMD,AMD Radeon,8,512.0,13.3,1619,987,1240,590,2.1
Lenovo,Professional,AMD,8,3.4,AMD,AMD Radeon,16,512.0,15.6,2703,1758,2136,1171,1.82
Razer,Professional,Intel,8,3.9,NVIDIA,NVIDIA GeForce,32,1024.0,13.3,3107,3213,3170,1230,2.58
ASUS,Student,Intel,6,2.5,Intel,Intel UHD,8,512.0,15.6,1493,947,1165,918,1.27
Lenovo,Professional,Intel,6,3.7,AMD,AMD Radeon,32,512.0,15.6,2213,1749,1935,1382,1.4
HP,Basic,Intel,4,2.2,Intel,Intel Iris Xe,8,128.0,16.0,896,375,583,220,2.65
Dell,Gaming,AMD,12,5.1,NVIDIA,NVIDIA GeForce,32,2048.0,13.3,6152,7720,7093,2770,2.56
ASUS,Professional,Intel,8,4.5,AMD,AMD Radeon,16,1024.0,15.6,3579,2956,3205,842,3.81
ASUS,Gaming,Intel,8,4.2,NVIDIA,NVIDIA GeForce,16,512.0,13.3,3344,10987,7930,3550,2.23
Dell,Student,Intel,4,2.3,AMD,AMD Radeon,8,512.0,15.6,905,626,738,693,1.06
ASUS,Professional,Intel,8,4.5,NVIDIA,NVIDIA GeForce,16,1024.0,15.6,3575,1641,2415,1054,2.29
Lenovo,Gaming,Intel,8,3.0,AMD,AMD Radeon,32,2048.0,14.0,2416,14979,9954,2150,4.63
Dell,Gaming,Intel,8,4.4,NVIDIA,NVIDIA RTX,32,2048.0,14.0,3541,7611,5983,1995,3.0
HP,Professional,AMD,6,4.4,AMD,AMD Radeon,16,1024.0,14.0,2637,3187,2967,1370,2.17
Lenovo,Basic,AMD,4,1.6,Intel,Intel UHD,4,128.0,13.3,650,477,546,372,1.47
Lenovo,Gaming,Intel,8,4.1,NVIDIA,NVIDIA RTX,32,1024.0,16.0,3273,13631,9488,1537,6.17
Acer,Basic,Intel,2,2.3,AMD,AMD Radeon,8,128.0,15.6,462,263,342,426,0.8
Dell,Basic,Intel,2,1.9,AMD,AMD Radeon,4,256.0,15.6,378,709,577,266,2.17
HP,Basic,Intel,4,2.2,AMD,AMD Radeon,4,128.0,14.0,872,653,740,376,1.97
Dell,Student,Intel,6,3.3,AMD,AMD Radeon,8,512.0,17.3,2002,1228,1538,735,2.09
Acer,Basic,AMD,2,2.5,Intel,Intel Iris Xe,4,128.0,15.6,493,268,358,278,1.29
ASUS,Student,Intel,6,2.2,AMD,AMD Radeon,16,256.0,13.3,1292,1097,1175,583,2.02
Razer,Professional,Intel,8,3.5,AMD,AMD Radeon,16,512.0,14.0,2820,1434,1988,1839,1.08
Lenovo,Student,AMD,4,2.1,Intel,Intel Iris Xe,8,512.0,15.6,855,1444,1209,737,1.64
Lenovo,Professional,AMD,8,4.5,NVIDIA,NVIDIA RTX,16,512.0,15.6,3565,2720,3058,1974,1.55
Lenovo,Professional,Intel,8,2.9,AMD,AMD Radeon,16,512.0,13.3,2354,2739,2585,1867,1.38
Lenovo,Professional,AMD,6,3.1,AMD,AMD Radeon,16,512.0,15.6,1835,1716,1764,2321,0.76
HP,Professional,AMD,8,4.3,NVIDIA,NVIDIA RTX,16,512.0,16.0,3441,3846,3684,2396,1.54
HP,Basic,Intel,4,2.2,Intel,Intel Iris Xe,8,512.0,14.0,871,314,537,288,1.86
HP,Student,AMD,6,3.5,Intel,Intel UHD,16,512.0,15.6,2082,943,1398,679,2.06
HP,Professional,Intel,12,4.2,AMD,AMD Radeon,32,1024.0,15.6,5085,1460,2910,1656,1.76
Dell,Gaming,AMD,12,3.2,NVIDIA,NVIDIA RTX,32,512.0,15.6,3900,11485,8451,3180,2.66
ASUS,Basic,Intel,4,2.3,AMD,AMD Radeon,4,128.0,14.0,913,468,646,482,1.34
MSI,Basic,AMD,2,1.9,Intel,Intel UHD,8,256.0,13.3,372,754,601,325,1.85
ASUS,Student,AMD,4,3.2,AMD,AMD Radeon,8,512.0,16.0,1272,553,841,528,1.59
Lenovo,Gaming,AMD,8,3.5,AMD,AMD Radeon,16,2048.0,15.6,2837,9886,7066,2658,2.66
Lenovo,Gaming,AMD,12,5.0,NVIDIA,NVIDIA GeForce,16,512.0,15.6,5981,12584,9943,1133,8.78
Lenovo,Professional,Intel,12,3.0,AMD,AMD Radeon,32,512.0,15.6,3601,1953,2613,1367,1.91
HP,Professional,Intel,12,3.8,NVIDIA,NVIDIA GeForce,16,512.0,13.3,4556,1060,2459,1299,1.89
ASUS,Student,Intel,4,3.2,Intel,Intel UHD,8,256.0,13.3,1277,701,932,570,1.64
HP,Basic,AMD,4,2.4,Intel,Intel UHD,4,256.0,15.6,964,467,666,241,2.76
HP,Basic,Intel,2,2.2,AMD,AMD Radeon,8,256.0,15.6,437,696,592,360,1.64
Dell,Gaming,Intel,8,4.0,NVIDIA,NVIDIA GeForce,32,2048.0,16.0,3197,12370,8701,3641,2.39
Dell,Gaming,Intel,8,3.9,NVIDIA,NVIDIA RTX,32,512.0,15.6,3096,10803,7720,2798,2.76
Acer,Basic,Intel,4,2.5,AMD,AMD Radeon,4,128.0,15.6,1012,458,679,359,1.89
Acer,Professional,AMD,6,3.9,NVIDIA,NVIDIA GeForce,32,512.0,13.3,2339,1316,1725,905,1.91
Dell,Professional,Intel,12,2.7,AMD,AMD Radeon,32,512.0,15.6,3285,2899,3053,1619,1.89
Lenovo,Basic,Intel,4,1.6,AMD,AMD Radeon,4,128.0,15.6,659,798,742,483,1.54
ASUS,Basic,Intel,2,2.5,AMD,AMD Radeon,4,256.0,15.6,493,411,444,238,1.87
Lenovo,Professional,AMD,12,3.2,NVIDIA,NVIDIA RTX,16,512.0,15.6,3890,3767,3816,1948,1.96
Lenovo,Student,Intel,6,2.7,AMD,AMD Radeon,8,512.0,15.6,1600,984,1230,871,1.41
Lenovo,Basic,Intel,2,2.3,AMD,AMD Radeon,8,512.0,15.6,458,464,462,204,2.26
Lenovo,Basic,Intel,4,2.0,AMD,AMD Radeon,4,128.0,15.6,810,558,659,209,3.15
MSI,Professional,Intel,6,2.8,NVIDIA,NVIDIA GeForce,16,1024.0,15.6,1694,1618,1649,1549,1.06
Acer,Student,AMD,6,3.3,AMD,AMD Radeon,8,256.0,14.0,1996,1297,1576,892,1.77
ASUS,Professional,Intel,8,4.1,AMD,AMD Radeon,32,1024.0,14.0,3302,3764,3579,1712,2.09
ASUS,Basic,Intel,2,1.9,Intel,Intel UHD,4,128.0,15.6,372,718,580,186,3.12
HP,Gaming,Intel,12,4.1,NVIDIA,NVIDIA RTX,16,512.0,13.3,4894,11074,8602,1549,5.55
ASUS,Professional,Intel,8,3.1,NVIDIA,NVIDIA GeForce,16,512.0,16.0,2469,3828,3284,2446,1.34
ASUS,Basic,AMD,2,2.1,AMD,AMD Radeon,4,256.0,15.6,411,611,531,333,1.59
HP,Student,Intel,4,3.2,AMD,AMD Radeon,8,512.0,14.0,1285,759,970,579,1.68
HP,Gaming,Intel,12,4.5,NVIDIA,NVIDIA RTX,16,512.0,15.6,5446,11318,8969,3749,2.39
ASUS,Student,Intel,6,3.0,AMD,AMD Radeon,8,256.0,15.6,1778,722,1145,405,2.83
Lenovo,Basic,Intel,4,2.4,Intel,Intel UHD,8,256.0,15.6,974,332,589,500,1.18
Acer,Student,Intel,6,2.8,Intel,Intel UHD,8,256.0,14.0,1692,1168,1377,524,2.63
Acer,Gaming,Intel,8,3.0,NVIDIA,NVIDIA GeForce,16,1024.0,16.0,2411,12051,8195,3380,2.42
Dell,Student,Intel,4,3.1,Intel,Intel Iris Xe,16,512.0,17.3,1226,692,906,496,1.83
Dell,Student,Intel,6,2.6,AMD,AMD Radeon,16,256.0,16.0,1576,891,1165,635,1.83
HP,Professional,Intel,8,4.1,AMD,AMD Radeon,16,512.0,14.0,3255,3279,3270,2239,1.46
Lenovo,Basic,Intel,4,2.0,Intel,Intel Iris Xe,4,256.0,15.6,819,267,488,310,1.57
ASUS,Gaming,Intel,8,3.1,AMD,AMD Radeon,16,512.0,13.3,2459,11078,7631,4003,1.91
Lenovo,Basic,Intel,2,2.0,AMD,AMD Radeon,8,256.0,15.6,395,696,576,263,2.19
Lenovo,Professional,AMD,12,4.5,NVIDIA,NVIDIA GeForce,32,512.0,14.0,5391,3860,4472,1883,2.37
Dell,Professional,AMD,6,4.0,NVIDIA,NVIDIA RTX,16,1024.0,15.6,2391,2053,2188,2096,1.04
Acer,Student,Intel,6,2.9,Intel,Intel UHD,8,512.0,14.0,1745,877,1224,432,2.83
Lenovo,Professional,Intel,8,3.2,AMD,AMD Radeon,32,512.0,14.0,2567,3938,3390,2373,1.43
ASUS,Student,AMD,6,2.4,Intel,Intel Iris Xe,8,512.0,15.6,1457,802,1064,797,1.34
Lenovo,Student,Intel,6,2.5,Intel,Intel UHD,8,256.0,15.6,1485,630,972,478,2.03
Apple,Gaming,AMD,8,4.7,NVIDIA,NVIDIA GeForce,16,1024.0,15.6,3734,11076,8140,1480,5.5
Lenovo,Professional,Intel,6,3.7,NVIDIA,NVIDIA RTX,16,1024.0,16.0,2243,1184,1608,2384,0.67
Acer,Professional,AMD,6,4.2,AMD,AMD Radeon,32,512.0,15.6,2546,3797,3296,2418,1.36
ASUS,Basic,AMD,4,2.6,AMD,AMD Radeon,4,512.0,15.6,1021,275,573,309,1.85
Dell,Gaming,Intel,12,4.9,NVIDIA,NVIDIA GeForce,16,1024.0,16.0,5913,5374,5589,1757,3.18
MSI,Professional,Intel,6,3.5,AMD,AMD Radeon,16,512.0,14.0,2117,3431,2905,1050,2.77
Apple,Student,Intel,4,2.1,Intel,Intel Iris Xe,8,512.0,15.6,852,1026,956,894,1.07
MSI,Gaming,Intel,12,4.9,AMD,AMD Radeon,32,512.0,17.3,5927,13516,10480,1361,7.7
Razer,Professional,Intel,6,3.6,AMD,AMD Radeon,32,1024.0,14.0,2184,2357,2288,2042,1.12
HP,Gaming,Intel,8,3.6,NVIDIA,NVIDIA GeForce,32,2048.0,13.3,2918,6411,5014,3394,1.48
MSI,Gaming,Intel,12,4.1,NVIDIA,NVIDIA GeForce,32,512.0,14.0,4954,11827,9078,3785,2.4
Dell,Student,Intel,6,3.1,Intel,Intel Iris Xe,8,256.0,15.6,1841,884,1267,751,1.69
Dell,Student,AMD,4,2.4,Intel,Intel Iris Xe,16,256.0,15.6,974,1259,1145,753,1.52
Razer,Gaming,AMD,16,5.1,NVIDIA,NVIDIA RTX,32,512.0,14.0,8152,11304,10043,986,10.19
HP,Student,Intel,6,3.0,Intel,Intel Iris Xe,8,256.0,15.6,1822,697,1147,364,3.15
Acer,Student,AMD,6,2.2,Intel,Intel Iris Xe,8,256.0,17.3,1348,1468,1420,832,1.71
MSI,Professional,AMD,6,4.3,NVIDIA,NVIDIA GeForce,32,512.0,17.3,2573,2367,2450,934,2.62
Dell,Student,Intel,6,2.6,Intel,Intel UHD,8,512.0,13.3,1582,1283,1403,679,2.07
HP,Student,AMD,6,2.5,Intel,Intel Iris Xe,8,512.0,14.0,1500,579,947,703,1.35
ASUS,Gaming,Intel,12,3.7,NVIDIA,NVIDIA GeForce,32,512.0,15.6,4427,14741,10615,1041,10.2
Dell,Basic,Intel,4,1.7,AMD,AMD Radeon,4,128.0,13.3,669,516,577,501,1.15
Dell,Basic,AMD,2,1.9,AMD,AMD Radeon,4,128.0,15.6,376,701,571,193,2.96
Lenovo,Gaming,Intel,8,4.0,NVIDIA,NVIDIA GeForce,16,512.0,14.0,3200,8914,6628,3900,1.7
Dell,Student,AMD,4,3.0,Intel,Intel Iris Xe,16,256.0,13.3,1194,764,936,862,1.09
ASUS,Professional,AMD,8,2.6,NVIDIA,NVIDIA RTX,32,1024.0,16.0,2047,3847,3127,2434,1.28
ASUS,Gaming,AMD,12,4.6,NVIDIA,NVIDIA RTX,16,512.0,15.6,5536,8298,7193,3449,2.09
Acer,Basic,Intel,4,2.6,AMD,AMD Radeon,4,128.0,15.6,1020,718,839,419,2.0
Lenovo,Basic,AMD,2,2.6,Intel,Intel Iris Xe,4,256.0,15.6,522,732,648,332,1.95
Lenovo,Basic,Intel,4,1.8,AMD,AMD Radeon,4,128.0,14.0,723,339,493,453,1.09
Dell,Student,AMD,6,2.9,Intel,Intel UHD,8,512.0,15.6,1731,797,1171,615,1.9
HP,Gaming,Intel,8,5.4,NVIDIA,NVIDIA RTX,32,512.0,14.0,4301,9503,7422,2706,2.74
ASUS,Professional,Intel,6,3.5,NVIDIA,NVIDIA GeForce,32,1024.0,15.6,2114,3912,3192,1610,1.98
HP,Student,Intel,4,3.2,AMD,AMD Radeon,8,512.0,16.0,1270,1424,1363,649,2.1
Dell,Basic,Intel,2,2.8,Intel,Intel UHD,8,256.0,14.0,556,207,347,263,1.32
MSI,Student,Intel,6,3.0,Intel,Intel Iris Xe,8,512.0,15.6,1829,533,1052,535,1.97
HP,Gaming,AMD,12,3.8,NVIDIA,NVIDIA GeForce,16,1024.0,14.0,4548,8734,7060,3682,1.92
ASUS,Professional,Intel,8,3.8,NVIDIA,NVIDIA GeForce,32,1024.0,16.0,3032,3151,3104,1569,1.98
Dell,Professional,AMD,8,4.3,NVIDIA,NVIDIA GeForce,32,1024.0,14.0,3437,3599,3534,1044,3.39
Dell,Student,Intel,4,2.8,AMD,AMD Radeon,16,256.0,15.6,1118,606,811,707,1.15
HP,Basic,Intel,2,2.0,AMD,AMD Radeon,4,128.0,13.3,405,646,550,416,1.32
Acer,Student,Intel,4,2.5,Intel,Intel UHD,16,512.0,17.3,993,1289,1170,822,1.42
Dell,Basic,AMD,2,1.8,AMD,AMD Radeon,4,256.0,14.0,355,488,435,263,1.65
Lenovo,Professional,AMD,12,2.8,NVIDIA,NVIDIA GeForce,32,1024.0,15.6,3347,2993,3134,2240,1.4
Dell,Gaming,AMD,12,3.6,NVIDIA,NVIDIA RTX,16,1024.0,15.6,4336,9772,7597,2778,2.73
ASUS,Professional,Intel,8,4.4,AMD,AMD Radeon,32,512.0,13.3,3530,1429,2269,2106,1.08
Razer,Basic,Intel,4,2.2,AMD,AMD Radeon,4,128.0,15.6,890,489,650,150,4.33
Dell,Student,Intel,6,2.2,Intel,Intel UHD,8,512.0,15.6,1346,805,1021,816,1.25
Acer,Basic,Intel,2,2.6,AMD,AMD Radeon,4,256.0,15.6,523,378,436,446,0.98
Lenovo,Basic,Intel,4,2.1,Intel,Intel UHD,4,128.0,14.0,828,487,623,243,2.56
HP,Basic,Intel,2,2.7,Intel,Intel Iris Xe,8,128.0,13.3,536,376,440,303,1.45
Lenovo,Basic,AMD,4,2.7,Intel,Intel Iris Xe,8,512.0,13.3,1069,254,580,310,1.87
Dell,Basic,AMD,2,2.3,Intel,Intel UHD,8,128.0,13.3,454,518,493,337,1.46
Lenovo,Basic,Intel,2,2.6,Intel,Intel Iris Xe,4,256.0,13.3,522,297,387,431,0.9
Lenovo,Basic,AMD,2,2.4,AMD,AMD Radeon,4,512.0,17.3,474,339,393,410,0.96
ASUS,Basic,Intel,2,2.2,Intel,Intel Iris Xe,8,256.0,14.0,441,570,518,502,1.03
Acer,Professional,Intel,8,3.1,NVIDIA,NVIDIA GeForce,16,512.0,13.3,2449,1879,2107,1974,1.07
ASUS,Basic,Intel,2,2.2,AMD,AMD Radeon,4,256.0,16.0,435,244,320,434,0.74
Razer,Basic,Intel,2,1.7,Intel,Intel Iris Xe,8,256.0,15.6,341,766,596,409,1.46
Dell,Professional,Intel,12,3.8,NVIDIA,NVIDIA GeForce,32,512.0,17.3,4565,2911,3573,1735,2.06
MSI,Gaming,Intel,8,4.2,AMD,AMD Radeon,16,512.0,16.0,3392,14326,9953,2820,3.53
Dell,Basic,AMD,2,2.5,AMD,AMD Radeon,8,128.0,15.6,507,258,358,432,0.83
ASUS,Basic,Intel,2,2.3,Intel,Intel Iris Xe,8,128.0,15.6,466,542,512,428,1.2
ASUS,Professional,Intel,8,4.0,NVIDIA,NVIDIA RTX,32,512.0,15.6,3193,2693,2893,2352,1.23
HP,Professional,Intel,6,2.9,NVIDIA,NVIDIA RTX,32,512.0,14.0,1727,2665,2290,1142,2.01
Acer,Student,Intel,6,2.0,Intel,Intel UHD,16,512.0,15.6,1226,516,800,642,1.25
MSI,Professional,Intel,8,4.1,AMD,AMD Radeon,16,512.0,14.0,3267,3313,3295,1994,1.65
Dell,Professional,Intel,8,3.2,NVIDIA,NVIDIA RTX,32,512.0,14.0,2585,2110,2300,1638,1.4
Acer,Professional,AMD,8,3.3,AMD,AMD Radeon,32,1024.0,14.0,2615,2995,2843,1233,2.31
HP,Professional,Intel,8,3.0,NVIDIA,NVIDIA GeForce,16,512.0,15.6,2406,1391,1797,1367,1.31
HP,Professional,Intel,8,3.2,NVIDIA,NVIDIA GeForce,16,512.0,15.6,2572,3117,2899,1427,2.03
Razer,Student,AMD,4,3.1,Intel,Intel UHD,8,512.0,15.6,1232,806,976,383,2.55
ASUS,Student,Intel,6,2.9,Intel,Intel UHD,8,512.0,15.6,1737,930,1253,437,2.87
Acer,Basic,Intel,2,1.7,AMD,AMD Radeon,4,128.0,15.6,332,428,389,386,1.01
Lenovo,Student,Intel,4,2.5,Intel,Intel Iris Xe,8,256.0,15.6,1010,783,874,395,2.21
Dell,Student,Intel,6,2.0,Intel,Intel Iris Xe,8,256.0,13.3,1206,1409,1327,675,1.97
HP,Professional,AMD,8,2.5,NVIDIA,NVIDIA GeForce,16,1024.0,15.6,2014,2340,2209,1520,1.45
Dell,Professional,Intel,8,3.6,AMD,AMD Radeon,32,512.0,15.6,2873,2551,2679,2367,1.13
Lenovo,Basic,Intel,2,2.3,Intel,Intel Iris Xe,8,512.0,13.3,456,619,554,252,2.2
Dell,Gaming,Intel,16,4.3,NVIDIA,NVIDIA GeForce,16,2048.0,16.0,6828,5895,6268,2739,2.29
ASUS,Professional,AMD,8,4.2,NVIDIA,NVIDIA GeForce,32,512.0,15.6,3326,3103,3192,1269,2.52
Dell,Professional,Intel,8,3.3,NVIDIA,NVIDIA GeForce,16,1024.0,15.6,2661,1201,1785,1812,0.99
HP,Basic,Intel,4,1.7,AMD,AMD Radeon,4,128.0,14.0,700,308,465,404,1.15
Dell,Professional,AMD,12,4.1,AMD,AMD Radeon,32,1024.0,16.0,4922,2859,3684,1626,2.27
ASUS,Basic,Intel,2,2.4,AMD,AMD Radeon,8,128.0,13.3,475,300,370,251,1.47
Dell,Professional,Intel,8,4.3,AMD,AMD Radeon,16,1024.0,16.0,3413,3870,3687,1855,1.99
Dell,Basic,Intel,4,2.1,AMD,AMD Radeon,8,256.0,16.0,824,505,633,407,1.56
Lenovo,Student,AMD,4,2.0,AMD,AMD Radeon,8,256.0,14.0,804,1465,1200,682,1.76
Dell,Student,Intel,4,2.6,AMD,AMD Radeon,8,256.0,16.0,1043,1398,1256,531,2.37
ASUS,Professional,Intel,8,4.1,AMD,AMD Radeon,16,1024.0,13.3,3304,2220,2654,1825,1.45
Lenovo,Student,AMD,6,2.7,Intel,Intel UHD,16,512.0,15.6,1638,623,1029,621,1.66
ASUS,Student,Intel,4,2.9,AMD,AMD Radeon,8,512.0,16.0,1158,1331,1262,852,1.48
Razer,Basic,Intel,2,2.4,AMD,AMD Radeon,4,128.0,15.6,490,338,399,313,1.27
Dell,Student,Intel,6,2.8,Intel,Intel UHD,8,256.0,13.3,1676,505,973,695,1.4
ASUS,Professional,Intel,6,2.5,NVIDIA,NVIDIA RTX,32,512.0,15.6,1518,2952,2379,2213,1.08
HP,Student,Intel,6,2.4,Intel,Intel UHD,8,512.0,15.6,1418,802,1048,737,1.42
Acer,Gaming,Intel,8,3.9,NVIDIA,NVIDIA RTX,32,1024.0,14.0,3091,12322,8630,3517,2.45
ASUS,Professional,Intel,12,4.1,AMD,AMD Radeon,32,1024.0,15.6,4915,3434,4027,1476,2.73
HP,Student,Intel,4,3.1,AMD,AMD Radeon,16,256.0,15.6,1237,995,1092,669,1.63
Lenovo,Professional,Intel,8,3.4,AMD,AMD Radeon,16,512.0,15.6,2732,1310,1878,1772,1.06
Acer,Professional,AMD,8,4.1,AMD,AMD Radeon,32,512.0,15.6,3314,3892,3661,864,4.24
MSI,Student,Intel,6,2.6,AMD,AMD Radeon,8,512.0,14.0,1587,1459,1510,350,4.31
Lenovo,Gaming,Intel,12,3.9,NVIDIA,NVIDIA GeForce,32,1024.0,14.0,4682,10721,8305,3473,2.39
HP,Professional,Intel,12,2.7,AMD,AMD Radeon,32,512.0,15.6,3241,3358,3311,2424,1.37
HP,Gaming,Intel,12,4.4,AMD,AMD Radeon,16,512.0,14.0,5229,10678,8498,3107,2.74
HP,Basic,Intel,4,2.5,Intel,Intel Iris Xe,4,512.0,15.6,1008,255,557,378,1.47
Apple,Gaming,AMD,8,4.4,NVIDIA,NVIDIA GeForce,32,1024.0,13.3,3482,12009,8598,1353,6.35
ASUS,Professional,Intel,12,3.5,AMD,AMD Radeon,16,1024.0,16.0,4157,1718,2694,2185,1.23
Lenovo,Professional,Intel,8,3.1,AMD,AMD Radeon,16,512.0,13.3,2480,1853,2103,1993,1.06
ASUS,Basic,AMD,2,2.3,AMD,AMD Radeon,8,256.0,16.0,463,429,443,248,1.79
Dell,Student,Intel,4,3.1,Intel,Intel Iris Xe,8,256.0,15.6,1238,557,829,870,0.95
ASUS,Student,Intel,4,3.2,Intel,Intel Iris Xe,16,512.0,16.0,1299,1071,1162,419,2.77
MSI,Student,Intel,6,2.1,AMD,AMD Radeon,8,512.0,13.3,1230,1295,1269,800,1.59
Lenovo,Student,Intel,6,2.0,AMD,AMD Radeon,16,256.0,14.0,1224,1111,1156,495,2.34
HP,Student,AMD,4,2.2,AMD,AMD Radeon,8,256.0,15.6,864,1286,1117,696,1.6
Apple,Basic,AMD,4,2.1,AMD,AMD Radeon,8,256.0,14.0,834,228,470,263,1.79
Acer,Gaming,AMD,12,4.7,AMD,AMD Radeon,32,1024.0,15.6,5620,14707,11072,3900,2.84
Lenovo,Basic,Intel,2,2.3,Intel,Intel UHD,4,128.0,15.6,455,455,455,170,2.68
Acer,Student,Intel,4,2.6,Intel,Intel Iris Xe,8,256.0,16.0,1037,873,939,998,0.94
HP,Student,Intel,4,2.1,AMD,AMD Radeon,8,512.0,17.3,835,840,838,640,1.31
Lenovo,Gaming,Intel,16,4.7,NVIDIA,NVIDIA GeForce,32,1024.0,14.0,7514,13492,11101,2450,4.53
Lenovo,Student,AMD,6,2.5,Intel,Intel Iris Xe,8,512.0,13.3,1487,611,962,472,2.04
HP,Professional,AMD,8,3.9,NVIDIA,NVIDIA GeForce,16,512.0,13.3,3133,1795,2330,1010,2.31
HP,Professional,Intel,6,3.3,AMD,AMD Radeon,32,1024.0,17.3,1977,2398,2230,991,2.25
HP,Basic,Intel,2,2.5,AMD,AMD Radeon,8,128.0,16.0,510,404,446,468,0.95
Lenovo,Gaming,AMD,12,5.4,NVIDIA,NVIDIA GeForce,16,1024.0,15.6,6508,7010,6809,3343,2.04
Apple,Student,Intel,4,2.2,AMD,AMD Radeon,8,512.0,14.0,875,970,932,792,1.18
Dell,Student,Intel,6,2.3,Intel,Intel Iris Xe,8,256.0,13.3,1396,1106,1222,759,1.61
ASUS,Student,Intel,4,2.8,Intel,Intel Iris Xe,8,256.0,13.3,1109,914,992,797,1.24
Lenovo,Gaming,Intel,16,3.3,NVIDIA,NVIDIA GeForce,16,2048.0,17.3,5335,12721,9767,1445,6.76
HP,Student,AMD,4,2.1,AMD,AMD Radeon,8,512.0,15.6,858,730,781,546,1.43
Razer,Professional,Intel,8,3.5,AMD,AMD Radeon,32,512.0,15.6,2804,1511,2028,2202,0.92
MSI,Basic,Intel,4,2.6,Intel,Intel Iris Xe,4,128.0,17.3,1038,451,686,252,2.72
Dell,Professional,Intel,8,3.5,NVIDIA,NVIDIA RTX,32,512.0,15.6,2800,4000,3520,1636,2.15
HP,Basic,AMD,4,2.6,AMD,AMD Radeon,8,128.0,15.6,1029,636,793,298,2.66
Dell,Professional,Intel,8,4.3,NVIDIA,NVIDIA RTX,32,1024.0,15.6,3468,1327,2183,1184,1.84
HP,Professional,AMD,8,3.7,NVIDIA,NVIDIA GeForce,32,1024.0,14.0,2979,2562,2729,1772,1.54
Apple,Student,Intel,6,2.7,Intel,Intel UHD,8,512.0,14.0,1594,1111,1304,539,2.42
Dell,Professional,AMD,8,3.0,AMD,AMD Radeon,16,1024.0,15.6,2388,2346,2363,2184,1.08
Lenovo,Gaming,AMD,12,4.6,NVIDIA,NVIDIA GeForce,16,1024.0,15.6,5565,8180,7134,2548,2.8
Dell,Student,AMD,6,2.5,AMD,AMD Radeon,8,512.0,15.6,1485,668,995,463,2.15
Lenovo,Basic,Intel,4,1.9,AMD,AMD Radeon,4,128.0,15.6,755,345,509,357,1.43
MSI,Student,Intel,6,2.2,AMD,AMD Radeon,16,512.0,13.3,1334,972,1117,603,1.85
Dell,Gaming,Intel,16,4.6,AMD,AMD Radeon,32,2048.0,15.6,7290,5443,6182,1908,3.24
HP,Gaming,Intel,8,3.7,NVIDIA,NVIDIA GeForce,16,512.0,15.6,2964,9685,6996,2275,3.08
Acer,Gaming,Intel,12,3.4,AMD,AMD Radeon,16,512.0,13.3,4130,10061,7689,3308,2.32
Acer,Student,Intel,4,3.2,AMD,AMD Radeon,8,256.0,15.6,1294,816,1007,598,1.68
HP,Student,Intel,4,3.3,AMD,AMD Radeon,8,512.0,14.0,1329,1494,1428,600,2.38
MSI,Professional,Intel,12,4.1,NVIDIA,NVIDIA RTX,32,1024.0,14.0,4925,1139,2654,1107,2.4
HP,Basic,Intel,2,2.6,AMD,AMD Radeon,4,256.0,17.3,511,568,545,521,1.05
Lenovo,Gaming,Intel,12,4.8,AMD,AMD Radeon,32,1024.0,15.6,5781,5381,5541,2360,2.35
Razer,Student,Intel,4,2.3,Intel,Intel UHD,16,512.0,15.6,928,1264,1129,785,1.44
HP,Student,AMD,6,2.3,AMD,AMD Radeon,8,512.0,16.0,1392,1152,1248,473,2.64
HP,Professional,Intel,12,4.3,AMD,AMD Radeon,16,1024.0,14.0,5216,2357,3501,1546,2.26
Lenovo,Basic,Intel,2,2.2,AMD,AMD Radeon,4,128.0,15.6,447,568,519,371,1.4
Dell,Basic,Intel,4,2.5,Intel,Intel UHD,4,256.0,15.6,991,282,566,365,1.55
ASUS,Basic,Intel,2,2.2,AMD,AMD Radeon,8,128.0,13.3,436,625,549,192,2.86
Dell,Professional,AMD,8,3.3,NVIDIA,NVIDIA RTX,32,512.0,17.3,2656,1913,2210,1314,1.68
Acer,Professional,AMD,6,3.7,NVIDIA,NVIDIA GeForce,32,512.0,13.3,2239,1898,2035,1900,1.07
HP,Basic,Intel,2,2.4,AMD,AMD Radeon,8,128.0,16.0,480,608,557,228,2.44
Dell,Gaming,Intel,8,4.6,NVIDIA,NVIDIA GeForce,32,512.0,13.3,3677,11354,8283,1357,6.1
HP,Basic,Intel,4,1.7,Intel,Intel Iris Xe,4,256.0,16.0,665,434,527,387,1.36
Dell,Gaming,Intel,16,5.2,NVIDIA,NVIDIA GeForce,16,1024.0,16.0,8305,5773,6786,1813,3.74
Apple,Basic,Intel,2,1.8,AMD,AMD Radeon,8,256.0,16.0,362,653,537,401,1.34
ASUS,Student,Intel,6,3.2,Intel,Intel UHD,8,512.0,13.3,1922,1028,1386,511,2.71
Razer,Student,Intel,6,2.1,Intel,Intel UHD,8,256.0,14.0,1268,1306,1291,340,3.8
ASUS,Student,AMD,6,2.5,Intel,Intel Iris Xe,8,512.0,15.6,1529,685,1022,837,1.22
Dell,Student,Intel,4,2.1,AMD,AMD Radeon,16,512.0,14.0,854,1372,1165,664,1.75
ASUS,Basic,Intel,2,2.7,AMD,AMD Radeon,8,256.0,15.6,547,587,571,189,3.02
MSI,Basic,AMD,2,2.4,AMD,AMD Radeon,4,128.0,13.3,471,591,543,281,1.93
Dell,Basic,Intel,4,2.3,AMD,AMD Radeon,4,256.0,15.6,918,334,567,348,1.63
Dell,Professional,Intel,8,3.5,NVIDIA,NVIDIA RTX,16,512.0,13.3,2835,2465,2613,1516,1.72
ASUS,Student,Intel,4,2.1,Intel,Intel Iris Xe,8,512.0,16.0,834,760,789,506,1.56
HP,Basic,Intel,2,2.5,Intel,Intel UHD,4,128.0,14.0,499,626,575,326,1.76
Lenovo,Professional,Intel,8,4.3,AMD,AMD Radeon,16,1024.0,15.6,3448,1855,2493,924,2.7
Dell,Student,AMD,6,3.0,Intel,Intel UHD,8,512.0,13.3,1819,647,1116,538,2.07
ASUS,Basic,Intel,4,2.7,Intel,Intel UHD,4,512.0,14.0,1085,457,708,356,1.99
MSI,Student,Intel,6,3.4,AMD,AMD Radeon,8,512.0,16.0,2041,705,1239,664,1.87
Dell,Gaming,AMD,16,3.6,NVIDIA,NVIDIA RTX,16,512.0,16.0,5688,10220,8408,2116,3.97
HP,Student,Intel,4,2.3,Intel,Intel Iris Xe,8,256.0,14.0,901,1038,983,397,2.48
HP,Professional,Intel,8,3.7,NVIDIA,NVIDIA RTX,32,512.0,13.3,2988,2210,2521,2282,1.1
Razer,Student,Intel,4,2.3,AMD,AMD Radeon,8,256.0,15.6,907,1466,1242,922,1.35
Apple,Gaming,Intel,16,3.4,NVIDIA,NVIDIA RTX,32,512.0,14.0,5378,9466,7831,3598,2.18
Lenovo,Basic,AMD,2,2.8,AMD,AMD Radeon,8,128.0,16.0,553,505,524,392,1.34
Acer,Gaming,Intel,16,5.4,AMD,AMD Radeon,16,512.0,14.0,8591,5899,6976,3596,1.94
HP,Professional,Intel,8,3.9,NVIDIA,NVIDIA RTX,16,512.0,15.6,3158,2231,2602,1679,1.55
ASUS,Gaming,AMD,12,4.7,NVIDIA,NVIDIA GeForce,16,512.0,14.0,5641,11815,9345,2062,4.53
HP,Gaming,Intel,16,4.7,AMD,AMD Radeon,16,512.0,16.0,7588,8925,8390,1675,5.01
Apple,Basic,AMD,2,2.1,AMD,AMD Radeon,8,128.0,15.6,423,711,596,368,1.62
Lenovo,Professional,AMD,8,4.1,NVIDIA,NVIDIA RTX,32,1024.0,14.0,3276,2016,2520,2144,1.18
Razer,Student,Intel,4,3.3,AMD,AMD Radeon,8,256.0,16.0,1313,774,990,481,2.06
HP,Professional,Intel,8,3.7,AMD,AMD Radeon,16,512.0,13.3,2968,3342,3193,1374,2.32
HP,Professional,Intel,8,3.6,AMD,AMD Radeon,32,512.0,16.0,2914,3966,3545,2011,1.76
HP,Gaming,Intel,12,4.7,NVIDIA,NVIDIA GeForce,32,512.0,14.0,5681,14146,10760,1394,7.72
Razer,Professional,Intel,6,2.6,AMD,AMD Radeon,16,512.0,14.0,1567,3377,2653,2470,1.07
Dell,Basic,Intel,4,2.2,Intel,Intel UHD,4,256.0,15.6,872,450,619,223,2.78
Dell,Professional,AMD,6,4.1,AMD,AMD Radeon,16,1024.0,17.3,2473,1247,1737,1561,1.11
HP,Student,AMD,4,3.1,Intel,Intel Iris Xe,8,512.0,14.0,1259,1035,1125,621,1.81
HP,Basic,Intel,2,2.6,AMD,AMD Radeon,4,128.0,15.6,529,564,550,308,1.79
Dell,Gaming,AMD,16,4.8,AMD,AMD Radeon,32,2048.0,14.0,7679,6694,7088,3880,1.83
Acer,Professional,Intel,8,4.1,NVIDIA,NVIDIA GeForce,16,512.0,13.3,3263,2335,2706,2389,1.13
Acer,Basic,Intel,4,2.1,Intel,Intel UHD,4,256.0,14.0,840,565,675,353,1.91
MSI,Basic,Intel,2,2.0,Intel,Intel UHD,8,128.0,15.6,409,691,578,479,1.21
HP,Basic,AMD,2,1.9,AMD,AMD Radeon,8,128.0,13.3,376,543,477,580,0.82
ASUS,Student,Intel,6,2.1,AMD,AMD Radeon,8,256.0,13.3,1263,980,1093,841,1.3
ASUS,Basic,Intel,4,1.8,AMD,AMD Radeon,4,128.0,15.6,702,577,627,392,1.6
ASUS,Basic,Intel,2,2.7,AMD,AMD Radeon,4,128.0,16.0,533,675,618,409,1.51
Lenovo,Gaming,Intel,16,4.4,AMD,AMD Radeon,16,512.0,15.6,7015,5864,6324,1930,3.28
Lenovo,Basic,Intel,4,2.7,Intel,Intel UHD,4,128.0,17.3,1072,691,843,262,3.22
HP,Gaming,Intel,8,4.5,AMD,AMD Radeon,32,1024.0,16.0,3613,9257,6999,2162,3.24
MSI,Student,Intel,4,3.1,AMD,AMD Radeon,16,256.0,14.0,1235,1063,1132,444,2.55
Acer,Gaming,Intel,8,4.9,NVIDIA,NVIDIA GeForce,16,512.0,15.6,3907,13657,9757,3229,3.02
HP,Student,AMD,4,2.8,Intel,Intel Iris Xe,8,512.0,15.6,1117,1111,1114,1005,1.11
Acer,Basic,Intel,2,2.0,AMD,AMD Radeon,4,128.0,15.6,395,792,633,222,2.85
Dell,Student,Intel,4,3.2,Intel,Intel UHD,8,256.0,13.3,1288,692,930,867,1.07
Lenovo,Professional,AMD,12,4.5,NVIDIA,NVIDIA RTX,32,512.0,13.3,5354,1358,2956,2379,1.24
Acer,Student,Intel,6,3.1,AMD,AMD Radeon,16,256.0,13.3,1885,1280,1522,551,2.76
Apple,Professional,Intel,8,2.6,NVIDIA,NVIDIA GeForce,16,1024.0,15.6,2084,2658,2428,2019,1.2
HP,Basic,Intel,2,1.9,Intel,Intel Iris Xe,4,512.0,15.6,379,409,397,345,1.15
ASUS,Student,Intel,6,2.7,AMD,AMD Radeon,8,256.0,17.3,1602,1297,1419,618,2.3
Dell,Gaming,Intel,12,4.4,NVIDIA,NVIDIA RTX,16,512.0,15.6,5276,6388,5943,3109,1.91
Dell,Student,Intel,4,2.1,AMD,AMD Radeon,16,512.0,15.6,840,1240,1080,927,1.17
Apple,Professional,Intel,6,2.8,NVIDIA,NVIDIA RTX,16,512.0,17.3,1704,3894,3018,1948,1.55
MSI,Gaming,Intel,12,5.1,NVIDIA,NVIDIA GeForce,16,1024.0,17.3,6124,5405,5693,1315,4.33
Lenovo,Professional,Intel,12,2.8,NVIDIA,NVIDIA RTX,16,512.0,15.6,3362,1133,2025,1035,1.96
Razer,Professional,Intel,8,4.0,AMD,AMD Radeon,32,1024.0,13.3,3212,2130,2563,1408,1.82
HP,Gaming,AMD,8,5.2,NVIDIA,NVIDIA RTX,16,1024.0,13.3,4194,8000,6478,2653,2.44
Dell,Student,Intel,6,3.0,AMD,AMD Radeon,8,256.0,17.3,1777,1408,1555,617,2.52
Razer,Gaming,Intel,8,3.7,AMD,AMD Radeon,16,1024.0,15.6,2924,12095,8427,1340,6.29
Razer,Student,Intel,6,2.0,AMD,AMD Radeon,8,512.0,15.6,1202,1009,1086,322,3.37
Acer,Student,Intel,4,3.3,Intel,Intel UHD,8,256.0,15.6,1335,1327,1330,872,1.53
Lenovo,Gaming,Intel,8,4.9,NVIDIA,NVIDIA RTX,32,512.0,15.6,3887,6708,5579,1688,3.31
Dell,Professional,AMD,12,2.8,NVIDIA,NVIDIA GeForce,16,1024.0,14.0,3404,2996,3160,1879,1.68
ASUS,Student,AMD,4,2.3,AMD,AMD Radeon,8,256.0,15.6,931,1146,1060,533,1.99
Apple,Professional,Intel,6,2.7,NVIDIA,NVIDIA RTX,32,512.0,15.6,1641,1953,1828,1847,0.99
Dell,Student,Intel,6,2.7,AMD,AMD Radeon,8,512.0,15.6,1617,1052,1278,737,1.73
Acer,Professional,AMD,6,4.4,AMD,AMD Radeon,32,1024.0,17.3,2623,2316,2438,1255,1.94
ASUS,Basic,Intel,2,2.4,Intel,Intel UHD,8,256.0,16.0,484,502,495,307,1.61
Lenovo,Gaming,AMD,12,5.2,NVIDIA,NVIDIA GeForce,16,1024.0,15.6,6226,5240,5634,3235,1.74
Lenovo,Basic,Intel,4,2.8,Intel,Intel Iris Xe,8,256.0,15.6,1113,553,777,449,1.73
ASUS,Student,AMD,6,3.5,Intel,Intel UHD,8,256.0,15.6,2098,1377,1666,736,2.26
ASUS,Student,Intel,4,2.9,Intel,Intel Iris Xe,8,256.0,17.3,1170,501,768,698,1.1
Razer,Professional,Intel,8,3.9,NVIDIA,NVIDIA RTX,16,512.0,15.6,3141,3539,3380,2228,1.52
Dell,Basic,AMD,2,2.5,AMD,AMD Radeon,8,128.0,15.6,490,716,626,260,2.41
MSI,Gaming,AMD,8,3.3,NVIDIA,NVIDIA RTX,16,512.0,14.0,2671,9894,7005,2281,3.07
Lenovo,Student,Intel,4,2.1,Intel,Intel UHD,8,512.0,15.6,842,1468,1218,418,2.91
Lenovo,Basic,Intel,2,2.4,Intel,Intel Iris Xe,4,256.0,15.6,475,624,564,206,2.74
Lenovo,Student,Intel,6,3.1,Intel,Intel Iris Xe,16,256.0,17.3,1839,1270,1498,446,3.36
Lenovo,Student,AMD,6,2.6,AMD,AMD Radeon,16,512.0,16.0,1579,692,1047,579,1.81
Dell,Gaming,Intel,16,5.3,NVIDIA,NVIDIA GeForce,32,512.0,14.0,8515,10371,9628,2907,3.31
Acer,Professional,Intel,8,3.3,NVIDIA,NVIDIA GeForce,32,512.0,13.3,2637,1372,1878,1613,1.16
Dell,Student,Intel,4,2.6,Intel,Intel UHD,8,512.0,15.6,1041,596,774,816,0.95
Acer,Professional,Intel,6,4.2,AMD,AMD Radeon,16,1024.0,15.6,2544,2512,2525,2094,1.21
HP,Basic,Intel,4,2.2,AMD,AMD Radeon,8,256.0,13.3,887,223,489,178,2.75
HP,Gaming,Intel,12,3.3,AMD,AMD Radeon,16,1024.0,17.3,3927,12417,9021,1724,5.23
Lenovo,Basic,AMD,2,2.8,Intel,Intel UHD,4,512.0,13.3,550,235,361,298,1.21
Dell,Student,Intel,6,2.3,AMD,AMD Radeon,16,512.0,15.6,1399,1015,1169,600,1.95
Lenovo,Gaming,Intel,12,3.1,AMD,AMD Radeon,16,512.0,15.6,3772,8671,6711,2240,3.0
Razer,Gaming,AMD,16,4.4,AMD,AMD Radeon,32,2048.0,15.6,7013,6631,6784,2189,3.1
HP,Student,Intel,6,3.1,AMD,AMD Radeon,8,512.0,16.0,1864,1114,1414,444,3.18
Acer,Student,Intel,6,3.5,AMD,AMD Radeon,8,512.0,17.3,2079,800,1312,874,1.5
Acer,Gaming,Intel,12,3.5,AMD,AMD Radeon,32,512.0,16.0,4176,5258,4825,1012,4.77
Lenovo,Basic,Intel,2,2.6,Intel,Intel Iris Xe,4,256.0,15.6,525,491,505,264,1.91
Lenovo,Student,AMD,6,3.4,Intel,Intel UHD,8,256.0,16.0,2065,974,1410,683,2.06
MSI,Gaming,Intel,12,4.6,NVIDIA,NVIDIA GeForce,16,512.0,17.3,5480,13402,10233,3617,2.83
Lenovo,Basic,Intel,2,2.8,Intel,Intel UHD,4,256.0,15.6,553,393,457,157,2.91
ASUS,Gaming,Intel,16,4.0,NVIDIA,NVIDIA RTX,16,1024.0,16.0,6397,5981,6147,3895,1.58
Acer,Basic,Intel,2,2.3,AMD,AMD Radeon,4,128.0,15.6,469,476,473,257,1.84
HP,Basic,Intel,2,2.8,AMD,AMD Radeon,4,128.0,16.0,556,321,415,437,0.95
HP,Student,Intel,4,2.4,Intel,Intel Iris Xe,8,512.0,16.0,962,893,921,975,0.94
MSI,Professional,AMD,8,3.9,NVIDIA,NVIDIA RTX,16,512.0,14.0,3131,3189,3166,1933,1.64
HP,Basic,AMD,2,1.8,AMD,AMD Radeon,4,128.0,15.6,358,488,436,298,1.46
Acer,Student,Intel,6,2.1,Intel,Intel Iris Xe,16,256.0,13.3,1265,572,849,524,1.62
Dell,Gaming,Intel,12,5.4,NVIDIA,NVIDIA GeForce,32,512.0,14.0,6529,12884,10342,3217,3.21
Lenovo,Basic,Intel,2,2.1,AMD,AMD Radeon,4,128.0,15.6,413,239,309,239,1.29
Razer,Basic,AMD,2,2.3,AMD,AMD Radeon,4,128.0,16.0,466,584,537,377,1.42
Lenovo,Student,AMD,4,3.0,AMD,AMD Radeon,16,512.0,17.3,1203,1090,1135,523,2.17
Lenovo,Student,Intel,4,3.3,Intel,Intel UHD,8,512.0,13.3,1301,1383,1351,295,4.58
Dell,Basic,Intel,4,2.4,Intel,Intel Iris Xe,4,128.0,17.3,945,444,644,394,1.63
Lenovo,Basic,Intel,2,2.8,Intel,Intel UHD,4,256.0,15.6,557,230,361,399,0.9
Dell,Basic,AMD,4,2.7,Intel,Intel UHD,4,128.0,14.0,1090,336,638,396,1.61
HP,Student,Intel,6,2.9,AMD,AMD Radeon,8,256.0,13.3,1754,1049,1331,724,1.84
HP,Student,Intel,4,3.2,AMD,AMD Radeon,16,256.0,16.0,1278,698,930,875,1.06
Dell,Basic,AMD,2,2.6,AMD,AMD Radeon,4,128.0,14.0,517,612,574,371,1.55
Acer,Student,Intel,4,2.1,Intel,Intel UHD,8,256.0,15.6,828,1191,1046,914,1.14
Dell,Professional,Intel,6,4.1,NVIDIA,NVIDIA RTX,16,512.0,17.3,2455,2752,2633,1758,1.5
HP,Student,Intel,4,2.9,Intel,Intel UHD,8,512.0,14.0,1162,1370,1287,710,1.81
Lenovo,Professional,Intel,8,3.8,NVIDIA,NVIDIA GeForce,32,512.0,13.3,3067,1575,2172,1857,1.17
MSI,Professional,Intel,6,3.4,NVIDIA,NVIDIA RTX,32,512.0,15.6,2029,3108,2677,2050,1.31
Lenovo,Basic,AMD,2,2.3,Intel,Intel UHD,4,128.0,15.6,454,336,383,164,2.34
Dell,Basic,Intel,2,1.6,Intel,Intel Iris Xe,4,128.0,14.0,326,783,601,410,1.47
Lenovo,Student,Intel,4,2.8,Intel,Intel UHD,8,256.0,13.3,1129,709,877,761,1.15
ASUS,Basic,Intel,2,1.8,Intel,Intel Iris Xe,8,128.0,15.6,351,699,560,385,1.45
Lenovo,Professional,Intel,8,2.7,NVIDIA,NVIDIA RTX,16,512.0,13.3,2165,3701,3086,1929,1.6
ASUS,Basic,Intel,2,2.0,Intel,Intel Iris Xe,4,256.0,17.3,398,372,383,327,1.17
Lenovo,Gaming,Intel,12,4.8,AMD,AMD Radeon,32,1024.0,14.0,5702,13800,10561,1340,7.88
Dell,Professional,AMD,8,3.4,NVIDIA,NVIDIA GeForce,32,512.0,14.0,2714,3677,3292,1840,1.79
HP,Basic,Intel,2,2.1,AMD,AMD Radeon,4,512.0,14.0,411,410,411,314,1.31
HP,Gaming,AMD,12,3.1,NVIDIA,NVIDIA RTX,16,512.0,15.6,3696,14116,9948,2778,3.58
Dell,Student,AMD,4,3.3,AMD,AMD Radeon,8,256.0,16.0,1330,1187,1244,793,1.57
Lenovo,Gaming,Intel,12,4.1,NVIDIA,NVIDIA GeForce,32,1024.0,13.3,4865,11315,8735,3367,2.59
Acer,Basic,Intel,2,2.4,AMD,AMD Radeon,4,256.0,17.3,474,338,392,287,1.37
HP,Student,Intel,4,2.1,Intel,Intel UHD,8,256.0,16.0,858,1464,1222,630,1.94
ASUS,Basic,Intel,2,2.8,Intel,Intel Iris Xe,4,128.0,16.0,556,507,527,348,1.51
HP,Student,Intel,4,3.5,AMD,AMD Radeon,8,512.0,15.6,1399,818,1050,460,2.28
MSI,Student,AMD,6,3.1,AMD,AMD Radeon,8,256.0,16.0,1861,969,1326,452,2.93
ASUS,Professional,Intel,12,4.4,NVIDIA,NVIDIA GeForce,16,1024.0,15.6,5338,1248,2884,1439,2.0
ASUS,Gaming,Intel,8,5.3,AMD,AMD Radeon,32,1024.0,15.6,4225,11067,8330,2947,2.83
Acer,Student,AMD,6,2.5,Intel,Intel Iris Xe,8,256.0,17.3,1487,1493,1490,652,2.29
ASUS,Basic,Intel,2,2.7,AMD,AMD Radeon,4,128.0,16.0,550,793,696,180,3.87
HP,Basic,AMD,2,2.7,Intel,Intel Iris Xe,8,128.0,13.3,539,374,440,476,0.92
HP,Gaming,Intel,12,4.1,AMD,AMD Radeon,16,512.0,15.6,4864,5678,5352,3254,1.64
Lenovo,Student,Intel,4,2.4,Intel,Intel Iris Xe,8,256.0,15.6,968,1352,1199,527,2.28
HP,Professional,AMD,8,3.3,NVIDIA,NVIDIA GeForce,16,512.0,15.6,2604,1684,2052,2031,1.01
Dell,Student,Intel,4,2.3,Intel,Intel Iris Xe,16,256.0,14.0,937,1105,1037,851,1.22
Lenovo,Student,AMD,4,2.8,Intel,Intel UHD,8,256.0,14.0,1122,671,851,594,1.43
ASUS,Professional,Intel,8,3.2,NVIDIA,NVIDIA GeForce,16,512.0,15.6,2553,3506,3124,897,3.48
Apple,Basic,Intel,2,1.7,AMD,AMD Radeon,4,128.0,17.3,335,749,583,251,2.32
Lenovo,Basic,Intel,2,2.5,Intel,Intel UHD,8,256.0,16.0,492,672,600,194,3.09
ASUS,Basic,AMD,2,1.7,AMD,AMD Radeon,4,128.0,13.3,331,600,492,338,1.46
HP,Professional,Intel,8,2.9,NVIDIA,NVIDIA GeForce,16,1024.0,15.6,2339,2618,2507,1780,1.41
HP,Professional,AMD,12,4.3,AMD,AMD Radeon,32,512.0,16.0,5141,3350,4066,1121,3.63
Dell,Student,Intel,6,2.9,Intel,Intel Iris Xe,8,256.0,14.0,1746,737,1140,735,1.55
Lenovo,Professional,Intel,8,4.3,AMD,AMD Radeon,32,1024.0,15.6,3466,3547,3515,1476,2.38
Dell,Gaming,Intel,12,4.9,NVIDIA,NVIDIA RTX,16,512.0,17.3,5888,10213,8483,1514,5.6
Dell,Student,Intel,6,2.7,Intel,Intel Iris Xe,8,256.0,15.6,1593,680,1045,765,1.37
Razer,Professional,AMD,8,3.6,NVIDIA,NVIDIA RTX,32,1024.0,17.3,2864,3021,2958,1915,1.54
HP,Student,AMD,4,3.0,AMD,AMD Radeon,16,512.0,14.0,1193,1063,1115,758,1.47
Dell,Gaming,AMD,8,4.3,NVIDIA,NVIDIA GeForce,32,2048.0,15.6,3412,11837,8467,3315,2.55
Lenovo,Student,Intel,4,3.3,AMD,AMD Radeon,16,512.0,14.0,1322,540,853,806,1.06
ASUS,Student,Intel,4,2.0,Intel,Intel Iris Xe,16,256.0,16.0,818,1200,1047,850,1.23
ASUS,Professional,AMD,8,3.0,NVIDIA,NVIDIA GeForce,16,512.0,16.0,2400,4000,3360,1806,1.86
Dell,Student,AMD,6,3.0,Intel,Intel UHD,8,256.0,15.6,1781,1234,1452,881,1.65
HP,Professional,Intel,6,3.6,NVIDIA,NVIDIA GeForce,32,512.0,13.3,2173,3783,3139,1521,2.06
ASUS,Professional,Intel,8,2.8,NVIDIA,NVIDIA RTX,32,1024.0,15.6,2262,1861,2021,807,2.5
HP,Professional,Intel,8,2.7,NVIDIA,NVIDIA RTX,16,512.0,16.0,2177,1808,1955,2266,0.86
Lenovo,Basic,Intel,4,2.3,AMD,AMD Radeon,4,128.0,15.6,903,545,688,584,1.18
Lenovo,Gaming,Intel,12,3.7,NVIDIA,NVIDIA RTX,32,512.0,15.6,4410,6782,5833,3218,1.81
Lenovo,Professional,Intel,8,4.1,NVIDIA,NVIDIA GeForce,16,512.0,14.0,3301,2267,2680,1695,1.58
HP,Student,Intel,4,2.5,AMD,AMD Radeon,8,512.0,14.0,1007,1449,1273,934,1.36
MSI,Student,Intel,4,2.2,Intel,Intel Iris Xe,8,256.0,15.6,880,1041,977,830,1.18
Dell,Student,Intel,6,3.1,AMD,AMD Radeon,8,256.0,15.6,1841,1175,1441,749,1.92
Acer,Gaming,Intel,8,3.8,AMD,AMD Radeon,32,512.0,15.6,3071,5301,4409,1961,2.25
Razer,Student,AMD,6,2.1,Intel,Intel Iris Xe,8,512.0,15.6,1251,733,940,621,1.51
Lenovo,Student,AMD,4,3.4,Intel,Intel Iris Xe,8,512.0,15.6,1363,1494,1442,590,2.44
ASUS,Student,AMD,6,2.1,Intel,Intel UHD,16,256.0,13.3,1254,820,994,959,1.04
Dell,Student,Intel,4,3.2,AMD,AMD Radeon,8,512.0,15.6,1268,580,856,425,2.01
Lenovo,Professional,Intel,8,4.2,AMD,AMD Radeon,32,512.0,15.6,3398,3659,3555,1256,2.83
Lenovo,Basic,Intel,2,2.0,AMD,AMD Radeon,8,128.0,15.6,396,537,481,436,1.1
Acer,Student,Intel,4,2.5,Intel,Intel Iris Xe,8,512.0,15.6,1003,1112,1068,522,2.05
ASUS,Basic,Intel,4,1.8,AMD,AMD Radeon,4,256.0,13.3,736,536,616,383,1.61
ASUS,Student,Intel,4,2.8,AMD,AMD Radeon,16,512.0,14.0,1107,728,880,835,1.05
Lenovo,Gaming,Intel,12,5.1,AMD,AMD Radeon,32,512.0,13.3,6116,10925,9001,3111,2.89
Lenovo,Basic,Intel,2,2.6,Intel,Intel UHD,8,128.0,15.6,514,629,583,584,1.0
Lenovo,Student,Intel,4,3.3,AMD,AMD Radeon,16,256.0,13.3,1308,545,850,504,1.69
Apple,Student,Intel,4,2.9,Intel,Intel Iris Xe,8,512.0,15.6,1144,812,945,654,1.44
Dell,Student,Intel,6,3.5,AMD,AMD Radeon,8,512.0,14.0,2089,1336,1637,725,2.26
ASUS,Basic,Intel,2,1.9,Intel,Intel UHD,8,128.0,15.6,389,241,300,321,0.93
HP,Professional,Intel,8,2.8,AMD,AMD Radeon,32,512.0,13.3,2206,1222,1616,1719,0.94
Lenovo,Basic,AMD,2,1.7,AMD,AMD Radeon,4,128.0,13.3,340,578,483,237,2.04
HP,Gaming,Intel,12,5.2,NVIDIA,NVIDIA RTX,32,512.0,15.6,6229,9284,8062,2372,3.4
HP,Basic,Intel,4,2.3,AMD,AMD Radeon,4,256.0,13.3,919,205,491,208,2.36
Acer,Gaming,AMD,16,3.5,AMD,AMD Radeon,32,512.0,13.3,5552,7264,6580,1316,5.0
Dell,Student,AMD,6,3.4,AMD,AMD Radeon,8,256.0,14.0,2039,1316,1605,635,2.53
ASUS,Basic,Intel,4,2.3,AMD,AMD Radeon,4,256.0,15.6,928,653,763,297,2.57
Dell,Student,Intel,6,2.5,AMD,AMD Radeon,8,256.0,14.0,1515,1312,1393,699,1.99
ASUS,Basic,Intel,2,2.2,Intel,Intel Iris Xe,4,256.0,14.0,449,617,550,455,1.21
MSI,Professional,Intel,8,2.8,NVIDIA,NVIDIA GeForce,16,512.0,15.6,2272,1994,2105,1806,1.17
Lenovo,Gaming,Intel,16,3.5,AMD,AMD Radeon,16,2048.0,17.3,5654,9286,7833,2047,3.83
HP,Professional,AMD,12,2.8,NVIDIA,NVIDIA GeForce,16,512.0,13.3,3357,3767,3603,1844,1.95
Dell,Basic,AMD,2,2.7,AMD,AMD Radeon,4,256.0,15.6,538,543,541,297,1.82
HP,Professional,AMD,12,2.8,AMD,AMD Radeon,16,512.0,13.3,3398,1313,2147,1313,1.64
Apple,Professional,Intel,8,4.5,NVIDIA,NVIDIA GeForce,16,1024.0,15.6,3598,3473,3523,2504,1.41
HP,Professional,Intel,6,4.0,NVIDIA,NVIDIA GeForce,16,512.0,14.0,2417,2825,2662,1190,2.24
Dell,Student,Intel,6,2.6,AMD,AMD Radeon,16,512.0,14.0,1567,1378,1453,813,1.79
Lenovo,Student,Intel,4,2.5,Intel,Intel Iris Xe,8,512.0,16.0,985,1278,1161,919,1.26
Dell,Professional,Intel,8,4.0,NVIDIA,NVIDIA RTX,16,1024.0,14.0,3231,2817,2983,1538,1.94
Lenovo,Basic,AMD,4,2.0,Intel,Intel Iris Xe,4,128.0,16.0,786,456,588,443,1.33
Razer,Basic,AMD,4,2.3,Intel,Intel UHD,4,128.0,15.6,901,512,668,399,1.67
Apple,Basic,Intel,4,2.6,AMD,AMD Radeon,4,128.0,15.6,1046,539,741,345,2.15
Dell,Basic,Intel,2,1.9,Intel,Intel Iris Xe,4,128.0,14.0,379,531,470,458,1.03
Apple,Basic,Intel,4,2.6,Intel,Intel Iris Xe,4,256.0,14.0,1023,396,647,333,1.94
Lenovo,Professional,Intel,6,3.9,AMD,AMD Radeon,16,512.0,15.6,2342,3195,2854,1335,2.14
Apple,Professional,Intel,8,3.1,NVIDIA,NVIDIA RTX,16,1024.0,15.6,2504,3683,3211,1025,3.13
MSI,Professional,AMD,8,2.7,NVIDIA,NVIDIA RTX,16,1024.0,15.6,2129,2541,2376,1983,1.2
Dell,Student,Intel,4,3.1,AMD,AMD Radeon,16,512.0,17.3,1249,1204,1222,816,1.5
Lenovo,Professional,AMD,12,3.4,AMD,AMD Radeon,16,512.0,15.6,4103,1524,2556,1292,1.98
Lenovo,Basic,Intel,2,2.6,Intel,Intel Iris Xe,4,256.0,14.0,516,689,620,419,1.48
ASUS,Gaming,AMD,8,3.9,AMD,AMD Radeon,16,2048.0,16.0,3090,5492,4531,2385,1.9
HP,Basic,Intel,2,2.6,Intel,Intel Iris Xe,4,256.0,13.3,525,400,450,444,1.01
HP,Professional,AMD,8,3.0,NVIDIA,NVIDIA RTX,16,512.0,13.3,2371,3576,3094,883,3.5
MSI,Professional,Intel,8,3.4,AMD,AMD Radeon,16,1024.0,13.3,2753,1165,1800,2366,0.76
Apple,Professional,Intel,8,4.3,NVIDIA,NVIDIA GeForce,16,512.0,13.3,3445,2475,2863,1974,1.45
ASUS,Student,AMD,6,3.0,Intel,Intel Iris Xe,16,512.0,15.6,1785,1296,1492,848,1.76
Acer,Student,AMD,4,2.5,AMD,AMD Radeon,16,256.0,15.6,990,739,839,654,1.28
MSI,Student,AMD,4,2.4,AMD,AMD Radeon,16,512.0,15.6,973,1198,1108,429,2.58
HP,Student,AMD,6,3.0,Intel,Intel Iris Xe,8,512.0,16.0,1784,1372,1537,485,3.17
Dell,Student,Intel,6,2.9,Intel,Intel Iris Xe,8,256.0,15.6,1717,1489,1580,787,2.01
ASUS,Professional,AMD,8,2.7,NVIDIA,NVIDIA GeForce,32,512.0,15.6,2137,1679,1862,998,1.87
ASUS,Student,Intel,6,3.2,Intel,Intel Iris Xe,8,256.0,15.6,1910,588,1117,702,1.59
Lenovo,Student,Intel,6,3.1,Intel,Intel UHD,8,256.0,15.6,1838,1419,1587,783,2.03
Acer,Basic,Intel,2,2.6,AMD,AMD Radeon,4,128.0,16.0,524,464,488,358,1.36
Lenovo,Student,Intel,6,2.7,AMD,AMD Radeon,16,512.0,15.6,1595,861,1154,821,1.41
Dell,Basic,AMD,2,2.8,AMD,AMD Radeon,8,128.0,17.3,555,732,661,440,1.5
HP,Professional,Intel,6,3.2,NVIDIA,NVIDIA GeForce,16,512.0,15.6,1922,3125,2644,1461,1.81
Dell,Student,Intel,6,2.9,Intel,Intel UHD,8,512.0,14.0,1716,890,1220,610,2.0
Lenovo,Student,Intel,4,2.6,Intel,Intel UHD,16,512.0,17.3,1024,1414,1258,779,1.61
Lenovo,Gaming,AMD,8,5.5,NVIDIA,NVIDIA GeForce,32,1024.0,13.3,4377,8895,7088,2570,2.76
HP,Student,Intel,4,2.5,Intel,Intel UHD,8,512.0,13.3,999,1202,1121,841,1.33
ASUS,Basic,AMD,2,2.8,Intel,Intel UHD,8,256.0,15.6,559,491,518,462,1.12
Apple,Gaming,Intel,8,3.5,AMD,AMD Radeon,16,1024.0,17.3,2817,11063,7764,3541,2.19
Dell,Basic,Intel,4,2.4,Intel,Intel Iris Xe,4,128.0,15.6,940,383,606,366,1.66
Lenovo,Student,Intel,6,3.1,Intel,Intel UHD,8,512.0,13.3,1880,577,1098,904,1.21
ASUS,Student,AMD,6,2.0,AMD,AMD Radeon,16,512.0,16.0,1221,1275,1253,657,1.91
Acer,Student,Intel,6,2.9,Intel,Intel UHD,8,256.0,13.3,1730,649,1082,871,1.24
Razer,Gaming,AMD,8,5.1,AMD,AMD Radeon,16,1024.0,13.3,4063,12937,9388,2957,3.17
Apple,Professional,Intel,8,2.6,NVIDIA,NVIDIA RTX,16,1024.0,15.6,2045,2666,2418,1314,1.84
Dell,Gaming,Intel,12,4.4,AMD,AMD Radeon,16,1024.0,15.6,5290,5136,5198,1991,2.61
MSI,Professional,Intel,8,3.8,NVIDIA,NVIDIA RTX,16,512.0,15.6,3048,3508,3324,2155,1.54
ASUS,Gaming,Intel,12,5.4,AMD,AMD Radeon,32,2048.0,15.6,6528,10883,9141,1615,5.66
HP,Basic,Intel,2,2.2,AMD,AMD Radeon,4,256.0,14.0,443,484,468,368,1.27
ASUS,Gaming,Intel,8,4.3,AMD,AMD Radeon,32,512.0,17.3,3472,11230,8127,2369,3.43
ASUS,Gaming,Intel,12,4.1,NVIDIA,NVIDIA RTX,32,2048.0,15.6,4960,14616,10753,1300,8.27
Lenovo,Gaming,Intel,12,5.2,NVIDIA,NVIDIA GeForce,32,512.0,15.6,6225,11826,9585,2296,4.17
Lenovo,Student,AMD,4,2.7,Intel,Intel Iris Xe,8,512.0,15.6,1071,665,828,861,0.96
Acer,Student,Intel,6,3.4,AMD,AMD Radeon,8,256.0,17.3,2045,1458,1693,441,3.84
ASUS,Basic,Intel,2,2.1,Intel,Intel UHD,4,256.0,13.3,423,275,334,445,0.75
Dell,Student,Intel,6,3.1,AMD,AMD Radeon,16,256.0,14.0,1885,772,1217,562,2.17
HP,Professional,Intel,8,2.9,AMD,AMD Radeon,16,512.0,15.6,2349,1288,1712,896,1.91
MSI,Student,AMD,6,3.2,AMD,AMD Radeon,8,512.0,14.0,1929,1015,1381,425,3.25
Dell,Basic,AMD,2,2.6,Intel,Intel Iris Xe,8,128.0,15.6,512,622,578,393,1.47
HP,Professional,AMD,6,4.1,NVIDIA,NVIDIA RTX,16,1024.0,13.3,2454,1304,1764,2283,0.77
Acer,Student,Intel,6,3.5,AMD,AMD Radeon,8,256.0,15.6,2092,841,1342,798,1.68
Apple,Gaming,Intel,12,3.9,NVIDIA,NVIDIA RTX,32,512.0,15.6,4687,12893,9611,2470,3.89
Lenovo,Basic,Intel,4,2.1,Intel,Intel UHD,4,512.0,17.3,827,521,644,561,1.15
Lenovo,Professional,AMD,8,4.1,NVIDIA,NVIDIA GeForce,32,1024.0,13.3,3287,1056,1948,2027,0.96
Razer,Professional,Intel,8,4.3,NVIDIA,NVIDIA GeForce,16,512.0,15.6,3464,1703,2408,1269,1.9
Razer,Student,AMD,4,2.3,Intel,Intel Iris Xe,8,512.0,15.6,916,1411,1213,587,2.07
MSI,Basic,AMD,2,2.7,Intel,Intel UHD,4,128.0,15.6,530,353,424,490,0.87
Lenovo,Student,Intel,6,2.6,AMD,AMD Radeon,8,512.0,14.0,1570,1059,1263,574,2.2
MSI,Gaming,Intel,8,3.4,NVIDIA,NVIDIA GeForce,16,512.0,16.0,2731,5971,4675,2331,2.01
Dell,Gaming,Intel,12,4.0,AMD,AMD Radeon,16,1024.0,17.3,4796,5728,5355,1371,3.91
Razer,Student,Intel,6,2.9,AMD,AMD Radeon,8,256.0,15.6,1754,1415,1551,511,3.04
Lenovo,Professional,Intel,8,3.8,NVIDIA,NVIDIA RTX,16,512.0,15.6,3022,1262,1966,2166,0.91
Lenovo,Student,AMD,6,2.5,AMD,AMD Radeon,16,512.0,13.3,1528,1029,1229,675,1.82
Lenovo,Student,Intel,6,2.2,Intel,Intel Iris Xe,8,256.0,15.6,1320,588,881,669,1.32
HP,Basic,Intel,2,1.8,AMD,AMD Radeon,4,128.0,13.3,350,505,443,324,1.37
HP,Basic,Intel,4,2.2,Intel,Intel UHD,8,256.0,15.6,861,698,763,209,3.65
HP,Gaming,AMD,12,3.4,AMD,AMD Radeon,32,512.0,14.0,4027,14987,10603,1771,5.99
Lenovo,Professional,Intel,8,3.6,AMD,AMD Radeon,32,1024.0,14.0,2850,3644,3326,1920,1.73
HP,Student,AMD,6,2.8,Intel,Intel Iris Xe,8,512.0,16.0,1701,1314,1469,899,1.63
ASUS,Basic,Intel,2,2.4,AMD,AMD Radeon,4,256.0,15.6,483,394,430,339,1.27
Lenovo,Student,AMD,4,3.3,AMD,AMD Radeon,16,512.0,15.6,1326,787,1003,524,1.91
ASUS,Basic,Intel,2,1.9,AMD,AMD Radeon,4,128.0,15.6,382,688,565,258,2.19
HP,Professional,AMD,12,4.2,AMD,AMD Radeon,32,512.0,15.6,5017,3145,3894,1528,2.55
Dell,Professional,Intel,8,4.1,AMD,AMD Radeon,32,1024.0,15.6,3286,3498,3413,1630,2.09
ASUS,Professional,Intel,12,4.0,NVIDIA,NVIDIA RTX,32,1024.0,15.6,4758,2212,3230,1253,2.58
Razer,Professional,Intel,8,4.1,AMD,AMD Radeon,16,512.0,13.3,3306,1283,2092,905,2.31
Razer,Basic,Intel,2,1.8,AMD,AMD Radeon,4,512.0,15.6,366,458,421,277,1.52
ASUS,Professional,Intel,12,2.9,AMD,AMD Radeon,32,1024.0,15.6,3464,2497,2884,1176,2.45
ASUS,Gaming,AMD,8,3.8,NVIDIA,NVIDIA RTX,32,512.0,15.6,3071,11760,8284,3525,2.35
Dell,Basic,Intel,4,2.1,AMD,AMD Radeon,4,128.0,14.0,844,572,681,428,1.59
HP,Student,Intel,4,2.7,Intel,Intel Iris Xe,8,512.0,15.6,1064,1180,1133,497,2.28
Apple,Student,AMD,4,3.3,AMD,AMD Radeon,16,512.0,15.6,1313,1325,1320,797,1.66
MSI,Gaming,Intel,8,5.3,NVIDIA,NVIDIA GeForce,16,512.0,15.6,4225,12289,9063,2304,3.93
Lenovo,Gaming,Intel,12,5.1,AMD,AMD Radeon,16,512.0,16.0,6165,10371,8689,1662,5.23
Dell,Professional,Intel,8,4.3,AMD,AMD Radeon,16,1024.0,16.0,3476,2488,2883,977,2.95
HP,Student,AMD,4,2.9,Intel,Intel Iris Xe,8,512.0,16.0,1143,610,823,447,1.84
Apple,Basic,Intel,4,2.6,Intel,Intel Iris Xe,4,256.0,15.6,1044,217,548,459,1.19
Lenovo,Gaming,Intel,12,5.0,NVIDIA,NVIDIA GeForce,16,512.0,17.3,5941,10334,8577,2350,3.65
Lenovo,Professional,AMD,8,3.1,AMD,AMD Radeon,32,1024.0,14.0,2448,3187,2891,1576,1.83
Lenovo,Gaming,AMD,12,4.3,AMD,AMD Radeon,32,512.0,15.6,5173,10635,8450,1396,6.05
HP,Basic,Intel,2,2.1,AMD,AMD Radeon,4,128.0,15.6,427,496,469,230,2.04
Dell,Student,Intel,4,2.9,Intel,Intel Iris Xe,8,256.0,14.0,1146,1181,1167,729,1.6
Razer,Professional,Intel,8,4.1,NVIDIA,NVIDIA GeForce,16,512.0,17.3,3287,3952,3686,912,4.04
Acer,Professional,Intel,8,2.9,NVIDIA,NVIDIA RTX,16,1024.0,15.6,2353,2155,2234,2271,0.98
Lenovo,Professional,Intel,8,4.2,NVIDIA,NVIDIA RTX,16,512.0,16.0,3392,2708,2982,944,3.16
Lenovo,Student,AMD,6,2.5,AMD,AMD Radeon,16,256.0,15.6,1518,548,936,759,1.23
Acer,Student,Intel,6,3.2,AMD,AMD Radeon,16,512.0,17.3,1944,773,1241,854,1.45
Acer,Professional,AMD,12,3.9,AMD,AMD Radeon,16,512.0,14.0,4640,2461,3332,1774,1.88
Dell,Gaming,Intel,8,3.5,NVIDIA,NVIDIA GeForce,32,1024.0,16.0,2787,11040,7739,3276,2.36
Lenovo,Basic,AMD,4,2.8,Intel,Intel Iris Xe,4,256.0,17.3,1120,724,882,452,1.95
Apple,Gaming,Intel,16,3.1,AMD,AMD Radeon,32,1024.0,14.0,4968,14202,10508,1087,9.67
Dell,Professional,Intel,8,4.0,NVIDIA,NVIDIA GeForce,16,512.0,15.6,3184,3366,3293,1402,2.35
HP,Gaming,Intel,16,4.9,NVIDIA,NVIDIA RTX,16,512.0,13.3,7793,5763,6575,1322,4.97
HP,Gaming,Intel,16,4.3,AMD,AMD Radeon,16,512.0,15.6,6912,14670,11567,3254,3.55
HP,Gaming,AMD,8,5.0,AMD,AMD Radeon,16,1024.0,14.0,3961,7775,6250,3804,1.64
Razer,Student,Intel,6,2.9,Intel,Intel UHD,8,256.0,14.0,1730,518,1003,415,2.42
Acer,Gaming,Intel,12,3.5,NVIDIA,NVIDIA GeForce,16,512.0,14.0,4243,6437,5559,3118,1.78
Dell,Student,Intel,4,2.8,Intel,Intel Iris Xe,8,512.0,13.3,1102,1255,1193,706,1.69
Acer,Professional,Intel,8,2.9,AMD,AMD Radeon,32,512.0,15.6,2324,3751,3180,2040,1.56
HP,Student,Intel,6,2.5,AMD,AMD Radeon,8,512.0,15.6,1489,617,966,898,1.08
HP,Basic,Intel,2,2.4,Intel,Intel Iris Xe,4,128.0,13.3,484,707,618,247,2.5
ASUS,Student,Intel,6,2.2,AMD,AMD Radeon,16,256.0,15.6,1328,513,839,670,1.25
Lenovo,Gaming,Intel,16,3.7,AMD,AMD Radeon,16,1024.0,14.0,5854,6002,5943,3147,1.89
Lenovo,Student,Intel,4,3.2,Intel,Intel Iris Xe,8,512.0,17.3,1279,664,910,491,1.85
Lenovo,Professional,Intel,6,3.4,NVIDIA,NVIDIA GeForce,16,1024.0,13.3,2032,1289,1586,1838,0.86
Lenovo,Basic,Intel,4,2.5,AMD,AMD Radeon,4,128.0,16.0,992,279,564,404,1.4
HP,Student,Intel,4,2.2,Intel,Intel Iris Xe,8,512.0,16.0,879,552,683,423,1.61
ASUS,Student,Intel,6,3.4,Intel,Intel UHD,8,256.0,15.6,2012,1009,1410,748,1.89
Acer,Student,Intel,4,2.3,Intel,Intel UHD,16,256.0,17.3,902,1298,1140,487,2.34
Acer,Basic,AMD,2,1.9,Intel,Intel UHD,4,128.0,17.3,370,235,289,192,1.51
Acer,Professional,Intel,6,3.1,NVIDIA,NVIDIA RTX,16,1024.0,15.6,1840,1816,1825,2146,0.85
Lenovo,Professional,AMD,6,4.4,AMD,AMD Radeon,16,1024.0,16.0,2646,3718,3289,2341,1.4
HP,Professional,AMD,12,4.4,NVIDIA,NVIDIA GeForce,32,1024.0,13.3,5260,1046,2732,2584,1.06
HP,Student,Intel,6,2.5,AMD,AMD Radeon,16,256.0,15.6,1471,1361,1405,469,3.0
Lenovo,Student,AMD,6,3.5,Intel,Intel UHD,16,512.0,15.6,2075,1029,1448,382,3.79
Dell,Basic,AMD,2,2.5,Intel,Intel UHD,4,128.0,13.3,493,684,608,310,1.96
Acer,Professional,Intel,8,3.6,AMD,AMD Radeon,32,512.0,17.3,2861,2665,2743,1235,2.22
Apple,Gaming,Intel,12,5.2,NVIDIA,NVIDIA GeForce,16,512.0,15.6,6201,13646,10668,1088,9.81
Lenovo,Student,AMD,4,2.9,Intel,Intel UHD,8,256.0,15.6,1145,1391,1292,669,1.93
HP,Professional,Intel,12,3.5,AMD,AMD Radeon,32,512.0,17.3,4191,3659,3872,2206,1.76
Apple,Basic,Intel,4,1.9,AMD,AMD Radeon,4,128.0,14.0,749,764,758,193,3.93
HP,Professional,Intel,12,2.6,NVIDIA,NVIDIA RTX,16,1024.0,15.6,3106,2696,2860,1500,1.91
HP,Student,Intel,4,2.1,Intel,Intel UHD,8,256.0,14.0,825,892,866,779,1.11
Dell,Professional,Intel,8,3.9,AMD,AMD Radeon,32,512.0,15.6,3155,1148,1951,1890,1.03
ASUS,Professional,Intel,6,2.8,AMD,AMD Radeon,32,512.0,15.6,1669,2529,2185,1676,1.3
Lenovo,Student,Intel,6,2.1,AMD,AMD Radeon,8,512.0,14.0,1232,631,871,540,1.61
Dell,Student,Intel,4,2.1,AMD,AMD Radeon,8,512.0,14.0,833,1199,1053,774,1.36
Dell,Gaming,AMD,16,4.9,NVIDIA,NVIDIA RTX,16,1024.0,16.0,7908,10418,9414,2728,3.45
Dell,Student,Intel,6,2.6,AMD,AMD Radeon,16,256.0,17.3,1582,899,1172,706,1.66
Razer,Gaming,AMD,8,5.0,AMD,AMD Radeon,16,1024.0,17.3,3973,8505,6692,3636,1.84
Dell,Gaming,Intel,12,4.6,NVIDIA,NVIDIA GeForce,32,512.0,17.3,5525,13328,10207,3809,2.68
Dell,Student,AMD,4,2.6,Intel,Intel Iris Xe,8,512.0,14.0,1052,792,896,815,1.1
ASUS,Gaming,AMD,12,3.1,NVIDIA,NVIDIA RTX,32,512.0,13.3,3703,9461,7158,1900,3.77
Dell,Professional,AMD,8,2.6,AMD,AMD Radeon,32,512.0,17.3,2110,2489,2338,1300,1.8
Acer,Basic,Intel,4,2.2,AMD,AMD Radeon,4,512.0,14.0,881,750,802,423,1.9
Lenovo,Gaming,Intel,8,3.0,NVIDIA,NVIDIA RTX,16,512.0,15.6,2426,8226,5906,1756,3.36
HP,Student,Intel,6,3.2,AMD,AMD Radeon,16,256.0,15.6,1900,1037,1382,523,2.64
ASUS,Student,Intel,4,2.3,AMD,AMD Radeon,8,256.0,15.6,924,1104,1032,830,1.24
HP,Professional,Intel,8,2.9,NVIDIA,NVIDIA RTX,16,1024.0,13.3,2341,2179,2244,1165,1.93
HP,Professional,Intel,12,2.8,AMD,AMD Radeon,16,512.0,15.6,3339,3276,3301,1595,2.07
Lenovo,Basic,Intel,4,2.2,AMD,AMD Radeon,4,256.0,13.3,888,642,741,509,1.46
Apple,Student,AMD,4,2.3,Intel,Intel Iris Xe,8,512.0,15.6,907,1064,1001,528,1.9
Acer,Student,AMD,4,2.3,Intel,Intel Iris Xe,16,512.0,16.0,931,605,735,513,1.43
MSI,Gaming,AMD,12,5.2,AMD,AMD Radeon,16,512.0,16.0,6183,7894,7210,3016,2.39
Dell,Student,AMD,4,3.2,AMD,AMD Radeon,8,512.0,14.0,1276,568,851,469,1.81
Lenovo,Basic,Intel,4,2.5,AMD,AMD Radeon,4,256.0,16.0,1013,355,618,417,1.48
Dell,Professional,Intel,6,2.5,NVIDIA,NVIDIA RTX,16,512.0,15.6,1519,2655,2201,890,2.47
ASUS,Student,AMD,4,3.3,AMD,AMD Radeon,8,256.0,16.0,1317,852,1038,884,1.17
Lenovo,Student,Intel,4,2.6,AMD,AMD Radeon,16,512.0,16.0,1034,668,814,547,1.49
Dell,Gaming,Intel,16,4.5,NVIDIA,NVIDIA GeForce,32,1024.0,15.6,7220,12717,10519,1939,5.42
Dell,Gaming,AMD,8,3.6,NVIDIA,NVIDIA RTX,32,512.0,16.0,2916,9997,7164,2204,3.25
HP,Gaming,Intel,12,4.7,NVIDIA,NVIDIA GeForce,16,512.0,16.0,5659,13228,10200,1439,7.09
HP,Student,Intel,4,2.3,Intel,Intel UHD,8,256.0,14.0,932,1428,1230,747,1.65
Lenovo,Gaming,Intel,12,5.0,NVIDIA,NVIDIA RTX,16,2048.0,17.3,5942,6079,6025,3128,1.93
Lenovo,Professional,AMD,8,3.1,NVIDIA,NVIDIA GeForce,16,1024.0,14.0,2475,1483,1880,1087,1.73
Lenovo,Basic,Intel,2,2.4,AMD,AMD Radeon,8,128.0,14.0,471,271,351,330,1.06
Dell,Gaming,Intel,8,5.0,AMD,AMD Radeon,16,512.0,17.3,4019,6839,5711,2957,1.93
Acer,Basic,Intel,4,1.8,Intel,Intel Iris Xe,4,512.0,17.3,733,609,658,450,1.46
ASUS,Gaming,Intel,12,4.3,NVIDIA,NVIDIA RTX,16,512.0,15.6,5120,7576,6593,2657,2.48
Razer,Professional,AMD,8,3.9,AMD,AMD Radeon,16,512.0,17.3,3122,1460,2125,1401,1.52
Dell,Basic,AMD,2,1.7,AMD,AMD Radeon,8,128.0,14.0,332,265,292,485,0.6
Apple,Student,Intel,4,2.8,AMD,AMD Radeon,16,256.0,15.6,1132,823,947,703,1.35
HP,Student,Intel,4,3.3,Intel,Intel Iris Xe,16,512.0,15.6,1319,525,843,466,1.81
Dell,Student,AMD,4,3.0,Intel,Intel Iris Xe,8,512.0,16.0,1192,1358,1291,798,1.62
Lenovo,Student,Intel,4,2.2,AMD,AMD Radeon,16,512.0,14.0,878,776,817,536,1.52
Acer,Gaming,Intel,8,4.0,NVIDIA,NVIDIA GeForce,16,1024.0,13.3,3214,10435,7547,2510,3.01
Dell,Basic,Intel,2,1.9,AMD,AMD Radeon,4,256.0,14.0,389,509,461,314,1.47
Lenovo,Basic,AMD,4,2.5,Intel,Intel Iris Xe,4,128.0,15.6,994,370,620,371,1.67
Lenovo,Professional,AMD,8,2.6,AMD,AMD Radeon,16,512.0,13.3,2048,3859,3135,1641,1.91
Lenovo,Basic,Intel,2,2.4,AMD,AMD Radeon,8,256.0,15.6,484,726,629,291,2.16
Razer,Student,Intel,4,3.3,Intel,Intel UHD,16,512.0,17.3,1301,897,1058,855,1.24
Dell,Gaming,Intel,16,5.3,NVIDIA,NVIDIA RTX,16,1024.0,13.3,8536,6073,7058,2097,3.37
HP,Student,Intel,6,3.2,AMD,AMD Radeon,8,256.0,15.6,1897,1234,1499,861,1.74
HP,Basic,AMD,2,2.5,AMD,AMD Radeon,4,128.0,13.3,495,552,529,240,2.2
ASUS,Gaming,Intel,16,5.3,NVIDIA,NVIDIA GeForce,16,512.0,17.3,8401,14452,12031,3090,3.89
Lenovo,Basic,Intel,4,1.8,AMD,AMD Radeon,4,128.0,13.3,734,704,716,332,2.16
Dell,Student,AMD,6,2.3,Intel,Intel Iris Xe,8,512.0,17.3,1361,1410,1390,685,2.03
HP,Student,Intel,4,3.4,Intel,Intel Iris Xe,8,512.0,13.3,1378,1098,1210,420,2.88
Dell,Student,AMD,6,2.4,Intel,Intel Iris Xe,8,256.0,15.6,1424,643,955,897,1.06
Lenovo,Basic,Intel,2,1.9,Intel,Intel Iris Xe,4,256.0,15.6,372,207,273,282,0.97
Dell,Basic,Intel,4,2.1,AMD,AMD Radeon,8,256.0,14.0,857,601,703,473,1.49
Dell,Basic,AMD,4,2.2,AMD,AMD Radeon,4,128.0,14.0,895,616,728,345,2.11
ASUS,Professional,Intel,6,3.7,NVIDIA,NVIDIA GeForce,32,1024.0,16.0,2234,1756,1947,1140,1.71
ASUS,Gaming,Intel,12,3.0,AMD,AMD Radeon,32,1024.0,15.6,3636,12154,8747,3667,2.39
ASUS,Professional,AMD,6,3.5,NVIDIA,NVIDIA RTX,16,512.0,16.0,2104,2180,2150,2014,1.07
Acer,Gaming,Intel,16,4.6,NVIDIA,NVIDIA RTX,32,512.0,17.3,7296,9503,8620,3628,2.38
Lenovo,Professional,Intel,6,3.7,AMD,AMD Radeon,32,512.0,15.6,2229,2397,2330,1209,1.93
HP,Student,AMD,4,2.2,AMD,AMD Radeon,8,512.0,13.3,890,1188,1069,504,2.12
HP,Student,Intel,6,2.6,Intel,Intel UHD,8,256.0,14.0,1561,548,953,729,1.31
Acer,Gaming,Intel,12,3.4,NVIDIA,NVIDIA RTX,16,512.0,15.6,4101,11546,8568,3441,2.49
Lenovo,Student,Intel,4,3.5,Intel,Intel Iris Xe,8,512.0,14.0,1387,1414,1403,743,1.89
ASUS,Basic,Intel,2,2.7,Intel,Intel Iris Xe,4,128.0,16.0,536,463,492,335,1.47
HP,Professional,Intel,8,4.0,AMD,AMD Radeon,16,512.0,15.6,3181,3378,3299,2431,1.36
HP,Student,Intel,6,2.8,Intel,Intel Iris Xe,8,512.0,17.3,1691,689,1090,826,1.32
Lenovo,Gaming,AMD,12,4.6,AMD,AMD Radeon,16,2048.0,16.0,5537,8272,7178,2902,2.47
Dell,Professional,Intel,8,2.9,NVIDIA,NVIDIA GeForce,16,512.0,14.0,2341,1108,1601,1292,1.24
ASUS,Gaming,Intel,8,4.5,AMD,AMD Radeon,32,512.0,15.6,3624,9041,6874,3154,2.18
Acer,Professional,Intel,8,3.6,AMD,AMD Radeon,32,1024.0,13.3,2898,1937,2321,2425,0.96
Acer,Basic,Intel,2,2.1,AMD,AMD Radeon,4,256.0,17.3,420,674,573,284,2.02
HP,Student,Intel,4,2.2,Intel,Intel UHD,16,256.0,14.0,897,1003,960,822,1.17
Acer,Basic,AMD,4,1.8,Intel,Intel UHD,4,256.0,14.0,728,640,675,429,1.57
HP,Basic,AMD,2,2.3,Intel,Intel Iris Xe,4,128.0,16.0,453,499,481,477,1.01
Lenovo,Professional,Intel,8,2.7,AMD,AMD Radeon,32,1024.0,16.0,2169,1709,1893,2215,0.85
Apple,Professional,AMD,8,4.1,NVIDIA,NVIDIA RTX,16,512.0,16.0,3258,1684,2313,839,2.76
Apple,Gaming,AMD,12,4.3,AMD,AMD Radeon,16,512.0,15.6,5148,11559,8995,1394,6.45
Dell,Professional,Intel,6,3.6,NVIDIA,NVIDIA RTX,16,1024.0,17.3,2167,3646,3054,1135,2.69
Dell,Basic,Intel,4,2.7,Intel,Intel Iris Xe,8,128.0,17.3,1075,630,808,280,2.89
ASUS,Student,Intel,6,3.0,AMD,AMD Radeon,8,512.0,16.0,1784,1217,1444,487,2.97
ASUS,Basic,Intel,2,2.7,AMD,AMD Radeon,4,128.0,15.6,531,494,509,176,2.89
Acer,Student,Intel,4,2.2,Intel,Intel UHD,8,512.0,15.6,866,953,918,701,1.31
MSI,Basic,Intel,2,2.6,AMD,AMD Radeon,4,128.0,15.6,521,661,605,311,1.95
Lenovo,Professional,AMD,8,3.1,AMD,AMD Radeon,32,1024.0,16.0,2441,2951,2747,1494,1.84
HP,Student,Intel,6,2.5,Intel,Intel UHD,8,256.0,15.6,1517,681,1016,691,1.47
ASUS,Student,Intel,4,2.4,Intel,Intel UHD,16,512.0,16.0,958,568,724,507,1.43
Lenovo,Basic,Intel,4,1.9,AMD,AMD Radeon,4,128.0,15.6,744,508,602,534,1.13
Dell,Student,Intel,4,3.2,AMD,AMD Radeon,8,256.0,13.3,1263,1127,1181,689,1.71
ASUS,Basic,Intel,2,2.4,AMD,AMD Radeon,4,256.0,15.6,472,755,642,389,1.65
HP,Student,Intel,4,3.4,AMD,AMD Radeon,8,256.0,14.0,1361,1421,1397,359,3.89
MSI,Professional,Intel,12,4.0,AMD,AMD Radeon,32,512.0,16.0,4783,2515,3422,1289,2.65
Lenovo,Gaming,Intel,8,3.4,NVIDIA,NVIDIA RTX,16,2048.0,14.0,2681,11832,8172,3048,2.68
HP,Basic,AMD,2,2.7,AMD,AMD Radeon,4,128.0,15.6,539,430,473,405,1.17
Acer,Basic,AMD,2,2.6,AMD,AMD Radeon,4,256.0,13.3,528,737,653,456,1.43
HP,Basic,AMD,2,2.4,AMD,AMD Radeon,8,128.0,14.0,472,505,492,376,1.31
Dell,Gaming,Intel,8,4.1,NVIDIA,NVIDIA GeForce,32,512.0,16.0,3287,5797,4793,3277,1.46
Acer,Student,Intel,6,2.7,AMD,AMD Radeon,8,256.0,16.0,1594,1244,1384,741,1.87
Dell,Gaming,Intel,16,3.0,NVIDIA,NVIDIA RTX,16,512.0,13.3,4835,13726,10170,2368,4.29
Dell,Gaming,Intel,12,3.6,NVIDIA,NVIDIA RTX,16,1024.0,16.0,4282,6863,5830,2910,2.0
Dell,Basic,Intel,4,2.1,Intel,Intel Iris Xe,4,128.0,14.0,842,520,649,448,1.45
Dell,Gaming,AMD,8,3.2,AMD,AMD Radeon,16,512.0,13.3,2585,10111,7101,3955,1.8
Lenovo,Professional,Intel,8,2.8,NVIDIA,NVIDIA RTX,32,512.0,14.0,2240,1294,1672,1121,1.49
Acer,Student,Intel,4,2.1,Intel,Intel UHD,8,256.0,14.0,845,1123,1012,790,1.28
HP,Basic,Intel,2,2.3,Intel,Intel UHD,8,512.0,16.0,470,412,435,291,1.49
Lenovo,Gaming,Intel,12,3.4,NVIDIA,NVIDIA GeForce,16,1024.0,13.3,4069,14912,10575,3691,2.87
Apple,Professional,Intel,8,3.9,AMD,AMD Radeon,16,1024.0,16.0,3134,3163,3151,2364,1.33
ASUS,Gaming,Intel,16,5.0,NVIDIA,NVIDIA RTX,32,2048.0,15.6,8080,11195,9949,3190,3.12
Dell,Student,Intel,4,2.2,Intel,Intel Iris Xe,16,256.0,16.0,861,981,933,846,1.1
HP,Professional,Intel,6,2.9,NVIDIA,NVIDIA GeForce,16,1024.0,15.6,1711,2236,2026,1490,1.36
Lenovo,Professional,Intel,12,3.4,NVIDIA,NVIDIA GeForce,32,512.0,14.0,4116,3231,3585,1175,3.05
Dell,Gaming,AMD,12,5.3,AMD,AMD Radeon,32,1024.0,16.0,6385,8873,7878,3144,2.51
Lenovo,Student,Intel,6,2.7,Intel,Intel Iris Xe,8,512.0,14.0,1633,832,1153,541,2.13
HP,Professional,Intel,8,3.3,NVIDIA,NVIDIA RTX,32,512.0,15.6,2610,1871,2166,1802,1.2
Lenovo,Student,Intel,4,3.4,AMD,AMD Radeon,8,512.0,15.6,1356,1494,1439,593,2.43
Lenovo,Basic,Intel,2,2.5,AMD,AMD Radeon,4,128.0,13.3,493,500,497,312,1.59
HP,Professional,AMD,12,3.2,AMD,AMD Radeon,16,512.0,15.6,3837,3276,3500,964,3.63
Razer,Basic,Intel,2,1.8,AMD,AMD Radeon,4,256.0,15.6,352,261,297,267,1.11
HP,Gaming,Intel,8,3.3,AMD,AMD Radeon,16,1024.0,17.3,2603,11422,7894,958,8.24
Dell,Professional,Intel,12,4.5,AMD,AMD Radeon,16,512.0,15.6,5384,3337,4156,999,4.16
Lenovo,Student,Intel,4,2.0,AMD,AMD Radeon,16,256.0,15.6,813,706,749,702,1.07
HP,Student,Intel,4,3.4,AMD,AMD Radeon,8,512.0,16.0,1368,1240,1291,636,2.03
Lenovo,Professional,Intel,6,4.1,AMD,AMD Radeon,16,512.0,15.6,2439,2244,2322,1676,1.39
Lenovo,Professional,AMD,12,3.2,NVIDIA,NVIDIA RTX,16,512.0,14.0,3841,3155,3429,2033,1.69
Dell,Basic,Intel,2,1.7,AMD,AMD Radeon,8,128.0,17.3,349,641,524,279,1.88
ASUS,Basic,Intel,2,2.3,Intel,Intel UHD,4,512.0,16.0,452,321,373,325,1.15
HP,Basic,AMD,2,2.2,AMD,AMD Radeon,4,128.0,15.6,437,554,507,361,1.4
ASUS,Professional,Intel,6,2.9,NVIDIA,NVIDIA RTX,32,1024.0,15.6,1746,2684,2309,1456,1.59
HP,Gaming,Intel,8,5.1,NVIDIA,NVIDIA RTX,32,512.0,17.3,4111,6898,5783,3822,1.51
HP,Professional,Intel,6,4.0,AMD,AMD Radeon,16,1024.0,15.6,2421,2908,2713,2027,1.34
HP,Professional,Intel,12,3.6,NVIDIA,NVIDIA GeForce,16,512.0,15.6,4267,2689,3320,1750,1.9
Apple,Gaming,Intel,12,5.2,NVIDIA,NVIDIA RTX,16,2048.0,15.6,6286,6189,6228,1103,5.65
ASUS,Professional,Intel,8,3.0,AMD,AMD Radeon,32,1024.0,15.6,2424,1324,1764,1970,0.9
Lenovo,Professional,AMD,8,3.5,NVIDIA,NVIDIA GeForce,16,1024.0,16.0,2835,2693,2750,2194,1.25
ASUS,Student,AMD,6,3.0,AMD,AMD Radeon,8,256.0,16.0,1828,530,1049,691,1.52
Lenovo,Student,Intel,6,3.4,AMD,AMD Radeon,8,512.0,15.6,2055,739,1265,668,1.89
ASUS,Student,AMD,6,2.8,Intel,Intel UHD,16,512.0,17.3,1667,1101,1328,589,2.25
Acer,Gaming,Intel,8,3.4,NVIDIA,NVIDIA RTX,16,512.0,17.3,2725,12317,8480,2428,3.49
Lenovo,Basic,Intel,4,2.4,AMD,AMD Radeon,8,512.0,14.0,969,780,856,417,2.05
HP,Student,Intel,4,2.8,Intel,Intel Iris Xe,8,256.0,15.6,1114,1241,1190,793,1.5
Dell,Professional,Intel,8,2.8,AMD,AMD Radeon,32,1024.0,15.6,2270,3661,3105,1091,2.85
MSI,Gaming,Intel,16,3.7,AMD,AMD Radeon,32,512.0,13.3,5903,6943,6527,3924,1.66
Razer,Student,Intel,6,3.1,AMD,AMD Radeon,8,512.0,14.0,1860,1453,1616,504,3.21
HP,Student,Intel,6,3.0,AMD,AMD Radeon,8,512.0,15.6,1795,1102,1379,582,2.37
Dell,Student,Intel,6,2.7,Intel,Intel Iris Xe,16,256.0,15.6,1596,773,1102,388,2.84
ASUS,Basic,Intel,4,2.3,Intel,Intel Iris Xe,4,512.0,15.6,905,697,780,243,3.21
HP,Gaming,Intel,8,5.1,NVIDIA,NVIDIA GeForce,32,2048.0,16.0,4091,6279,5404,4045,1.34
HP,Basic,Intel,2,1.7,Intel,Intel Iris Xe,4,256.0,17.3,342,637,519,436,1.19
Apple,Professional,AMD,6,3.1,AMD,AMD Radeon,16,512.0,14.0,1836,1929,1892,1677,1.13
ASUS,Basic,AMD,2,1.8,AMD,AMD Radeon,8,256.0,14.0,352,501,441,297,1.48
Acer,Gaming,AMD,8,4.0,NVIDIA,NVIDIA RTX,32,2048.0,15.6,3168,14460,9943,1303,7.63
Acer,Student,Intel,6,2.7,Intel,Intel Iris Xe,16,512.0,16.0,1608,1399,1482,725,2.04
Dell,Professional,Intel,6,2.6,AMD,AMD Radeon,32,1024.0,16.0,1549,3332,2619,1640,1.6
ASUS,Student,Intel,6,2.1,Intel,Intel UHD,16,512.0,15.6,1255,1485,1393,853,1.63
ASUS,Basic,Intel,4,1.9,Intel,Intel Iris Xe,4,128.0,13.3,742,241,441,380,1.16
Dell,Gaming,AMD,12,3.6,NVIDIA,NVIDIA GeForce,16,2048.0,15.6,4293,11339,8521,1175,7.25
Lenovo,Basic,Intel,2,2.0,AMD,AMD Radeon,4,128.0,15.6,398,457,433,334,1.3
HP,Basic,Intel,4,2.8,Intel,Intel UHD,4,128.0,14.0,1110,483,734,416,1.76
MSI,Student,AMD,4,2.4,Intel,Intel Iris Xe,8,512.0,14.0,955,1427,1238,452,2.74
Dell,Gaming,AMD,12,3.6,NVIDIA,NVIDIA RTX,16,1024.0,15.6,4313,14294,10302,1201,8.58
Razer,Student,Intel,4,2.3,Intel,Intel Iris Xe,8,512.0,17.3,929,553,703,468,1.5
Dell,Student,AMD,6,2.1,AMD,AMD Radeon,8,512.0,14.0,1248,1248,1248,715,1.75
Razer,Gaming,Intel,12,4.6,NVIDIA,NVIDIA RTX,16,512.0,15.6,5477,5743,5637,1836,3.07
Lenovo,Student,AMD,4,2.7,AMD,AMD Radeon,8,512.0,13.3,1082,829,930,493,1.89
HP,Student,AMD,4,2.7,Intel,Intel UHD,16,512.0,16.0,1091,1282,1206,678,1.78
Lenovo,Professional,Intel,6,3.2,NVIDIA,NVIDIA RTX,16,512.0,13.3,1933,2681,2382,820,2.9
ASUS,Student,Intel,6,2.8,Intel,Intel UHD,16,256.0,15.6,1705,1295,1459,782,1.87
HP,Basic,Intel,2,2.1,Intel,Intel UHD,4,128.0,16.0,419,436,429,328,1.31
Dell,Professional,Intel,8,4.1,AMD,AMD Radeon,16,1024.0,15.6,3252,2164,2599,1124,2.31
Acer,Basic,Intel,4,2.8,AMD,AMD Radeon,4,256.0,14.0,1115,429,703,404,1.74
ASUS,Professional,Intel,12,4.0,NVIDIA,NVIDIA RTX,16,1024.0,17.3,4767,3238,3850,991,3.88
Dell,Professional,Intel,8,4.3,NVIDIA,NVIDIA GeForce,16,512.0,15.6,3477,1794,2467,2386,1.03
Acer,Professional,Intel,8,3.2,NVIDIA,NVIDIA RTX,16,512.0,15.6,2575,3595,3187,2320,1.37
ASUS,Student,Intel,6,3.0,AMD,AMD Radeon,8,512.0,15.6,1818,1497,1625,828,1.96
Dell,Professional,AMD,8,3.7,AMD,AMD Radeon,32,512.0,13.3,2967,1935,2348,1809,1.3
Acer,Gaming,AMD,12,3.5,NVIDIA,NVIDIA RTX,32,512.0,15.6,4184,12296,9051,2857,3.17
Dell,Gaming,AMD,8,4.4,NVIDIA,NVIDIA GeForce,32,512.0,14.0,3559,8329,6421,2718,2.36
HP,Gaming,Intel,16,4.7,NVIDIA,NVIDIA GeForce,32,1024.0,13.3,7473,14366,11609,2380,4.88
ASUS,Student,Intel,4,3.4,Intel,Intel Iris Xe,16,256.0,14.0,1344,1312,1325,984,1.35
HP,Professional,AMD,8,3.2,AMD,AMD Radeon,16,512.0,15.6,2561,3801,3305,934,3.54
Acer,Basic,Intel,2,1.7,Intel,Intel UHD,4,256.0,15.6,330,670,534,190,2.81
Dell,Gaming,Intel,8,5.5,NVIDIA,NVIDIA GeForce,16,1024.0,17.3,4394,12906,9501,1670,5.69
Dell,Professional,Intel,8,4.0,NVIDIA,NVIDIA RTX,16,1024.0,15.6,3217,2526,2802,2098,1.34
Lenovo,Student,Intel,4,2.8,Intel,Intel UHD,16,512.0,13.3,1129,1129,1129,394,2.87
Dell,Gaming,AMD,8,4.0,NVIDIA,NVIDIA RTX,32,1024.0,17.3,3202,8021,6093,2937,2.07
HP,Student,Intel,6,2.1,AMD,AMD Radeon,16,256.0,16.0,1242,877,1023,624,1.64
Lenovo,Basic,AMD,4,2.3,Intel,Intel UHD,4,128.0,15.6,911,306,548,212,2.58
HP,Gaming,Intel,16,4.7,NVIDIA,NVIDIA GeForce,16,512.0,13.3,7533,6472,6896,3880,1.78
Lenovo,Gaming,Intel,8,3.3,AMD,AMD Radeon,16,512.0,13.3,2643,9559,6793,3194,2.13
MSI,Gaming,Intel,16,4.1,NVIDIA,NVIDIA GeForce,16,1024.0,14.0,6628,8808,7936,1586,5.0
HP,Gaming,Intel,12,3.2,NVIDIA,NVIDIA RTX,16,1024.0,14.0,3815,8864,6844,1952,3.51
Apple,Professional,Intel,6,4.2,AMD,AMD Radeon,16,512.0,14.0,2518,2628,2584,2275,1.14
HP,Basic,Intel,2,2.4,AMD,AMD Radeon,4,128.0,16.0,479,740,636,299,2.13
Lenovo,Gaming,Intel,8,4.7,AMD,AMD Radeon,32,512.0,15.6,3734,10497,7792,3946,1.97
Lenovo,Basic,AMD,4,2.5,AMD,AMD Radeon,4,256.0,16.0,1003,280,569,245,2.32
Lenovo,Student,AMD,4,2.9,AMD,AMD Radeon,8,512.0,13.3,1179,974,1056,896,1.18
MSI,Student,AMD,6,2.6,AMD,AMD Radeon,8,512.0,17.3,1558,1436,1485,509,2.92
Dell,Gaming,Intel,8,4.6,NVIDIA,NVIDIA RTX,32,1024.0,15.6,3679,5837,4974,2237,2.22
Lenovo,Student,Intel,4,2.9,AMD,AMD Radeon,8,256.0,15.6,1172,1089,1122,653,1.72
Dell,Basic,Intel,4,1.8,AMD,AMD Radeon,4,256.0,15.6,725,768,751,150,5.01
Dell,Professional,AMD,12,4.1,NVIDIA,NVIDIA GeForce,32,512.0,16.0,4968,1397,2825,1000,2.82
Lenovo,Basic,Intel,2,1.6,Intel,Intel Iris Xe,4,128.0,17.3,324,248,278,399,0.7
ASUS,Professional,Intel,8,3.1,AMD,AMD Radeon,16,1024.0,16.0,2470,1435,1849,1596,1.16
Dell,Professional,AMD,6,4.3,AMD,AMD Radeon,32,512.0,14.0,2562,1547,1953,2479,0.79
HP,Gaming,AMD,12,5.0,NVIDIA,NVIDIA GeForce,16,512.0,13.3,5963,11647,9373,2244,4.18
Dell,Student,Intel,6,2.7,Intel,Intel Iris Xe,8,512.0,17.3,1637,1033,1274,788,1.62
ASUS,Basic,AMD,2,2.6,Intel,Intel Iris Xe,8,128.0,15.6,511,637,587,301,1.95
Acer,Basic,AMD,4,1.7,Intel,Intel UHD,4,256.0,15.6,682,473,557,156,3.57
Dell,Basic,Intel,2,2.0,AMD,AMD Radeon,4,128.0,16.0,396,368,379,486,0.78
ASUS,Student,Intel,6,3.4,AMD,AMD Radeon,8,256.0,16.0,2066,648,1215,708,1.72
ASUS,Gaming,Intel,12,3.2,NVIDIA,NVIDIA GeForce,32,512.0,15.6,3812,5895,5062,2204,2.3
HP,Basic,AMD,2,2.6,AMD,AMD Radeon,4,256.0,13.3,527,467,491,218,2.25
Acer,Professional,AMD,8,3.2,NVIDIA,NVIDIA RTX,16,512.0,15.6,2566,2417,2477,1996,1.24
HP,Student,Intel,6,2.8,Intel,Intel UHD,8,512.0,14.0,1660,1500,1564,680,2.3
HP,Gaming,AMD,8,3.6,AMD,AMD Radeon,32,512.0,16.0,2845,11381,7966,2779,2.87
Acer,Gaming,AMD,16,3.4,AMD,AMD Radeon,32,512.0,16.0,5369,6082,5797,2561,2.26
ASUS,Student,AMD,6,2.2,AMD,AMD Radeon,8,512.0,13.3,1291,1152,1208,546,2.21
HP,Professional,Intel,8,2.7,AMD,AMD Radeon,16,1024.0,15.6,2136,3585,3005,800,3.76
Apple,Student,AMD,6,3.4,AMD,AMD Radeon,8,256.0,16.0,2038,1480,1703,467,3.65
Lenovo,Student,Intel,4,3.1,Intel,Intel Iris Xe,8,512.0,15.6,1226,1040,1115,563,1.98
Acer,Basic,Intel,2,1.9,Intel,Intel Iris Xe,4,128.0,16.0,382,469,434,287,1.51
HP,Basic,AMD,2,2.3,AMD,AMD Radeon,4,256.0,13.3,463,654,577,424,1.36
Dell,Professional,Intel,8,3.6,NVIDIA,NVIDIA GeForce,16,1024.0,14.0,2871,1129,1826,2540,0.72
HP,Student,Intel,4,3.1,Intel,Intel Iris Xe,16,512.0,13.3,1229,1269,1253,694,1.81
Lenovo,Basic,Intel,4,2.7,AMD,AMD Radeon,4,128.0,16.0,1066,772,889,203,4.38
Razer,Basic,Intel,2,2.2,Intel,Intel UHD,4,256.0,14.0,448,249,329,285,1.15
Acer,Student,AMD,6,2.5,AMD,AMD Radeon,16,256.0,13.3,1474,815,1078,691,1.56
Lenovo,Professional,Intel,6,4.5,AMD,AMD Radeon,32,512.0,17.3,2683,1104,1735,1099,1.58
Lenovo,Student,AMD,4,3.2,AMD,AMD Radeon,8,256.0,14.0,1273,797,987,550,1.79
Acer,Basic,AMD,2,1.9,AMD,AMD Radeon,4,128.0,13.3,380,634,532,410,1.3
Dell,Basic,Intel,2,2.8,Intel,Intel Iris Xe,4,128.0,14.0,554,621,594,443,1.34
Acer,Professional,Intel,12,2.7,NVIDIA,NVIDIA GeForce,32,512.0,15.6,3250,1592,2255,1869,1.21
Lenovo,Student,Intel,4,3.5,Intel,Intel UHD,8,512.0,16.0,1382,1276,1319,609,2.17
Dell,Gaming,Intel,12,3.3,AMD,AMD Radeon,32,1024.0,14.0,3986,12191,8909,2231,3.99
HP,Gaming,Intel,16,4.2,NVIDIA,NVIDIA RTX,32,512.0,15.6,6701,10141,8765,1790,4.9
Dell,Basic,Intel,4,2.5,AMD,AMD Radeon,4,128.0,14.0,989,681,804,409,1.97
ASUS,Professional,AMD,8,4.4,NVIDIA,NVIDIA GeForce,16,512.0,15.6,3540,2181,2725,1632,1.67
Lenovo,Professional,Intel,12,2.6,NVIDIA,NVIDIA GeForce,16,1024.0,15.6,3178,2622,2844,1347,2.11
Dell,Gaming,Intel,8,3.4,NVIDIA,NVIDIA GeForce,16,1024.0,14.0,2721,5914,4637,2918,1.59
Apple,Basic,AMD,2,2.3,AMD,AMD Radeon,4,128.0,15.6,451,545,508,328,1.55
ASUS,Gaming,Intel,12,4.3,AMD,AMD Radeon,32,512.0,15.6,5150,9910,8006,1255,6.38
HP,Basic,Intel,4,1.9,AMD,AMD Radeon,4,128.0,14.0,745,794,774,249,3.11
Dell,Professional,Intel,12,4.5,AMD,AMD Radeon,32,1024.0,15.6,5353,3080,3989,2318,1.72
Dell,Professional,Intel,12,2.9,AMD,AMD Radeon,32,512.0,14.0,3469,3657,3582,2091,1.71
Lenovo,Gaming,Intel,8,4.5,AMD,AMD Radeon,16,2048.0,14.0,3609,7835,6144,3001,2.05
Dell,Student,Intel,6,3.3,Intel,Intel UHD,16,512.0,17.3,1953,866,1301,441,2.95
Acer,Professional,AMD,6,3.3,AMD,AMD Radeon,32,1024.0,17.3,1972,2718,2420,1177,2.06
Acer,Gaming,AMD,8,4.7,NVIDIA,NVIDIA RTX,32,2048.0,14.0,3747,6840,5603,1874,2.99
Dell,Basic,Intel,2,2.0,Intel,Intel Iris Xe,4,256.0,16.0,407,404,405,341,1.19
Dell,Student,AMD,6,2.6,Intel,Intel Iris Xe,8,256.0,16.0,1555,664,1020,627,1.63
Dell,Gaming,AMD,12,4.3,AMD,AMD Radeon,32,2048.0,14.0,5129,10239,8195,2866,2.86
Lenovo,Basic,AMD,4,2.5,Intel,Intel Iris Xe,4,128.0,15.6,1011,581,753,255,2.95
Lenovo,Professional,Intel,6,4.4,NVIDIA,NVIDIA RTX,16,1024.0,16.0,2646,1637,2041,1000,2.04
Apple,Gaming,Intel,8,4.4,NVIDIA,NVIDIA GeForce,32,2048.0,15.6,3559,8503,6526,2150,3.04
Dell,Student,Intel,4,3.1,AMD,AMD Radeon,8,256.0,16.0,1255,1290,1276,835,1.53
ASUS,Basic,AMD,4,2.6,AMD,AMD Radeon,4,256.0,13.3,1026,265,569,265,2.15
Apple,Professional,Intel,6,3.5,AMD,AMD Radeon,16,512.0,13.3,2126,2718,2481,1073,2.31
Acer,Basic,Intel,4,2.2,AMD,AMD Radeon,8,256.0,15.6,889,535,676,304,2.22
HP,Basic,Intel,4,2.5,AMD,AMD Radeon,4,256.0,14.0,1014,562,743,240,3.1
Lenovo,Professional,AMD,8,3.4,NVIDIA,NVIDIA GeForce,32,512.0,14.0,2724,1110,1756,2265,0.78
HP,Student,Intel,6,2.6,Intel,Intel UHD,8,512.0,16.0,1565,1269,1387,675,2.05
ASUS,Student,Intel,6,3.1,Intel,Intel Iris Xe,8,256.0,15.6,1858,680,1151,574,2.01
HP,Student,Intel,4,2.2,Intel,Intel Iris Xe,8,256.0,13.3,899,1396,1197,661,1.81
ASUS,Basic,AMD,2,2.6,Intel,Intel UHD,4,128.0,15.6,526,709,635,440,1.44
HP,Gaming,AMD,8,5.1,AMD,AMD Radeon,32,512.0,16.0,4095,9266,7197,1595,4.51
Acer,Professional,Intel,8,4.1,AMD,AMD Radeon,32,1024.0,13.3,3251,3539,3424,2416,1.42
Acer,Professional,Intel,8,3.5,NVIDIA,NVIDIA GeForce,16,512.0,14.0,2801,2703,2742,2406,1.14
Acer,Gaming,AMD,12,4.5,AMD,AMD Radeon,32,1024.0,16.0,5452,6939,6344,3248,1.95
ASUS,Gaming,Intel,16,3.6,AMD,AMD Radeon,32,2048.0,15.6,5686,6376,6100,3891,1.57
HP,Basic,Intel,4,2.6,Intel,Intel UHD,4,128.0,13.3,1051,442,686,477,1.44
HP,Student,AMD,4,2.3,AMD,AMD Radeon,16,512.0,15.6,934,1131,1052,729,1.44
HP,Professional,Intel,6,3.8,NVIDIA,NVIDIA RTX,32,1024.0,13.3,2301,3159,2816,891,3.16
Acer,Gaming,Intel,16,4.3,AMD,AMD Radeon,16,2048.0,17.3,6873,7943,7515,3736,2.01
Dell,Student,Intel,6,2.3,Intel,Intel UHD,8,512.0,15.6,1387,720,987,849,1.16
Lenovo,Professional,Intel,8,4.2,NVIDIA,NVIDIA RTX,32,512.0,14.0,3389,3413,3403,1590,2.14
ASUS,Gaming,Intel,12,3.9,AMD,AMD Radeon,16,512.0,13.3,4700,7220,6212,2649,2.35
Acer,Student,Intel,6,2.8,AMD,AMD Radeon,8,256.0,15.6,1699,1065,1319,419,3.15
Dell,Student,Intel,4,3.2,AMD,AMD Radeon,16,256.0,16.0,1281,1217,1243,508,2.45
MSI,Basic,Intel,4,2.5,AMD,AMD Radeon,4,128.0,15.6,1015,384,637,163,3.91
HP,Professional,AMD,8,4.0,AMD,AMD Radeon,32,512.0,13.3,3211,2764,2943,1778,1.66
MSI,Student,AMD,4,2.5,AMD,AMD Radeon,8,256.0,15.6,1003,1045,1028,655,1.57
Lenovo,Professional,Intel,8,2.7,AMD,AMD Radeon,16,512.0,14.0,2168,1770,1929,2471,0.78
Dell,Student,Intel,4,2.4,AMD,AMD Radeon,8,512.0,16.0,973,1294,1166,415,2.81
Apple,Student,Intel,6,2.8,Intel,Intel Iris Xe,16,256.0,17.3,1697,938,1242,684,1.82
Razer,Professional,Intel,6,4.3,NVIDIA,NVIDIA GeForce,32,512.0,15.6,2607,2480,2531,2240,1.13
ASUS,Professional,Intel,6,2.5,AMD,AMD Radeon,16,512.0,15.6,1518,3567,2748,1996,1.38
Lenovo,Student,Intel,4,2.1,Intel,Intel UHD,8,512.0,15.6,850,985,931,821,1.13
Lenovo,Gaming,Intel,12,5.5,AMD,AMD Radeon,32,512.0,15.6,6564,10758,9081,2951,3.08
Dell,Basic,AMD,2,2.3,AMD,AMD Radeon,8,128.0,14.0,461,758,639,386,1.66
Dell,Student,AMD,6,3.4,AMD,AMD Radeon,8,256.0,13.3,2047,552,1150,691,1.66
Dell,Gaming,Intel,8,3.7,AMD,AMD Radeon,16,1024.0,13.3,2924,7785,5841,3681,1.59
Dell,Basic,Intel,2,2.1,Intel,Intel Iris Xe,8,128.0,14.0,417,610,533,483,1.1
ASUS,Basic,Intel,4,1.7,Intel,Intel UHD,4,256.0,15.6,682,453,544,420,1.3
HP,Professional,AMD,6,4.4,NVIDIA,NVIDIA GeForce,16,1024.0,14.0,2625,3196,2967,2122,1.4
Acer,Basic,Intel,4,2.1,AMD,AMD Radeon,4,128.0,13.3,844,249,487,370,1.32
HP,Student,Intel,6,2.3,AMD,AMD Radeon,16,512.0,15.6,1389,553,888,884,1.0
Lenovo,Student,AMD,6,2.3,AMD,AMD Radeon,8,256.0,17.3,1404,872,1085,853,1.27
Lenovo,Student,Intel,4,3.0,Intel,Intel Iris Xe,8,512.0,14.0,1185,936,1036,691,1.5
Dell,Basic,Intel,4,1.6,AMD,AMD Radeon,4,256.0,14.0,646,430,516,207,2.49
Dell,Basic,AMD,2,1.7,Intel,Intel UHD,4,128.0,15.6,344,342,343,221,1.55
Dell,Basic,AMD,2,2.5,AMD,AMD Radeon,8,128.0,13.3,501,791,675,407,1.66
Apple,Basic,AMD,4,2.3,AMD,AMD Radeon,4,128.0,15.6,934,584,724,350,2.07
Apple,Gaming,Intel,16,4.6,NVIDIA,NVIDIA GeForce,16,1024.0,15.6,7328,9970,8913,1581,5.64
Lenovo,Student,Intel,6,2.2,Intel,Intel UHD,8,256.0,15.6,1295,572,861,856,1.01
MSI,Basic,Intel,4,2.3,Intel,Intel Iris Xe,8,256.0,15.6,924,234,510,382,1.34
Acer,Professional,AMD,12,4.4,NVIDIA,NVIDIA RTX,16,1024.0,15.6,5266,3180,4014,2465,1.63
HP,Student,Intel,4,3.1,AMD,AMD Radeon,8,256.0,15.6,1230,547,820,621,1.32
Acer,Professional,Intel,6,3.0,AMD,AMD Radeon,16,512.0,15.6,1814,3900,3066,1905,1.61
Dell,Student,Intel,6,3.2,AMD,AMD Radeon,8,512.0,15.6,1918,620,1140,405,2.81
Lenovo,Gaming,Intel,8,4.4,NVIDIA,NVIDIA GeForce,32,512.0,13.3,3510,6538,5326,2901,1.84
ASUS,Gaming,AMD,16,5.0,NVIDIA,NVIDIA GeForce,32,2048.0,13.3,8078,14894,12167,2781,4.38
Dell,Gaming,AMD,12,3.7,AMD,AMD Radeon,16,512.0,15.6,4415,11330,8564,2212,3.87
Lenovo,Student,Intel,4,2.5,AMD,AMD Radeon,16,512.0,15.6,1020,1027,1024,416,2.46
HP,Gaming,Intel,12,3.4,NVIDIA,NVIDIA RTX,32,512.0,16.0,4107,9810,7529,3284,2.29
ASUS,Professional,Intel,8,2.8,NVIDIA,NVIDIA GeForce,32,512.0,15.6,2217,2602,2448,1839,1.33
MSI,Professional,Intel,12,3.7,NVIDIA,NVIDIA RTX,16,1024.0,13.3,4416,1747,2815,1420,1.98
Dell,Student,Intel,6,2.3,Intel,Intel Iris Xe,16,512.0,13.3,1409,1451,1434,697,2.06
HP,Professional,Intel,8,2.7,NVIDIA,NVIDIA GeForce,16,512.0,15.6,2158,2536,2385,1405,1.7
Dell,Student,AMD,6,2.5,Intel,Intel Iris Xe,8,256.0,14.0,1522,584,959,966,0.99
Dell,Gaming,Intel,8,3.9,NVIDIA,NVIDIA RTX,32,512.0,17.3,3151,12303,8642,3718,2.32
ASUS,Student,Intel,4,3.0,Intel,Intel UHD,16,512.0,16.0,1191,819,968,486,1.99
MSI,Basic,AMD,4,2.6,Intel,Intel Iris Xe,4,128.0,16.0,1045,532,737,408,1.81
Dell,Student,AMD,4,2.2,AMD,AMD Radeon,16,512.0,15.6,887,532,674,800,0.84
ASUS,Gaming,Intel,12,3.6,NVIDIA,NVIDIA RTX,16,2048.0,16.0,4377,5559,5087,2741,1.86
Dell,Basic,AMD,2,2.5,Intel,Intel UHD,4,128.0,14.0,506,579,550,209,2.63
Dell,Gaming,Intel,12,3.9,NVIDIA,NVIDIA GeForce,16,2048.0,15.6,4656,14800,10742,4042,2.66
Lenovo,Student,Intel,4,2.0,AMD,AMD Radeon,16,256.0,13.3,810,1025,939,725,1.3
Lenovo,Student,Intel,6,2.1,Intel,Intel Iris Xe,16,512.0,16.0,1272,822,1002,521,1.92
Lenovo,Student,Intel,4,2.0,AMD,AMD Radeon,8,512.0,14.0,801,1102,981,918,1.07
Razer,Basic,Intel,2,2.2,Intel,Intel Iris Xe,4,256.0,15.6,438,610,541,272,1.99
ASUS,Student,Intel,6,2.5,AMD,AMD Radeon,8,256.0,15.6,1496,506,902,503,1.79
HP,Student,Intel,6,2.7,AMD,AMD Radeon,16,512.0,16.0,1629,529,969,653,1.48
HP,Student,Intel,6,2.2,AMD,AMD Radeon,8,512.0,17.3,1349,1157,1234,488,2.53
ASUS,Professional,AMD,8,3.7,AMD,AMD Radeon,16,512.0,16.0,2941,1234,1917,1517,1.26
HP,Student,Intel,6,3.3,Intel,Intel Iris Xe,16,256.0,13.3,1969,1351,1598,884,1.81
HP,Student,Intel,6,2.7,AMD,AMD Radeon,8,256.0,15.6,1605,1203,1364,735,1.86
ASUS,Basic,Intel,2,1.7,AMD,AMD Radeon,8,128.0,13.3,340,428,393,282,1.39
ASUS,Basic,Intel,2,2.7,AMD,AMD Radeon,8,256.0,16.0,533,273,377,286,1.32
Acer,Gaming,Intel,8,4.0,NVIDIA,NVIDIA GeForce,16,2048.0,16.0,3191,6830,5375,1610,3.34
HP,Professional,Intel,6,4.3,NVIDIA,NVIDIA GeForce,16,512.0,14.0,2594,3004,2840,1900,1.49
Dell,Professional,AMD,8,4.2,AMD,AMD Radeon,32,1024.0,15.6,3348,2390,2773,1322,2.1
Acer,Student,Intel,4,3.4,Intel,Intel UHD,8,512.0,16.0,1363,1149,1234,853,1.45
Lenovo,Gaming,Intel,16,4.3,NVIDIA,NVIDIA RTX,32,2048.0,14.0,6829,7323,7126,2336,3.05
ASUS,Gaming,Intel,12,5.0,AMD,AMD Radeon,16,1024.0,15.6,5969,5557,5721,3990,1.43
HP,Basic,Intel,2,2.7,Intel,Intel Iris Xe,4,128.0,13.3,543,316,407,465,0.88
HP,Basic,Intel,2,2.2,AMD,AMD Radeon,4,128.0,14.0,438,441,440,404,1.09
Lenovo,Gaming,Intel,8,4.5,NVIDIA,NVIDIA GeForce,32,512.0,17.3,3598,11896,8577,2124,4.04
ASUS,Professional,Intel,8,2.7,NVIDIA,NVIDIA RTX,32,1024.0,15.6,2142,1048,1486,1802,0.82
HP,Professional,Intel,12,3.6,NVIDIA,NVIDIA RTX,16,512.0,16.0,4321,2722,3362,1432,2.35
ASUS,Student,Intel,4,2.6,Intel,Intel Iris Xe,16,512.0,15.6,1060,827,920,529,1.74
HP,Student,Intel,4,2.8,Intel,Intel Iris Xe,8,512.0,15.6,1121,1090,1103,771,1.43
Acer,Basic,AMD,2,2.3,Intel,Intel UHD,4,512.0,13.3,468,505,490,578,0.85
ASUS,Student,Intel,6,2.6,Intel,Intel Iris Xe,16,256.0,15.6,1547,1194,1335,715,1.87
HP,Professional,Intel,8,4.1,NVIDIA,NVIDIA RTX,32,512.0,14.0,3279,3011,3118,1526,2.04
ASUS,Basic,Intel,2,2.2,Intel,Intel UHD,4,128.0,17.3,439,340,379,490,0.77
Lenovo,Basic,Intel,2,2.3,Intel,Intel Iris Xe,4,256.0,16.0,450,224,314,395,0.79
Razer,Basic,Intel,4,2.5,AMD,AMD Radeon,4,128.0,14.0,986,445,662,266,2.49
Razer,Basic,AMD,4,1.7,AMD,AMD Radeon,8,128.0,15.6,696,449,548,272,2.01
Lenovo,Gaming,Intel,8,5.5,NVIDIA,NVIDIA RTX,32,512.0,15.6,4397,10436,8020,1939,4.14
Acer,Gaming,Intel,8,4.2,NVIDIA,NVIDIA GeForce,16,1024.0,14.0,3325,13396,9368,2146,4.37
Lenovo,Student,Intel,6,2.7,AMD,AMD Radeon,8,512.0,17.3,1610,1461,1520,533,2.85
ASUS,Student,AMD,6,2.4,AMD,AMD Radeon,16,256.0,16.0,1412,702,986,810,1.22
HP,Student,AMD,6,3.1,Intel,Intel UHD,16,256.0,15.6,1860,1015,1353,686,1.97
Apple,Professional,Intel,6,4.3,NVIDIA,NVIDIA RTX,16,512.0,15.6,2583,3149,2923,2342,1.25
Apple,Student,AMD,6,3.2,Intel,Intel UHD,16,512.0,13.3,1903,710,1187,762,1.56
ASUS,Basic,AMD,2,2.4,Intel,Intel UHD,4,256.0,15.6,476,219,322,335,0.96
Dell,Student,AMD,4,2.2,AMD,AMD Radeon,8,512.0,14.0,898,1045,986,521,1.89
HP,Basic,Intel,4,2.3,AMD,AMD Radeon,4,256.0,14.0,907,353,574,263,2.18
Acer,Professional,Intel,6,3.1,NVIDIA,NVIDIA GeForce,16,512.0,15.6,1837,3893,3070,975,3.15
ASUS,Student,AMD,6,2.8,Intel,Intel UHD,8,256.0,15.6,1694,679,1085,656,1.65
Dell,Basic,Intel,4,2.7,Intel,Intel Iris Xe,4,128.0,15.6,1063,657,820,274,2.99
Dell,Student,Intel,6,2.2,Intel,Intel UHD,16,256.0,15.6,1336,1022,1148,695,1.65
MSI,Professional,Intel,8,4.4,AMD,AMD Radeon,32,512.0,15.6,3550,2245,2767,2413,1.15
Acer,Professional,Intel,12,4.3,NVIDIA,NVIDIA RTX,32,1024.0,13.3,5156,3113,3930,1257,3.13
HP,Student,Intel,4,2.7,AMD,AMD Radeon,16,512.0,16.0,1067,1260,1183,419,2.82
Lenovo,Basic,Intel,2,2.1,Intel,Intel Iris Xe,4,256.0,15.6,422,440,433,361,1.2
Acer,Basic,Intel,4,2.4,AMD,AMD Radeon,8,256.0,13.3,949,315,569,380,1.5
Dell,Student,Intel,6,2.3,AMD,AMD Radeon,8,512.0,15.6,1364,814,1034,766,1.35
Razer,Student,Intel,6,2.7,AMD,AMD Radeon,16,512.0,13.3,1595,1250,1388,591,2.35
Dell,Basic,Intel,2,2.1,Intel,Intel UHD,8,128.0,13.3,414,309,351,329,1.07
HP,Professional,AMD,6,3.7,AMD,AMD Radeon,16,512.0,17.3,2206,3763,3140,1034,3.04
HP,Student,Intel,4,3.3,Intel,Intel Iris Xe,8,512.0,15.6,1316,1435,1388,905,1.53
HP,Student,Intel,6,2.5,Intel,Intel Iris Xe,8,512.0,14.0,1494,1234,1338,786,1.7
ASUS,Student,Intel,4,3.3,Intel,Intel UHD,8,512.0,15.6,1305,1257,1276,631,2.02
HP,Basic,Intel,2,2.3,AMD,AMD Radeon,4,128.0,14.0,451,510,486,310,1.57
Apple,Basic,AMD,4,2.2,Intel,Intel Iris Xe,4,256.0,14.0,865,639,729,243,3.0
Lenovo,Gaming,Intel,12,4.0,NVIDIA,NVIDIA GeForce,32,1024.0,15.6,4848,13235,9880,3509,2.82
Acer,Student,AMD,4,2.2,Intel,Intel Iris Xe,16,512.0,15.6,875,1115,1019,862,1.18
HP,Basic,Intel,2,2.2,AMD,AMD Radeon,4,256.0,14.0,437,716,605,272,2.22
Dell,Professional,Intel,8,3.6,AMD,AMD Radeon,16,1024.0,17.3,2911,3306,3148,2509,1.25
Dell,Gaming,AMD,16,5.4,AMD,AMD Radeon,16,512.0,14.0,8707,8311,8470,2548,3.32
Dell,Student,Intel,4,3.0,AMD,AMD Radeon,16,512.0,15.6,1203,1186,1192,562,2.12
Lenovo,Student,Intel,4,2.5,AMD,AMD Radeon,8,256.0,16.0,1005,1301,1183,767,1.54
Dell,Basic,AMD,4,2.5,AMD,AMD Radeon,4,256.0,14.0,1015,472,689,508,1.36
ASUS,Professional,AMD,8,3.8,AMD,AMD Radeon,16,1024.0,14.0,3068,1386,2059,2457,0.84
HP,Student,Intel,4,3.1,AMD,AMD Radeon,8,256.0,13.3,1222,984,1079,617,1.75
Lenovo,Basic,AMD,2,2.1,Intel,Intel Iris Xe,4,256.0,15.6,412,797,643,269,2.39
Lenovo,Basic,Intel,2,2.5,Intel,Intel UHD,8,512.0,14.0,507,308,388,400,0.97
Dell,Professional,Intel,8,3.3,NVIDIA,NVIDIA RTX,16,512.0,16.0,2648,1955,2232,1856,1.2
Apple,Gaming,AMD,16,5.1,NVIDIA,NVIDIA RTX,16,1024.0,17.3,8163,10339,9469,3335,2.84
Dell,Student,Intel,6,3.2,AMD,AMD Radeon,8,512.0,15.6,1902,863,1278,816,1.57
Dell,Professional,Intel,12,3.1,NVIDIA,NVIDIA GeForce,16,1024.0,16.0,3671,3295,3445,1925,1.79
HP,Basic,Intel,2,2.6,Intel,Intel Iris Xe,8,128.0,13.3,523,733,649,282,2.3
HP,Student,Intel,6,3.5,Intel,Intel UHD,16,256.0,15.6,2077,1447,1699,583,2.91
Dell,Professional,Intel,12,4.4,AMD,AMD Radeon,32,512.0,15.6,5244,2858,3812,2390,1.59
MSI,Student,Intel,4,3.3,AMD,AMD Radeon,8,256.0,14.0,1311,924,1079,756,1.43
Acer,Basic,AMD,2,2.3,AMD,AMD Radeon,8,256.0,16.0,462,345,392,469,0.84
ASUS,Gaming,AMD,12,3.4,AMD,AMD Radeon,32,1024.0,14.0,4133,14959,10629,3278,3.24
Acer,Basic,Intel,4,2.6,Intel,Intel UHD,8,128.0,15.6,1052,475,706,315,2.24
Lenovo,Professional,Intel,12,3.7,NVIDIA,NVIDIA GeForce,16,1024.0,15.6,4484,1489,2687,920,2.92
Lenovo,Professional,AMD,6,3.5,AMD,AMD Radeon,32,512.0,14.0,2073,2558,2364,1214,1.95
ASUS,Gaming,Intel,8,3.5,NVIDIA,NVIDIA GeForce,16,1024.0,13.3,2767,11375,7932,2982,2.66
ASUS,Gaming,Intel,12,3.5,AMD,AMD Radeon,16,1024.0,15.6,4153,12350,9071,1268,7.15
Acer,Professional,Intel,6,4.1,AMD,AMD Radeon,16,1024.0,15.6,2473,3328,2986,1613,1.85
Dell,Professional,Intel,8,3.8,NVIDIA,NVIDIA GeForce,32,512.0,13.3,3000,1782,2269,989,2.29
ASUS,Professional,AMD,8,4.2,NVIDIA,NVIDIA RTX,16,1024.0,15.6,3321,2822,3022,1563,1.93
ASUS,Professional,Intel,6,3.5,AMD,AMD Radeon,16,1024.0,15.6,2121,3497,2947,2436,1.21
Lenovo,Basic,AMD,4,2.4,AMD,AMD Radeon,8,512.0,15.6,977,717,821,364,2.26
Acer,Basic,Intel,2,2.0,AMD,AMD Radeon,4,256.0,16.0,403,538,484,518,0.93
HP,Basic,Intel,4,2.2,AMD,AMD Radeon,4,128.0,14.0,866,564,685,352,1.95
Acer,Basic,Intel,2,2.0,Intel,Intel UHD,4,128.0,14.0,407,682,572,344,1.66
Acer,Professional,AMD,8,3.5,NVIDIA,NVIDIA GeForce,32,512.0,14.0,2817,3031,2946,1592,1.85
Razer,Student,Intel,6,2.5,Intel,Intel Iris Xe,16,256.0,15.6,1491,1264,1355,523,2.59
Acer,Basic,Intel,4,1.9,AMD,AMD Radeon,4,128.0,14.0,771,314,497,398,1.25
HP,Professional,AMD,8,3.7,AMD,AMD Radeon,32,1024.0,16.0,2949,1234,1920,2301,0.83
HP,Basic,Intel,2,2.4,Intel,Intel UHD,8,128.0,16.0,482,747,641,324,1.98
Acer,Student,AMD,4,2.2,AMD,AMD Radeon,8,512.0,14.0,871,1330,1146,924,1.24
ASUS,Student,Intel,4,2.5,AMD,AMD Radeon,16,512.0,14.0,983,661,790,609,1.3
Razer,Gaming,Intel,8,3.9,NVIDIA,NVIDIA RTX,32,2048.0,13.3,3090,10831,7735,1022,7.57
ASUS,Basic,AMD,4,1.9,AMD,AMD Radeon,4,256.0,15.6,745,695,715,357,2.0
ASUS,Basic,AMD,2,2.7,AMD,AMD Radeon,4,128.0,15.6,548,669,621,444,1.4
Dell,Basic,Intel,2,2.3,Intel,Intel UHD,4,256.0,15.6,468,392,423,353,1.2
HP,Professional,AMD,12,4.0,NVIDIA,NVIDIA GeForce,16,1024.0,15.6,4822,1575,2874,2425,1.19
Acer,Student,Intel,6,2.6,Intel,Intel UHD,8,512.0,15.6,1590,719,1067,556,1.92
Dell,Basic,AMD,2,2.3,Intel,Intel UHD,4,256.0,14.0,453,762,639,450,1.42
Acer,Student,Intel,4,2.4,Intel,Intel Iris Xe,8,512.0,15.6,979,1010,998,680,1.47
Lenovo,Professional,Intel,8,3.5,NVIDIA,NVIDIA RTX,16,1024.0,15.6,2779,2266,2472,1368,1.81
HP,Student,Intel,6,3.2,AMD,AMD Radeon,8,256.0,16.0,1948,924,1333,481,2.77
HP,Gaming,Intel,12,4.3,AMD,AMD Radeon,16,1024.0,16.0,5143,10016,8067,2956,2.73
Acer,Basic,Intel,2,2.5,AMD,AMD Radeon,8,128.0,15.6,496,413,446,253,1.76
ASUS,Basic,Intel,2,2.3,AMD,AMD Radeon,4,128.0,14.0,451,686,592,427,1.39
Lenovo,Basic,Intel,4,1.8,AMD,AMD Radeon,4,128.0,14.0,727,386,523,472,1.11
Razer,Professional,AMD,8,3.1,NVIDIA,NVIDIA RTX,16,512.0,15.6,2514,3003,2808,2108,1.33
Dell,Student,AMD,4,3.2,Intel,Intel UHD,8,256.0,15.6,1294,688,931,596,1.56
MSI,Basic,AMD,2,1.9,Intel,Intel Iris Xe,4,256.0,16.0,376,496,448,419,1.07
ASUS,Professional,Intel,8,3.3,NVIDIA,NVIDIA RTX,16,512.0,14.0,2630,3788,3325,2097,1.59
Lenovo,Student,Intel,4,2.3,Intel,Intel UHD,8,256.0,15.6,930,590,726,390,1.86
MSI,Professional,Intel,12,2.6,NVIDIA,NVIDIA RTX,16,512.0,17.3,3132,2160,2549,2448,1.04
Lenovo,Student,Intel,6,3.0,AMD,AMD Radeon,8,256.0,15.6,1796,839,1222,760,1.61
Apple,Student,Intel,6,2.0,Intel,Intel UHD,8,256.0,17.3,1200,1211,1207,491,2.46
Dell,Gaming,Intel,8,4.7,AMD,AMD Radeon,16,1024.0,15.6,3788,9011,6922,1912,3.62
Dell,Basic,Intel,4,1.8,Intel,Intel Iris Xe,4,128.0,16.0,726,656,684,467,1.46
HP,Professional,Intel,6,3.3,AMD,AMD Radeon,16,512.0,15.6,1991,1078,1443,1059,1.36
Lenovo,Professional,Intel,12,3.4,AMD,AMD Radeon,32,1024.0,15.6,4037,1498,2514,1044,2.41
Lenovo,Gaming,Intel,12,4.2,AMD,AMD Radeon,32,512.0,14.0,4999,13385,10030,3133,3.2
ASUS,Gaming,Intel,8,4.6,NVIDIA,NVIDIA RTX,32,512.0,17.3,3702,7770,6143,1653,3.72
ASUS,Gaming,Intel,12,3.3,NVIDIA,NVIDIA RTX,16,2048.0,16.0,3999,11971,8782,1941,4.52
Apple,Gaming,Intel,16,3.7,NVIDIA,NVIDIA GeForce,32,512.0,16.0,5983,6783,6463,2347,2.75
Dell,Professional,AMD,8,4.1,NVIDIA,NVIDIA GeForce,16,1024.0,14.0,3318,3385,3358,1108,3.03
Dell,Student,Intel,4,3.2,Intel,Intel UHD,16,512.0,16.0,1287,1437,1377,698,1.97
Dell,Student,Intel,6,2.9,Intel,Intel Iris Xe,8,512.0,15.6,1730,1153,1384,920,1.5
Acer,Student,Intel,6,3.0,Intel,Intel Iris Xe,8,256.0,13.3,1783,1070,1355,574,2.36
Dell,Gaming,AMD,12,4.3,NVIDIA,NVIDIA RTX,32,1024.0,14.0,5118,9986,8039,2858,2.81
HP,Gaming,Intel,16,4.4,NVIDIA,NVIDIA GeForce,32,1024.0,17.3,7056,7126,7098,3542,2.0
Dell,Basic,AMD,2,2.2,Intel,Intel UHD,4,256.0,14.0,446,234,319,472,0.68
HP,Basic,Intel,2,2.0,Intel,Intel UHD,8,128.0,15.6,397,614,527,402,1.31
MSI,Gaming,Intel,16,4.7,NVIDIA,NVIDIA GeForce,16,1024.0,15.6,7573,7971,7812,1421,5.5
ASUS,Professional,Intel,8,2.6,AMD,AMD Radeon,16,512.0,15.6,2107,3017,2653,2435,1.09
Razer,Student,Intel,4,2.4,Intel,Intel Iris Xe,8,512.0,15.6,975,539,714,534,1.34
Lenovo,Basic,Intel,2,2.6,AMD,AMD Radeon,8,256.0,16.0,519,264,366,373,0.98
Lenovo,Gaming,Intel,8,3.6,AMD,AMD Radeon,16,1024.0,15.6,2913,14110,9631,3373,2.86
Dell,Student,Intel,4,2.9,AMD,AMD Radeon,8,256.0,15.6,1161,1447,1333,503,2.65
HP,Student,Intel,6,3.4,Intel,Intel UHD,8,256.0,13.3,2026,1039,1434,810,1.77
Lenovo,Professional,Intel,6,2.7,AMD,AMD Radeon,16,512.0,15.6,1617,2888,2380,1894,1.26
Acer,Basic,AMD,2,2.0,AMD,AMD Radeon,8,256.0,17.3,393,376,383,484,0.79
Lenovo,Gaming,Intel,12,4.7,NVIDIA,NVIDIA GeForce,32,2048.0,14.0,5693,7520,6789,2116,3.21
MSI,Gaming,Intel,8,3.5,NVIDIA,NVIDIA RTX,32,1024.0,15.6,2790,7873,5840,3204,1.82
HP,Student,Intel,4,3.1,Intel,Intel UHD,8,256.0,15.6,1257,1394,1339,455,2.94
Lenovo,Professional,Intel,6,3.5,NVIDIA,NVIDIA RTX,32,1024.0,14.0,2091,1499,1736,1276,1.36
Lenovo,Basic,Intel,4,2.8,AMD,AMD Radeon,4,128.0,15.6,1113,313,633,438,1.45
Lenovo,Student,Intel,4,2.1,AMD,AMD Radeon,8,512.0,17.3,857,1238,1085,607,1.79
Razer,Student,Intel,6,3.2,Intel,Intel Iris Xe,16,256.0,13.3,1938,771,1238,505,2.45
HP,Student,Intel,6,3.1,Intel,Intel UHD,16,256.0,15.6,1882,1309,1538,917,1.68
Dell,Basic,Intel,4,2.4,Intel,Intel UHD,4,128.0,15.6,945,552,709,179,3.96
HP,Professional,Intel,6,2.6,AMD,AMD Radeon,16,512.0,16.0,1531,1759,1667,1010,1.65
Lenovo,Student,Intel,4,2.9,AMD,AMD Radeon,8,256.0,14.0,1154,1178,1169,634,1.84
Dell,Professional,Intel,8,3.6,NVIDIA,NVIDIA RTX,16,1024.0,15.6,2895,2646,2745,2281,1.2
Dell,Gaming,AMD,8,3.9,AMD,AMD Radeon,16,2048.0,14.0,3105,14410,9888,1541,6.42
Dell,Student,AMD,4,2.4,AMD,AMD Radeon,8,512.0,14.0,949,570,721,658,1.1
ASUS,Professional,AMD,8,4.5,NVIDIA,NVIDIA GeForce,16,1024.0,13.3,3589,3889,3769,2209,1.71
Razer,Professional,Intel,8,2.9,AMD,AMD Radeon,16,512.0,16.0,2345,1025,1553,2404,0.65
Lenovo,Professional,Intel,8,4.5,AMD,AMD Radeon,32,512.0,15.6,3565,2158,2721,1508,1.8
HP,Basic,Intel,4,1.7,Intel,Intel UHD,4,256.0,15.6,660,696,681,405,1.68
MSI,Gaming,Intel,12,4.0,AMD,AMD Radeon,16,512.0,13.3,4825,10431,8189,1828,4.48
Acer,Basic,Intel,2,2.1,Intel,Intel Iris Xe,4,128.0,17.3,419,471,451,333,1.35
MSI,Gaming,AMD,8,4.7,AMD,AMD Radeon,32,2048.0,13.3,3797,9742,7364,3868,1.9
Dell,Basic,Intel,2,1.8,Intel,Intel Iris Xe,4,128.0,15.6,370,606,512,175,2.93
Razer,Student,Intel,6,3.4,AMD,AMD Radeon,16,512.0,13.3,2020,875,1333,739,1.8
Lenovo,Student,Intel,6,2.3,Intel,Intel Iris Xe,8,256.0,15.6,1404,1191,1276,624,2.04
Lenovo,Student,AMD,6,2.3,AMD,AMD Radeon,8,256.0,13.3,1363,694,962,471,2.04
Razer,Basic,Intel,2,1.9,AMD,AMD Radeon,4,128.0,16.0,370,239,292,399,0.73
Dell,Professional,AMD,8,2.9,NVIDIA,NVIDIA RTX,32,1024.0,13.3,2281,1602,1874,1121,1.67
Lenovo,Basic,Intel,2,2.4,Intel,Intel Iris Xe,4,256.0,17.3,479,612,559,241,2.32
Dell,Student,AMD,6,2.7,Intel,Intel Iris Xe,16,512.0,16.0,1633,1311,1440,781,1.84
Dell,Student,AMD,6,3.3,AMD,AMD Radeon,8,512.0,15.6,1966,1154,1479,555,2.66
HP,Gaming,Intel,8,3.7,AMD,AMD Radeon,32,512.0,13.3,2947,13164,9077,3266,2.78
Lenovo,Student,Intel,6,2.1,Intel,Intel Iris Xe,8,256.0,14.0,1277,1439,1374,723,1.9
Dell,Basic,Intel,4,1.9,Intel,Intel Iris Xe,4,128.0,15.6,778,352,523,257,2.04
ASUS,Professional,AMD,8,3.3,NVIDIA,NVIDIA RTX,32,512.0,13.3,2667,1794,2143,996,2.15
Lenovo,Student,Intel,4,3.4,Intel,Intel Iris Xe,8,512.0,16.0,1366,1040,1170,757,1.55
HP,Basic,Intel,2,2.1,AMD,AMD Radeon,8,512.0,15.6,422,479,456,269,1.7
ASUS,Student,AMD,4,2.2,AMD,AMD Radeon,16,512.0,17.3,896,1028,975,817,1.19
Lenovo,Professional,Intel,6,4.3,NVIDIA,NVIDIA RTX,32,1024.0,15.6,2553,3420,3073,1002,3.07
Razer,Gaming,Intel,12,3.6,NVIDIA,NVIDIA RTX,32,512.0,15.6,4265,14357,10320,1766,5.84
Lenovo,Student,AMD,4,3.1,Intel,Intel UHD,8,512.0,15.6,1260,1442,1369,710,1.93
HP,Student,AMD,6,2.6,Intel,Intel UHD,16,512.0,15.6,1588,1158,1330,512,2.6
ASUS,Basic,Intel,2,1.8,AMD,AMD Radeon,4,512.0,15.6,368,393,383,369,1.04
Dell,Student,Intel,4,3.4,AMD,AMD Radeon,8,256.0,14.0,1373,681,958,486,1.97
HP,Basic,Intel,4,2.8,AMD,AMD Radeon,4,128.0,16.0,1115,746,894,504,1.77
Dell,Professional,Intel,6,3.0,AMD,AMD Radeon,16,512.0,14.0,1792,3071,2560,1860,1.38
Lenovo,Basic,Intel,4,1.6,Intel,Intel Iris Xe,4,128.0,15.6,655,506,566,420,1.35
Lenovo,Student,AMD,6,2.8,Intel,Intel Iris Xe,8,512.0,14.0,1680,1264,1430,578,2.47
Lenovo,Gaming,Intel,12,4.7,NVIDIA,NVIDIA GeForce,32,1024.0,15.6,5666,12831,9965,2086,4.78
Apple,Student,Intel,4,3.2,Intel,Intel Iris Xe,8,256.0,15.6,1274,532,829,642,1.29
MSI,Student,Intel,6,2.1,AMD,AMD Radeon,8,512.0,14.0,1286,1308,1299,440,2.95
Apple,Professional,Intel,8,3.0,NVIDIA,NVIDIA GeForce,16,1024.0,15.6,2383,3405,2996,855,3.5
Dell,Basic,AMD,2,1.7,Intel,Intel Iris Xe,4,256.0,13.3,335,313,322,322,1.0
Dell,Gaming,Intel,8,4.2,NVIDIA,NVIDIA GeForce,16,1024.0,16.0,3327,8006,6134,2972,2.06
Dell,Gaming,Intel,12,5.4,AMD,AMD Radeon,16,1024.0,13.3,6450,7325,6975,2142,3.26
HP,Basic,Intel,2,2.7,Intel,Intel UHD,4,128.0,15.6,534,550,544,409,1.33
ASUS,Student,AMD,4,2.4,Intel,Intel UHD,8,512.0,15.6,967,1333,1187,590,2.01
HP,Gaming,AMD,8,3.9,NVIDIA,NVIDIA GeForce,32,1024.0,16.0,3109,10943,7809,2578,3.03
HP,Gaming,AMD,16,3.8,NVIDIA,NVIDIA RTX,32,1024.0,14.0,6062,8929,7783,3119,2.5
Lenovo,Gaming,Intel,16,3.4,AMD,AMD Radeon,16,1024.0,16.0,5479,6714,6220,3121,1.99
HP,Student,Intel,4,2.2,AMD,AMD Radeon,16,512.0,15.6,888,864,874,621,1.41
HP,Basic,Intel,4,1.7,Intel,Intel Iris Xe,4,256.0,15.6,692,650,667,383,1.74
Dell,Basic,Intel,4,2.3,Intel,Intel Iris Xe,4,256.0,15.6,903,346,569,508,1.12
Dell,Student,Intel,4,3.3,AMD,AMD Radeon,8,512.0,15.6,1333,1422,1387,752,1.84
ASUS,Professional,Intel,8,3.0,NVIDIA,NVIDIA GeForce,16,1024.0,17.3,2409,3117,2834,1486,1.91
ASUS,Professional,Intel,6,3.7,NVIDIA,NVIDIA GeForce,32,1024.0,15.6,2226,3082,2739,2331,1.18
HP,Professional,Intel,12,3.0,AMD,AMD Radeon,32,512.0,16.0,3558,1118,2094,882,2.37
HP,Professional,Intel,8,3.0,NVIDIA,NVIDIA RTX,32,512.0,13.3,2385,3568,3095,2337,1.32
HP,Basic,Intel,4,2.7,Intel,Intel UHD,8,128.0,15.6,1062,215,554,296,1.87
HP,Student,AMD,4,2.2,Intel,Intel Iris Xe,16,256.0,13.3,885,1199,1073,527,2.04
Razer,Basic,Intel,2,2.1,AMD,AMD Radeon,4,256.0,14.0,426,391,405,246,1.65
ASUS,Gaming,AMD,16,4.4,AMD,AMD Radeon,16,1024.0,15.6,6965,6378,6613,2546,2.6
Dell,Basic,Intel,2,2.2,AMD,AMD Radeon,4,128.0,14.0,449,527,496,360,1.38
Dell,Student,AMD,6,2.8,Intel,Intel Iris Xe,16,256.0,16.0,1656,913,1210,596,2.03
Dell,Professional,Intel,8,3.4,NVIDIA,NVIDIA RTX,16,512.0,13.3,2712,1478,1972,2092,0.94
Dell,Gaming,Intel,12,4.8,AMD,AMD Radeon,16,1024.0,13.3,5742,11274,9061,2544,3.56
HP,Gaming,Intel,8,3.7,NVIDIA,NVIDIA GeForce,32,512.0,15.6,2979,6177,4898,1566,3.13
ASUS,Student,Intel,6,3.2,Intel,Intel UHD,8,512.0,15.6,1891,544,1083,546,1.98
Dell,Professional,Intel,8,2.7,NVIDIA,NVIDIA GeForce,16,1024.0,14.0,2124,1051,1480,1831,0.81
MSI,Basic,Intel,4,2.4,Intel,Intel UHD,4,512.0,15.6,960,278,551,434,1.27
ASUS,Student,Intel,4,2.9,Intel,Intel Iris Xe,16,256.0,16.0,1158,1406,1307,422,3.1
Lenovo,Professional,AMD,8,2.7,NVIDIA,NVIDIA RTX,32,512.0,17.3,2180,1220,1604,2134,0.75
Acer,Student,AMD,6,2.3,AMD,AMD Radeon,16,512.0,13.3,1406,800,1042,814,1.28
Dell,Gaming,AMD,8,4.3,NVIDIA,NVIDIA GeForce,32,512.0,15.6,3455,11611,8349,2974,2.81
ASUS,Gaming,AMD,12,3.3,NVIDIA,NVIDIA RTX,16,512.0,14.0,4007,7002,5804,1108,5.24
ASUS,Gaming,Intel,8,4.3,NVIDIA,NVIDIA RTX,32,1024.0,16.0,3426,12886,9102,3083,2.95
Lenovo,Gaming,AMD,16,3.4,NVIDIA,NVIDIA GeForce,32,512.0,15.6,5511,9992,8199,1301,6.3
HP,Professional,Intel,8,3.4,NVIDIA,NVIDIA RTX,32,1024.0,14.0,2705,3595,3239,1450,2.23
Lenovo,Professional,Intel,8,2.8,NVIDIA,NVIDIA RTX,16,512.0,15.6,2270,2806,2591,2484,1.04
ASUS,Basic,AMD,2,2.5,AMD,AMD Radeon,4,256.0,17.3,510,414,453,345,1.31
ASUS,Basic,Intel,2,2.7,Intel,Intel Iris Xe,4,128.0,13.3,548,771,682,289,2.36
Razer,Gaming,AMD,12,4.0,AMD,AMD Radeon,16,512.0,15.6,4795,10437,8180,1758,4.65
HP,Basic,Intel,2,1.7,AMD,AMD Radeon,4,256.0,16.0,349,483,429,386,1.11
Lenovo,Student,AMD,6,2.5,AMD,AMD Radeon,8,512.0,16.0,1504,1428,1458,731,1.99
ASUS,Gaming,AMD,12,4.4,AMD,AMD Radeon,16,1024.0,15.6,5303,10374,8346,2406,3.47
Lenovo,Professional,Intel,12,2.7,NVIDIA,NVIDIA GeForce,16,512.0,15.6,3222,2764,2947,1557,1.89
HP,Student,AMD,4,2.3,Intel,Intel Iris Xe,8,512.0,15.6,935,1312,1161,486,2.39
Dell,Basic,Intel,4,2.6,AMD,AMD Radeon,4,128.0,15.6,1053,332,620,543,1.14
Dell,Basic,Intel,2,2.4,Intel,Intel UHD,8,256.0,13.3,489,588,548,216,2.54
Dell,Student,Intel,6,3.1,Intel,Intel UHD,16,256.0,14.0,1846,854,1251,687,1.82
Lenovo,Basic,Intel,2,2.4,AMD,AMD Radeon,8,256.0,15.6,474,703,612,398,1.54
HP,Basic,Intel,4,2.6,Intel,Intel Iris Xe,8,128.0,15.6,1020,552,739,425,1.74
Dell,Student,Intel,4,3.3,Intel,Intel UHD,8,256.0,14.0,1310,559,860,599,1.44
HP,Gaming,AMD,8,3.4,NVIDIA,NVIDIA GeForce,32,512.0,14.0,2755,7644,5688,1645,3.46
Acer,Basic,Intel,2,2.1,Intel,Intel Iris Xe,4,256.0,16.0,418,319,359,318,1.13
ASUS,Student,AMD,6,3.2,AMD,AMD Radeon,16,512.0,14.0,1923,983,1359,844,1.61
Dell,Student,Intel,4,3.1,Intel,Intel Iris Xe,16,256.0,15.6,1225,680,898,738,1.22
ASUS,Basic,AMD,2,2.1,Intel,Intel UHD,8,128.0,15.6,414,352,377,194,1.94
HP,Student,Intel,6,2.0,Intel,Intel Iris Xe,8,256.0,15.6,1224,1434,1350,532,2.54
Dell,Professional,Intel,8,2.8,NVIDIA,NVIDIA GeForce,16,512.0,15.6,2204,3407,2926,2410,1.21
Razer,Student,Intel,4,2.2,AMD,AMD Radeon,8,256.0,14.0,890,1003,958,543,1.76
HP,Student,Intel,6,2.6,Intel,Intel UHD,8,256.0,15.6,1543,543,943,566,1.67
Dell,Professional,Intel,8,2.9,NVIDIA,NVIDIA RTX,16,512.0,15.6,2287,2584,2465,2176,1.13
HP,Professional,Intel,6,2.9,NVIDIA,NVIDIA RTX,16,512.0,15.6,1721,2322,2082,1641,1.27
Razer,Gaming,Intel,12,4.9,AMD,AMD Radeon,32,512.0,13.3,5869,13901,10688,1899,5.63
HP,Student,Intel,6,2.2,AMD,AMD Radeon,8,512.0,14.0,1302,1457,1395,425,3.28
HP,Basic,AMD,2,1.7,AMD,AMD Radeon,4,256.0,14.0,336,552,466,386,1.21
Dell,Basic,AMD,2,2.4,Intel,Intel Iris Xe,8,512.0,16.0,474,703,611,362,1.69
Dell,Student,AMD,4,2.6,Intel,Intel UHD,8,512.0,14.0,1045,1032,1037,794,1.31
HP,Student,AMD,4,2.4,AMD,AMD Radeon,8,256.0,14.0,964,524,700,479,1.46
Dell,Basic,AMD,4,2.7,AMD,AMD Radeon,4,512.0,16.0,1067,798,906,254,3.57
Lenovo,Professional,AMD,6,2.9,NVIDIA,NVIDIA GeForce,32,512.0,15.6,1715,1321,1478,1031,1.43
Acer,Basic,Intel,2,2.2,AMD,AMD Radeon,4,128.0,15.6,434,306,357,410,0.87
HP,Gaming,AMD,12,5.0,NVIDIA,NVIDIA GeForce,16,2048.0,13.3,6047,7133,6699,3725,1.8
HP,Basic,Intel,2,2.8,Intel,Intel UHD,4,128.0,15.6,551,506,524,560,0.94
Dell,Student,Intel,4,2.1,Intel,Intel Iris Xe,8,512.0,13.3,857,1142,1028,628,1.64
HP,Student,Intel,4,3.3,AMD,AMD Radeon,16,512.0,17.3,1309,1074,1168,829,1.41
Lenovo,Professional,AMD,8,3.3,AMD,AMD Radeon,16,512.0,14.0,2655,2707,2686,1529,1.76
Razer,Basic,AMD,2,1.8,AMD,AMD Radeon,8,128.0,16.0,359,681,552,252,2.19
Razer,Gaming,Intel,12,3.2,NVIDIA,NVIDIA RTX,16,2048.0,13.3,3850,9901,7481,1550,4.83
Lenovo,Basic,Intel,4,2.0,Intel,Intel UHD,4,128.0,14.0,787,741,760,482,1.58
HP,Gaming,Intel,8,4.1,NVIDIA,NVIDIA RTX,32,512.0,13.3,3303,12639,8905,1369,6.5
Lenovo,Basic,AMD,4,1.9,AMD,AMD Radeon,4,256.0,15.6,752,758,755,263,2.87
ASUS,Basic,Intel,2,1.9,AMD,AMD Radeon,4,128.0,15.6,389,267,316,232,1.36
HP,Basic,Intel,2,2.2,Intel,Intel UHD,4,128.0,14.0,449,252,331,496,0.67
ASUS,Student,Intel,6,3.5,AMD,AMD Radeon,16,256.0,15.6,2072,1149,1518,734,2.07
Acer,Basic,Intel,4,2.4,AMD,AMD Radeon,8,128.0,15.6,952,309,566,553,1.02
Dell,Gaming,AMD,8,4.0,NVIDIA,NVIDIA RTX,16,1024.0,14.0,3203,11794,8357,2466,3.39
Dell,Gaming,Intel,12,3.6,AMD,AMD Radeon,16,512.0,15.6,4331,9201,7253,2880,2.52
Apple,Gaming,AMD,8,4.5,AMD,AMD Radeon,16,512.0,14.0,3610,13669,9646,3166,3.05
Lenovo,Gaming,Intel,8,5.1,NVIDIA,NVIDIA RTX,32,1024.0,14.0,4053,7818,6312,2801,2.25
HP,Basic,AMD,2,2.6,AMD,AMD Radeon,4,256.0,13.3,530,291,386,153,2.52
Dell,Professional,AMD,8,3.1,NVIDIA,NVIDIA GeForce,32,1024.0,14.0,2516,2828,2703,2204,1.23
Lenovo,Student,Intel,4,2.5,Intel,Intel UHD,8,512.0,15.6,988,1059,1031,883,1.17
Dell,Student,Intel,4,3.3,AMD,AMD Radeon,8,512.0,17.3,1303,1222,1255,786,1.6
Acer,Professional,Intel,12,4.3,AMD,AMD Radeon,16,1024.0,15.6,5149,3845,4367,1396,3.13
HP,Student,AMD,4,3.0,AMD,AMD Radeon,8,512.0,14.0,1207,713,911,582,1.57
Dell,Basic,Intel,2,2.2,AMD,AMD Radeon,4,256.0,16.0,438,747,624,301,2.07
Apple,Student,Intel,6,3.5,Intel,Intel UHD,8,512.0,15.6,2090,761,1293,829,1.56
Dell,Student,AMD,4,2.2,AMD,AMD Radeon,8,256.0,16.0,864,982,935,601,1.56
ASUS,Professional,Intel,6,3.9,NVIDIA,NVIDIA RTX,32,1024.0,13.3,2316,3578,3073,1038,2.96
Lenovo,Student,AMD,4,2.5,AMD,AMD Radeon,8,256.0,14.0,982,1337,1195,369,3.24
ASUS,Basic,Intel,4,2.6,AMD,AMD Radeon,4,128.0,13.3,1060,415,673,241,2.79
Lenovo,Professional,Intel,6,3.9,AMD,AMD Radeon,16,512.0,13.3,2346,3560,3075,1569,1.96
Razer,Professional,AMD,6,2.7,AMD,AMD Radeon,16,512.0,15.6,1619,2572,2191,1170,1.87
ASUS,Student,Intel,6,2.8,Intel,Intel Iris Xe,8,256.0,16.0,1658,968,1244,815,1.53
Acer,Basic,Intel,2,2.8,Intel,Intel UHD,8,128.0,14.0,560,317,414,194,2.13
Apple,Professional,Intel,6,3.2,NVIDIA,NVIDIA GeForce,16,512.0,14.0,1920,2390,2202,1554,1.42
Lenovo,Basic,AMD,2,2.4,Intel,Intel Iris Xe,8,256.0,14.0,488,602,556,380,1.46
Acer,Professional,Intel,6,2.6,NVIDIA,NVIDIA RTX,16,512.0,15.6,1531,1105,1275,1684,0.76
Lenovo,Basic,Intel,2,2.5,Intel,Intel Iris Xe,4,256.0,15.6,497,367,419,239,1.75
HP,Gaming,Intel,16,3.7,NVIDIA,NVIDIA GeForce,32,2048.0,14.0,5942,10955,8950,3211,2.79
HP,Professional,Intel,8,2.8,AMD,AMD Radeon,16,512.0,15.6,2239,2051,2126,938,2.27
ASUS,Basic,Intel,2,2.7,AMD,AMD Radeon,4,128.0,17.3,540,370,438,537,0.82
Lenovo,Student,Intel,4,3.4,Intel,Intel Iris Xe,8,256.0,14.0,1377,615,920,526,1.75
HP,Gaming,Intel,12,4.1,AMD,AMD Radeon,16,512.0,15.6,4963,11276,8751,1277,6.85
ASUS,Student,Intel,6,3.3,AMD,AMD Radeon,8,256.0,15.6,1966,797,1264,558,2.27
ASUS,Student,Intel,4,2.6,Intel,Intel Iris Xe,8,512.0,15.6,1022,1101,1070,657,1.63
Lenovo,Professional,Intel,12,3.7,NVIDIA,NVIDIA RTX,32,1024.0,16.0,4466,2000,2986,2042,1.46
Acer,Student,Intel,4,2.1,AMD,AMD Radeon,8,256.0,15.6,832,1424,1187,891,1.33
ASUS,Student,AMD,4,2.1,AMD,AMD Radeon,16,256.0,15.6,857,888,876,824,1.06
Acer,Gaming,Intel,16,5.5,NVIDIA,NVIDIA RTX,16,1024.0,17.3,8794,9076,8963,2553,3.51
Dell,Basic,AMD,2,2.3,AMD,AMD Radeon,4,256.0,17.3,455,442,447,442,1.01
Lenovo,Student,Intel,6,3.1,Intel,Intel UHD,16,256.0,15.6,1870,1132,1427,629,2.27
HP,Student,Intel,6,3.2,Intel,Intel Iris Xe,8,256.0,15.6,1946,639,1162,659,1.76
Dell,Professional,Intel,8,3.2,AMD,AMD Radeon,16,512.0,14.0,2527,3589,3164,1794,1.76
Lenovo,Professional,AMD,8,4.3,NVIDIA,NVIDIA RTX,16,1024.0,17.3,3432,2247,2721,1841,1.48
HP,Professional,AMD,6,4.0,NVIDIA,NVIDIA RTX,16,1024.0,15.6,2382,1169,1654,1872,0.88
HP,Basic,Intel,2,2.7,Intel,Intel UHD,8,256.0,17.3,548,205,343,389,0.88
Dell,Professional,Intel,8,3.5,NVIDIA,NVIDIA RTX,32,512.0,15.6,2798,1099,1778,2001,0.89
Dell,Basic,Intel,2,2.6,AMD,AMD Radeon,4,128.0,16.0,511,339,408,186,2.19
ASUS,Student,AMD,6,2.9,AMD,AMD Radeon,8,256.0,13.3,1760,820,1196,485,2.47
ASUS,Student,Intel,6,3.2,AMD,AMD Radeon,8,256.0,16.0,1916,965,1345,567,2.37
Lenovo,Professional,Intel,8,3.2,AMD,AMD Radeon,16,1024.0,14.0,2569,3308,3013,1151,2.62
HP,Gaming,Intel,12,4.9,AMD,AMD Radeon,32,512.0,17.3,5842,9444,8003,3640,2.2
Lenovo,Gaming,AMD,8,3.4,AMD,AMD Radeon,16,1024.0,15.6,2708,6852,5194,3794,1.37
MSI,Professional,Intel,6,4.3,AMD,AMD Radeon,16,512.0,13.3,2565,1328,1823,1406,1.3
Lenovo,Professional,Intel,8,3.7,AMD,AMD Radeon,16,1024.0,15.6,2921,3004,2971,2420,1.23
Lenovo,Professional,AMD,12,3.0,AMD,AMD Radeon,16,512.0,15.6,3552,3783,3691,1445,2.55
Dell,Gaming,AMD,12,4.9,NVIDIA,NVIDIA GeForce,16,1024.0,16.0,5923,6867,6490,2132,3.04
ASUS,Student,Intel,6,3.2,AMD,AMD Radeon,8,256.0,13.3,1940,615,1145,581,1.97
HP,Gaming,AMD,12,3.8,AMD,AMD Radeon,16,1024.0,15.6,4527,14951,10781,3255,3.31
Dell,Professional,Intel,12,3.2,NVIDIA,NVIDIA GeForce,32,1024.0,13.3,3781,1055,2145,1333,1.61
HP,Student,Intel,4,3.0,AMD,AMD Radeon,8,512.0,14.0,1186,1334,1275,506,2.52
HP,Basic,Intel,2,2.8,Intel,Intel Iris Xe,4,256.0,14.0,558,617,594,318,1.87
Dell,Student,Intel,6,2.2,AMD,AMD Radeon,16,512.0,15.6,1339,1130,1214,814,1.49
MSI,Professional,Intel,8,2.6,NVIDIA,NVIDIA RTX,16,512.0,13.3,2053,2219,2152,1875,1.15
HP,Student,Intel,6,2.0,Intel,Intel UHD,8,512.0,14.0,1220,821,981,495,1.98
ASUS,Basic,AMD,2,1.8,Intel,Intel UHD,4,256.0,15.6,360,790,618,373,1.66
Acer,Gaming,Intel,16,4.1,NVIDIA,NVIDIA RTX,32,2048.0,15.6,6609,5600,6003,2415,2.49
Dell,Gaming,Intel,12,3.2,NVIDIA,NVIDIA GeForce,32,1024.0,17.3,3861,14723,10378,2907,3.57
Dell,Basic,AMD,2,1.7,AMD,AMD Radeon,4,128.0,15.6,341,489,430,538,0.8
Acer,Basic,Intel,2,1.9,AMD,AMD Radeon,4,128.0,16.0,375,728,587,356,1.65
HP,Student,Intel,6,3.4,Intel,Intel Iris Xe,8,256.0,17.3,2049,1153,1512,712,2.12
Lenovo,Gaming,Intel,12,3.4,AMD,AMD Radeon,16,512.0,15.6,4088,7518,6146,3242,1.9
Dell,Professional,AMD,6,3.3,NVIDIA,NVIDIA RTX,16,1024.0,13.3,1981,2607,2357,1825,1.29
Apple,Gaming,Intel,12,3.3,AMD,AMD Radeon,16,512.0,15.6,3948,10971,8162,3067,2.66
Lenovo,Professional,Intel,12,3.0,NVIDIA,NVIDIA GeForce,16,512.0,15.6,3638,2369,2876,1618,1.78
HP,Student,Intel,4,2.9,AMD,AMD Radeon,8,256.0,13.3,1150,1440,1324,767,1.73
Acer,Professional,Intel,8,2.7,AMD,AMD Radeon,16,512.0,14.0,2186,1190,1588,2045,0.78
ASUS,Gaming,Intel,8,3.7,NVIDIA,NVIDIA RTX,32,1024.0,15.6,2983,5240,4337,2453,1.77
Dell,Professional,Intel,8,4.3,NVIDIA,NVIDIA RTX,16,1024.0,15.6,3407,2993,3159,2022,1.56
Acer,Gaming,AMD,8,4.6,NVIDIA,NVIDIA RTX,16,512.0,16.0,3644,5212,4585,2785,1.65
ASUS,Student,Intel,4,2.1,Intel,Intel UHD,8,256.0,17.3,830,1043,958,852,1.12
HP,Student,Intel,4,2.1,AMD,AMD Radeon,16,256.0,15.6,849,1362,1157,595,1.94
Dell,Student,AMD,6,3.3,Intel,Intel UHD,8,256.0,16.0,1989,943,1362,489,2.79
Dell,Professional,Intel,12,2.9,NVIDIA,NVIDIA RTX,32,1024.0,16.0,3469,2681,2996,1218,2.46
HP,Student,Intel,4,2.9,Intel,Intel Iris Xe,8,512.0,15.6,1178,546,799,503,1.59
Acer,Student,AMD,4,3.4,Intel,Intel UHD,8,256.0,15.6,1378,922,1104,503,2.19
Dell,Student,AMD,4,3.0,AMD,AMD Radeon,16,256.0,17.3,1187,1357,1289,877,1.47
ASUS,Gaming,Intel,16,5.1,NVIDIA,NVIDIA GeForce,32,512.0,15.6,8088,13092,11091,3807,2.91
ASUS,Gaming,Intel,8,3.9,NVIDIA,NVIDIA GeForce,32,512.0,14.0,3128,5443,4517,1098,4.11
Acer,Student,Intel,4,2.7,AMD,AMD Radeon,8,512.0,15.6,1068,1005,1030,877,1.17
Acer,Basic,Intel,4,2.6,AMD,AMD Radeon,4,128.0,14.0,1041,633,796,397,2.01
Lenovo,Student,Intel,6,2.9,Intel,Intel UHD,8,256.0,13.3,1735,989,1287,643,2.0
Acer,Student,Intel,4,2.4,AMD,AMD Radeon,8,256.0,17.3,967,1008,991,778,1.27
ASUS,Basic,Intel,2,2.7,AMD,AMD Radeon,8,128.0,13.3,531,473,496,403,1.23
ASUS,Student,Intel,4,2.2,Intel,Intel Iris Xe,8,256.0,14.0,883,874,877,527,1.66
Dell,Student,Intel,6,2.4,AMD,AMD Radeon,8,512.0,16.0,1421,1116,1238,548,2.26
Dell,Professional,Intel,6,3.6,NVIDIA,NVIDIA RTX,16,1024.0,14.0,2172,2084,2119,1429,1.48
Lenovo,Student,Intel,6,3.3,AMD,AMD Radeon,16,256.0,16.0,1999,975,1385,930,1.49
Razer,Student,Intel,6,2.5,Intel,Intel Iris Xe,8,256.0,16.0,1522,724,1043,396,2.63
HP,Student,AMD,4,2.5,AMD,AMD Radeon,16,256.0,17.3,1008,1475,1288,731,1.76
Lenovo,Gaming,AMD,12,4.6,NVIDIA,NVIDIA GeForce,16,512.0,14.0,5575,10189,8344,2855,2.92
ASUS,Basic,Intel,4,2.2,Intel,Intel Iris Xe,4,128.0,16.0,883,300,533,365,1.46
HP,Basic,Intel,4,1.7,AMD,AMD Radeon,4,256.0,15.6,687,486,566,360,1.57
Lenovo,Basic,AMD,2,2.5,AMD,AMD Radeon,4,128.0,14.0,501,453,472,471,1.0
Lenovo,Student,Intel,4,3.1,Intel,Intel Iris Xe,8,256.0,15.6,1259,1239,1247,459,2.72
HP,Student,AMD,6,2.5,AMD,AMD Radeon,8,512.0,16.0,1500,1190,1314,581,2.26
HP,Professional,AMD,8,3.4,NVIDIA,NVIDIA GeForce,16,1024.0,15.6,2718,2284,2457,1825,1.35
Dell,Student,AMD,6,2.7,AMD,AMD Radeon,8,512.0,14.0,1645,1240,1402,725,1.93
Dell,Gaming,Intel,16,3.1,AMD,AMD Radeon,16,1024.0,15.6,4929,5015,4980,3619,1.38
Acer,Student,Intel,4,2.8,AMD,AMD Radeon,8,256.0,15.6,1111,1187,1156,736,1.57
Lenovo,Student,Intel,4,2.9,AMD,AMD Radeon,16,512.0,15.6,1148,1274,1224,532,2.3
ASUS,Gaming,Intel,8,3.7,AMD,AMD Radeon,32,512.0,15.6,2923,12206,8493,3323,2.56
Lenovo,Student,AMD,4,3.0,Intel,Intel Iris Xe,8,256.0,15.6,1205,556,816,680,1.2
Acer,Basic,Intel,2,2.1,Intel,Intel UHD,4,128.0,16.0,415,491,461,278,1.66
Dell,Professional,AMD,6,4.4,NVIDIA,NVIDIA GeForce,32,1024.0,16.0,2612,1132,1724,1592,1.08
Apple,Student,Intel,6,2.8,AMD,AMD Radeon,8,512.0,13.3,1684,1345,1480,458,3.23
HP,Basic,AMD,4,1.7,Intel,Intel UHD,4,256.0,13.3,670,668,669,446,1.5
Acer,Basic,Intel,4,1.7,AMD,AMD Radeon,4,128.0,14.0,666,568,607,188,3.23
MSI,Gaming,AMD,12,4.1,NVIDIA,NVIDIA RTX,32,2048.0,15.6,4944,11502,8879,1348,6.59
Razer,Basic,Intel,4,2.6,Intel,Intel UHD,8,256.0,15.6,1042,738,860,305,2.82
Lenovo,Basic,Intel,4,2.0,Intel,Intel UHD,4,128.0,14.0,796,720,750,453,1.66
Acer,Student,AMD,6,3.4,AMD,AMD Radeon,8,256.0,15.6,2050,815,1309,761,1.72
MSI,Basic,Intel,2,2.6,Intel,Intel UHD,4,512.0,14.0,529,768,672,194,3.46
HP,Professional,Intel,6,4.2,AMD,AMD Radeon,16,1024.0,15.6,2530,1889,2145,2338,0.92
Apple,Student,Intel,4,3.4,AMD,AMD Radeon,8,256.0,14.0,1373,1308,1334,494,2.7
Acer,Basic,AMD,4,1.7,AMD,AMD Radeon,4,256.0,15.6,672,331,467,421,1.11
Dell,Basic,Intel,4,2.4,Intel,Intel Iris Xe,8,512.0,15.6,960,435,645,334,1.93
Razer,Gaming,Intel,8,4.7,NVIDIA,NVIDIA RTX,32,512.0,15.6,3747,13125,9374,2784,3.37
Dell,Basic,Intel,4,2.5,Intel,Intel UHD,4,256.0,15.6,990,344,602,411,1.46
Dell,Student,Intel,6,3.0,AMD,AMD Radeon,8,512.0,15.6,1822,1336,1530,799,1.91
Razer,Student,Intel,4,3.2,Intel,Intel Iris Xe,8,256.0,15.6,1291,1207,1241,774,1.6
Lenovo,Professional,AMD,8,4.1,NVIDIA,NVIDIA RTX,16,512.0,16.0,3246,1643,2284,1954,1.17
HP,Professional,Intel,8,4.4,AMD,AMD Radeon,16,512.0,15.6,3547,1155,2112,1335,1.58
MSI,Student,AMD,4,2.7,Intel,Intel UHD,8,512.0,13.3,1092,971,1019,657,1.55
Lenovo,Basic,Intel,4,2.0,Intel,Intel Iris Xe,4,256.0,15.6,797,453,590,315,1.87
ASUS,Professional,AMD,8,3.2,AMD,AMD Radeon,16,512.0,14.0,2549,1058,1654,2108,0.78
HP,Gaming,AMD,8,3.9,AMD,AMD Radeon,16,1024.0,15.6,3118,12982,9036,3422,2.64
HP,Student,Intel,6,3.0,AMD,AMD Radeon,8,512.0,17.3,1830,1207,1456,904,1.61
HP,Basic,Intel,2,2.1,Intel,Intel UHD,4,128.0,17.3,414,678,572,328,1.74
ASUS,Student,Intel,6,2.2,Intel,Intel Iris Xe,8,256.0,17.3,1317,1052,1158,535,2.16
HP,Basic,Intel,2,1.9,Intel,Intel UHD,4,128.0,14.0,378,351,362,164,2.21
ASUS,Gaming,Intel,12,4.6,NVIDIA,NVIDIA RTX,16,2048.0,16.0,5492,12022,9410,2012,4.68
Acer,Gaming,Intel,16,4.4,NVIDIA,NVIDIA RTX,16,1024.0,16.0,7107,11336,9644,3737,2.58
HP,Student,AMD,6,2.6,Intel,Intel UHD,8,256.0,16.0,1574,591,984,480,2.05
ASUS,Student,AMD,4,2.2,AMD,AMD Radeon,8,256.0,15.6,878,1424,1206,492,2.45
ASUS,Professional,AMD,6,2.7,AMD,AMD Radeon,16,512.0,16.0,1614,2596,2203,1097,2.01
Lenovo,Gaming,Intel,8,3.3,NVIDIA,NVIDIA GeForce,16,1024.0,15.6,2606,6893,5178,2040,2.54
Dell,Basic,Intel,4,2.7,AMD,AMD Radeon,4,128.0,17.3,1097,603,800,528,1.52
Lenovo,Student,Intel,6,2.1,AMD,AMD Radeon,8,256.0,15.6,1246,838,1001,453,2.21
ASUS,Professional,AMD,8,3.4,NVIDIA,NVIDIA RTX,16,1024.0,14.0,2739,2961,2872,2004,1.43
HP,Student,Intel,4,3.1,Intel,Intel UHD,16,512.0,15.6,1226,1111,1157,398,2.91
HP,Basic,AMD,4,1.6,AMD,AMD Radeon,4,128.0,14.0,655,335,463,344,1.35
Lenovo,Gaming,Intel,8,4.3,AMD,AMD Radeon,16,2048.0,16.0,3469,11913,8535,2031,4.2
Lenovo,Student,Intel,6,2.5,Intel,Intel Iris Xe,8,256.0,16.0,1521,535,929,499,1.86
ASUS,Gaming,Intel,12,5.0,AMD,AMD Radeon,16,1024.0,15.6,6007,9112,7870,1663,4.73
Acer,Professional,Intel,6,3.6,NVIDIA,NVIDIA GeForce,16,1024.0,14.0,2169,3016,2677,2384,1.12
Razer,Student,Intel,4,2.3,AMD,AMD Radeon,8,512.0,14.0,915,1293,1142,648,1.76
ASUS,Student,AMD,4,2.9,Intel,Intel UHD,8,256.0,15.6,1157,520,775,750,1.03
Apple,Basic,Intel,2,2.8,Intel,Intel Iris Xe,4,128.0,16.0,554,758,677,235,2.88
Lenovo,Student,AMD,6,2.4,AMD,AMD Radeon,16,512.0,15.6,1419,1063,1206,702,1.72
Lenovo,Gaming,AMD,16,4.0,NVIDIA,NVIDIA RTX,32,512.0,14.0,6366,7802,7228,1044,6.92
Acer,Student,AMD,4,2.4,AMD,AMD Radeon,8,256.0,15.6,957,1220,1115,787,1.42
ASUS,Basic,AMD,2,2.3,AMD,AMD Radeon,8,256.0,14.0,458,449,452,544,0.83
Dell,Professional,AMD,6,3.0,AMD,AMD Radeon,16,512.0,13.3,1816,3197,2645,1919,1.38
HP,Professional,Intel,8,3.9,NVIDIA,NVIDIA GeForce,16,1024.0,17.3,3084,3622,3407,1323,2.58
HP,Basic,Intel,4,2.5,AMD,AMD Radeon,8,512.0,15.6,1007,663,801,210,3.81
Lenovo,Professional,Intel,6,3.5,NVIDIA,NVIDIA RTX,16,1024.0,15.6,2080,2263,2190,1561,1.4
Lenovo,Student,Intel,6,2.6,Intel,Intel UHD,8,256.0,13.3,1550,1485,1511,851,1.78
Lenovo,Gaming,Intel,8,5.2,NVIDIA,NVIDIA RTX,32,512.0,13.3,4180,13310,9658,2626,3.68
MSI,Student,Intel,4,2.9,Intel,Intel UHD,16,512.0,17.3,1167,1233,1207,587,2.06
Dell,Student,Intel,4,2.4,Intel,Intel UHD,16,512.0,14.0,968,731,826,482,1.71
Lenovo,Professional,Intel,8,3.4,NVIDIA,NVIDIA RTX,32,512.0,15.6,2708,2960,2860,1925,1.49
Dell,Basic,AMD,2,1.8,AMD,AMD Radeon,4,256.0,15.6,351,594,497,357,1.39
Dell,Professional,Intel,8,2.6,NVIDIA,NVIDIA RTX,32,512.0,15.6,2096,1946,2006,1045,1.92
ASUS,Professional,Intel,6,2.6,NVIDIA,NVIDIA RTX,16,512.0,14.0,1585,3994,3030,1552,1.95
Dell,Professional,Intel,8,3.3,AMD,AMD Radeon,16,512.0,17.3,2663,1627,2041,1062,1.92
Dell,Student,Intel,4,2.3,AMD,AMD Radeon,8,512.0,16.0,914,528,682,840,0.81
ASUS,Professional,Intel,6,4.2,NVIDIA,NVIDIA RTX,16,1024.0,13.3,2549,1529,1937,1875,1.03
Acer,Student,AMD,6,2.8,AMD,AMD Radeon,8,256.0,14.0,1674,1382,1499,545,2.75
MSI,Basic,Intel,4,2.5,AMD,AMD Radeon,8,256.0,16.0,1001,411,647,440,1.47
Dell,Student,Intel,6,2.2,Intel,Intel Iris Xe,16,256.0,17.3,1299,1076,1165,468,2.49
Dell,Basic,Intel,2,2.6,Intel,Intel UHD,4,128.0,14.0,522,513,516,333,1.55
ASUS,Student,Intel,4,2.7,Intel,Intel UHD,8,512.0,15.6,1098,967,1019,782,1.3
ASUS,Student,AMD,4,2.7,AMD,AMD Radeon,16,256.0,14.0,1075,1069,1071,889,1.2
ASUS,Student,AMD,6,3.0,Intel,Intel UHD,16,512.0,14.0,1821,802,1209,640,1.89
Dell,Gaming,Intel,8,5.3,NVIDIA,NVIDIA RTX,32,1024.0,16.0,4249,11801,8780,3668,2.39
ASUS,Student,Intel,6,3.5,Intel,Intel UHD,16,256.0,15.6,2078,922,1384,449,3.08
HP,Gaming,Intel,8,3.4,NVIDIA,NVIDIA RTX,32,1024.0,15.6,2735,6221,4827,1371,3.52
Lenovo,Gaming,AMD,8,3.3,NVIDIA,NVIDIA RTX,16,1024.0,16.0,2613,10622,7419,1597,4.65
Dell,Basic,AMD,2,2.3,Intel,Intel UHD,4,128.0,15.6,462,459,460,283,1.63
Dell,Basic,Intel,2,1.6,Intel,Intel UHD,4,128.0,13.3,324,505,432,198,2.18
Dell,Gaming,Intel,12,5.4,AMD,AMD Radeon,32,512.0,15.6,6457,7792,7258,3345,2.17
ASUS,Professional,Intel,6,3.9,NVIDIA,NVIDIA RTX,16,512.0,15.6,2313,3691,3140,1826,1.72
HP,Student,Intel,6,3.1,Intel,Intel UHD,16,256.0,16.0,1856,1469,1624,809,2.01
HP,Professional,Intel,12,2.9,NVIDIA,NVIDIA GeForce,16,1024.0,14.0,3438,2973,3159,1671,1.89
HP,Student,Intel,6,3.3,Intel,Intel Iris Xe,8,512.0,15.6,2006,1015,1411,402,3.51
MSI,Basic,AMD,2,1.8,AMD,AMD Radeon,4,128.0,16.0,353,215,270,393,0.69
Dell,Basic,Intel,2,2.6,Intel,Intel UHD,8,128.0,16.0,524,770,672,297,2.26
HP,Student,AMD,4,3.1,AMD,AMD Radeon,16,512.0,16.0,1247,1144,1185,525,2.26
Dell,Professional,Intel,6,4.4,NVIDIA,NVIDIA RTX,32,512.0,15.6,2634,2843,2760,803,3.44
Dell,Professional,Intel,8,3.8,AMD,AMD Radeon,32,512.0,17.3,3038,3482,3304,1467,2.25
Dell,Student,Intel,6,2.9,Intel,Intel Iris Xe,8,512.0,13.3,1712,932,1244,639,1.95
HP,Gaming,Intel,8,4.7,NVIDIA,NVIDIA RTX,16,2048.0,15.6,3750,6848,5608,2243,2.5
ASUS,Professional,Intel,8,3.5,NVIDIA,NVIDIA RTX,16,1024.0,14.0,2772,1137,1791,2458,0.73
Dell,Professional,AMD,8,4.3,AMD,AMD Radeon,16,512.0,15.6,3455,3527,3498,1004,3.48
Dell,Gaming,Intel,8,5.2,AMD,AMD Radeon,16,1024.0,15.6,4151,7210,5986,2240,2.67
Lenovo,Gaming,AMD,16,5.2,NVIDIA,NVIDIA GeForce,16,512.0,14.0,8348,7969,8120,1474,5.51
Razer,Gaming,Intel,12,3.2,AMD,AMD Radeon,16,1024.0,17.3,3816,5581,4875,1115,4.37
Lenovo,Basic,Intel,4,1.7,AMD,AMD Radeon,8,256.0,16.0,684,345,481,330,1.46
HP,Student,Intel,6,3.2,AMD,AMD Radeon,8,512.0,15.6,1932,1396,1610,809,1.99
Lenovo,Gaming,AMD,8,4.2,AMD,AMD Radeon,32,1024.0,15.6,3393,6580,5306,2328,2.28
HP,Student,Intel,6,3.2,Intel,Intel UHD,8,256.0,13.3,1903,1469,1642,776,2.12
ASUS,Professional,AMD,8,4.0,NVIDIA,NVIDIA RTX,32,1024.0,16.0,3172,1573,2212,836,2.65
HP,Student,Intel,4,3.3,AMD,AMD Radeon,8,512.0,17.3,1329,777,998,377,2.65
HP,Gaming,AMD,16,3.3,NVIDIA,NVIDIA RTX,32,512.0,13.3,5221,5466,5368,3860,1.39
Lenovo,Professional,Intel,12,3.2,AMD,AMD Radeon,16,512.0,16.0,3817,3056,3360,1938,1.73
Lenovo,Student,Intel,6,3.1,Intel,Intel UHD,8,512.0,14.0,1857,1352,1554,910,1.71
Acer,Gaming,Intel,12,4.9,AMD,AMD Radeon,16,1024.0,14.0,5848,10206,8463,1363,6.21
Dell,Basic,AMD,4,2.3,AMD,AMD Radeon,8,256.0,15.6,916,252,518,289,1.79
Apple,Basic,Intel,2,2.4,AMD,AMD Radeon,4,256.0,15.6,474,452,461,150,3.07
Lenovo,Student,AMD,4,2.7,AMD,AMD Radeon,8,512.0,15.6,1098,1436,1301,527,2.47
HP,Student,Intel,6,2.1,AMD,AMD Radeon,8,256.0,14.0,1237,947,1063,335,3.17
MSI,Professional,AMD,12,4.1,AMD,AMD Radeon,16,512.0,15.6,4947,2218,3310,1614,2.05
HP,Basic,Intel,4,2.3,Intel,Intel UHD,4,128.0,14.0,900,285,531,323,1.64
Acer,Professional,AMD,8,3.9,AMD,AMD Radeon,32,1024.0,14.0,3107,3753,3495,2271,1.54
Dell,Student,Intel,4,2.4,Intel,Intel UHD,16,512.0,15.6,968,720,819,436,1.88
Acer,Professional,AMD,8,3.6,NVIDIA,NVIDIA RTX,32,512.0,17.3,2900,2778,2827,1657,1.71
Acer,Basic,AMD,2,2.6,Intel,Intel Iris Xe,4,512.0,16.0,525,788,683,314,2.18
ASUS,Student,AMD,6,3.1,AMD,AMD Radeon,8,256.0,15.6,1854,957,1316,751,1.75
ASUS,Student,AMD,6,3.4,Intel,Intel UHD,16,256.0,15.6,2060,820,1316,515,2.56
Apple,Professional,AMD,12,3.4,AMD,AMD Radeon,32,512.0,16.0,4130,1010,2258,1390,1.62
Lenovo,Student,Intel,6,2.2,Intel,Intel UHD,8,512.0,17.3,1346,1314,1327,573,2.32
HP,Student,Intel,4,2.2,AMD,AMD Radeon,8,512.0,15.6,873,677,755,538,1.4
Lenovo,Basic,Intel,2,2.2,Intel,Intel UHD,8,256.0,13.3,432,478,460,150,3.07
HP,Basic,AMD,4,2.0,AMD,AMD Radeon,8,128.0,14.0,817,295,504,395,1.28
Dell,Professional,Intel,8,4.0,NVIDIA,NVIDIA RTX,32,512.0,15.6,3236,3841,3599,2337,1.54
HP,Professional,Intel,6,4.0,AMD,AMD Radeon,16,512.0,15.6,2422,1657,1963,2360,0.83
ASUS,Basic,AMD,4,2.7,AMD,AMD Radeon,4,128.0,17.3,1100,236,581,327,1.78
Dell,Gaming,AMD,8,4.6,AMD,AMD Radeon,32,1024.0,13.3,3652,9359,7077,2403,2.95
ASUS,Professional,Intel,6,4.2,NVIDIA,NVIDIA RTX,32,512.0,14.0,2498,1401,1840,1879,0.98
Dell,Student,AMD,6,3.0,AMD,AMD Radeon,16,512.0,14.0,1811,828,1221,517,2.36
Dell,Student,AMD,6,3.2,AMD,AMD Radeon,8,256.0,15.6,1921,754,1220,838,1.46
Dell,Gaming,Intel,12,5.4,NVIDIA,NVIDIA GeForce,32,1024.0,15.6,6513,10763,9063,2424,3.74
Lenovo,Student,AMD,6,3.2,Intel,Intel Iris Xe,8,512.0,15.6,1925,736,1212,445,2.72
ASUS,Professional,Intel,8,2.8,NVIDIA,NVIDIA RTX,32,1024.0,15.6,2228,2245,2238,824,2.72
Dell,Gaming,Intel,12,4.4,NVIDIA,NVIDIA RTX,32,1024.0,15.6,5220,10402,8329,1153,7.22
Dell,Professional,AMD,8,2.6,NVIDIA,NVIDIA GeForce,16,1024.0,15.6,2113,1931,2004,911,2.2
ASUS,Student,Intel,6,2.2,Intel,Intel Iris Xe,8,256.0,17.3,1298,969,1101,765,1.44
Lenovo,Student,Intel,6,2.2,Intel,Intel UHD,8,256.0,13.3,1342,1283,1307,564,2.32
HP,Student,Intel,4,2.1,Intel,Intel UHD,16,512.0,16.0,853,1042,967,696,1.39
ASUS,Student,Intel,4,3.4,Intel,Intel Iris Xe,8,256.0,15.6,1374,563,887,438,2.03
Acer,Basic,Intel,4,2.7,Intel,Intel UHD,8,256.0,15.6,1076,485,721,315,2.29
Acer,Professional,AMD,12,4.4,AMD,AMD Radeon,32,512.0,15.6,5295,2334,3518,2076,1.69
Lenovo,Student,AMD,6,2.0,Intel,Intel Iris Xe,8,512.0,14.0,1208,1018,1094,627,1.74
Dell,Professional,Intel,8,3.8,NVIDIA,NVIDIA RTX,32,1024.0,14.0,3005,2667,2802,1872,1.5
ASUS,Gaming,Intel,16,4.7,AMD,AMD Radeon,32,1024.0,15.6,7484,5564,6332,2676,2.37
HP,Student,Intel,6,3.0,Intel,Intel Iris Xe,16,256.0,15.6,1808,540,1047,888,1.18
Dell,Student,AMD,6,2.7,AMD,AMD Radeon,8,256.0,14.0,1610,1024,1259,759,1.66
Lenovo,Gaming,Intel,12,4.0,NVIDIA,NVIDIA GeForce,16,2048.0,14.0,4761,5593,5260,3943,1.33
Lenovo,Gaming,AMD,8,4.0,NVIDIA,NVIDIA RTX,16,512.0,15.6,3201,8221,6213,3009,2.06
HP,Professional,AMD,6,3.1,NVIDIA,NVIDIA GeForce,16,512.0,13.3,1852,3358,2756,1407,1.96
Lenovo,Professional,Intel,6,3.0,AMD,AMD Radeon,32,1024.0,15.6,1784,2604,2276,912,2.5
Dell,Student,AMD,4,2.6,AMD,AMD Radeon,8,512.0,16.0,1027,1017,1021,797,1.28
Lenovo,Professional,AMD,6,2.6,AMD,AMD Radeon,16,512.0,14.0,1551,2261,1977,1414,1.4
HP,Professional,Intel,8,3.1,AMD,AMD Radeon,16,1024.0,15.6,2507,2650,2593,2023,1.28
Dell,Gaming,Intel,8,4.7,NVIDIA,NVIDIA RTX,16,2048.0,15.6,3798,14505,10223,3141,3.25
HP,Gaming,Intel,12,3.3,NVIDIA,NVIDIA GeForce,16,512.0,15.6,3908,9439,7227,1156,6.25
ASUS,Basic,Intel,4,2.5,Intel,Intel UHD,4,256.0,13.3,980,733,832,280,2.97
Acer,Student,Intel,4,2.3,AMD,AMD Radeon,16,256.0,15.6,934,1053,1005,519,1.94
ASUS,Basic,Intel,2,2.6,Intel,Intel UHD,8,256.0,15.6,516,371,429,275,1.56
HP,Student,AMD,6,2.0,AMD,AMD Radeon,16,512.0,15.6,1213,1075,1130,748,1.51
Apple,Basic,Intel,2,2.1,Intel,Intel UHD,4,256.0,15.6,419,408,412,406,1.01
HP,Gaming,Intel,12,5.3,AMD,AMD Radeon,16,2048.0,15.6,6326,6498,6429,2861,2.25
Lenovo,Gaming,AMD,12,4.9,AMD,AMD Radeon,16,2048.0,13.3,5906,12872,10086,2849,3.54
MSI,Student,Intel,6,2.4,AMD,AMD Radeon,16,512.0,16.0,1447,1370,1401,648,2.16
Acer,Professional,Intel,6,4.4,AMD,AMD Radeon,32,1024.0,13.3,2612,2402,2486,1352,1.84
Apple,Basic,Intel,2,2.3,Intel,Intel Iris Xe,4,128.0,15.6,454,445,449,183,2.45
ASUS,Student,AMD,4,3.2,Intel,Intel UHD,8,256.0,15.6,1300,1491,1414,597,2.37
ASUS,Student,Intel,4,2.6,Intel,Intel UHD,8,256.0,13.3,1034,679,821,843,0.97
HP,Basic,Intel,2,2.0,AMD,AMD Radeon,4,128.0,17.3,398,213,287,401,0.72
Acer,Student,AMD,6,3.4,AMD,AMD Radeon,8,512.0,15.6,2049,1174,1524,386,3.95
HP,Gaming,Intel,16,3.2,NVIDIA,NVIDIA GeForce,16,1024.0,15.6,5194,7524,6592,1202,5.48
HP,Professional,Intel,12,3.8,NVIDIA,NVIDIA GeForce,32,1024.0,16.0,4591,1374,2661,1684,1.58
Acer,Professional,Intel,8,3.7,AMD,AMD Radeon,16,1024.0,15.6,2966,1061,1823,1547,1.18
Lenovo,Professional,Intel,12,4.4,NVIDIA,NVIDIA RTX,32,512.0,15.6,5301,1431,2979,1784,1.67
Dell,Student,Intel,4,3.0,AMD,AMD Radeon,8,256.0,15.6,1194,567,818,718,1.14
ASUS,Basic,Intel,4,1.9,AMD,AMD Radeon,8,256.0,15.6,760,564,642,165,3.89
Acer,Basic,AMD,2,1.6,AMD,AMD Radeon,4,256.0,16.0,326,602,492,329,1.5
HP,Professional,Intel,8,3.1,AMD,AMD Radeon,16,1024.0,16.0,2469,2351,2398,1349,1.78
MSI,Basic,Intel,2,2.5,AMD,AMD Radeon,4,512.0,15.6,500,337,402,479,0.84
Dell,Student,AMD,4,2.6,AMD,AMD Radeon,16,512.0,13.3,1033,765,872,720,1.21
Apple,Student,Intel,6,3.0,AMD,AMD Radeon,16,512.0,17.3,1827,507,1035,651,1.59
ASUS,Professional,AMD,12,3.5,NVIDIA,NVIDIA RTX,16,512.0,15.6,4176,1426,2526,2007,1.26
HP,Professional,AMD,8,4.3,NVIDIA,NVIDIA RTX,16,1024.0,13.3,3409,3742,3609,1604,2.25
HP,Student,AMD,4,2.0,Intel,Intel UHD,16,512.0,14.0,802,1073,964,741,1.3
MSI,Basic,AMD,2,2.3,Intel,Intel Iris Xe,8,256.0,14.0,454,382,411,409,1.0
Dell,Student,Intel,4,2.8,AMD,AMD Radeon,8,256.0,14.0,1109,1259,1199,709,1.69
HP,Basic,Intel,4,2.0,AMD,AMD Radeon,8,128.0,14.0,790,615,685,474,1.45
Dell,Basic,AMD,2,2.4,AMD,AMD Radeon,4,256.0,15.6,471,290,362,515,0.7
ASUS,Gaming,Intel,16,4.8,NVIDIA,NVIDIA RTX,32,1024.0,15.6,7735,7981,7883,2678,2.94
Dell,Basic,Intel,2,2.1,AMD,AMD Radeon,4,128.0,15.6,416,393,402,210,1.91
Acer,Basic,AMD,2,1.9,Intel,Intel UHD,4,128.0,15.6,389,384,386,252,1.53
Apple,Student,AMD,4,3.4,AMD,AMD Radeon,8,256.0,16.0,1348,1020,1151,805,1.43
Dell,Basic,Intel,2,2.1,AMD,AMD Radeon,4,128.0,17.3,417,386,398,196,2.03
Dell,Basic,Intel,4,1.9,Intel,Intel Iris Xe,4,128.0,15.6,742,786,768,225,3.41
ASUS,Basic,Intel,2,2.1,Intel,Intel Iris Xe,8,128.0,13.3,411,482,454,342,1.33
Lenovo,Student,AMD,6,2.9,Intel,Intel Iris Xe,8,512.0,13.3,1755,957,1276,851,1.5
Apple,Student,Intel,4,2.5,Intel,Intel UHD,16,256.0,16.0,998,1475,1284,395,3.25
ASUS,Professional,AMD,8,3.3,NVIDIA,NVIDIA GeForce,16,1024.0,15.6,2673,1326,1865,1770,1.05
Dell,Basic,AMD,2,2.4,Intel,Intel UHD,8,128.0,16.0,474,612,557,234,2.38
Acer,Student,Intel,6,2.0,Intel,Intel UHD,16,256.0,15.6,1209,511,790,833,0.95
ASUS,Professional,AMD,12,3.9,NVIDIA,NVIDIA RTX,16,512.0,14.0,4664,3467,3946,1537,2.57
ASUS,Gaming,Intel,16,5.3,AMD,AMD Radeon,32,512.0,16.0,8405,9272,8926,3996,2.23
Lenovo,Student,AMD,4,2.9,AMD,AMD Radeon,16,256.0,17.3,1148,848,968,732,1.32
Dell,Student,Intel,6,3.2,Intel,Intel UHD,8,256.0,13.3,1893,1474,1642,720,2.28
MSI,Student,Intel,6,2.1,AMD,AMD Radeon,8,256.0,13.3,1267,793,983,521,1.89
ASUS,Basic,Intel,2,2.2,Intel,Intel Iris Xe,4,256.0,13.3,438,415,424,375,1.13
Acer,Basic,AMD,2,2.2,AMD,AMD Radeon,4,256.0,16.0,439,663,573,316,1.81
Acer,Professional,AMD,8,2.9,AMD,AMD Radeon,16,512.0,13.3,2297,2122,2192,1692,1.3
Dell,Student,AMD,6,2.7,Intel,Intel Iris Xe,8,256.0,16.0,1597,1008,1244,531,2.34
ASUS,Basic,Intel,4,2.5,Intel,Intel UHD,4,256.0,13.3,1005,774,866,192,4.51
Dell,Gaming,Intel,12,4.6,AMD,AMD Radeon,32,512.0,14.0,5523,9519,7920,1592,4.97
ASUS,Basic,Intel,2,2.3,AMD,AMD Radeon,4,256.0,16.0,457,287,355,380,0.93
Dell,Basic,Intel,2,2.1,Intel,Intel UHD,4,128.0,17.3,414,202,287,313,0.92
ASUS,Professional,Intel,12,4.0,AMD,AMD Radeon,32,512.0,14.0,4834,3041,3758,820,4.58
MSI,Gaming,Intel,12,4.8,AMD,AMD Radeon,32,2048.0,14.0,5706,7889,7016,1231,5.7
ASUS,Student,Intel,4,3.2,AMD,AMD Radeon,8,512.0,15.6,1296,1314,1307,499,2.62
Dell,Student,Intel,6,3.1,Intel,Intel UHD,8,512.0,15.6,1842,765,1196,394,3.04
HP,Student,AMD,6,2.1,AMD,AMD Radeon,16,512.0,13.3,1281,605,875,886,0.99
ASUS,Professional,Intel,8,3.1,AMD,AMD Radeon,32,512.0,14.0,2472,1650,1979,1645,1.2
Lenovo,Gaming,Intel,12,5.1,AMD,AMD Radeon,16,1024.0,13.3,6092,7533,6957,3367,2.07
Razer,Gaming,AMD,8,3.8,NVIDIA,NVIDIA RTX,16,1024.0,14.0,3044,9737,7060,2555,2.76
Dell,Gaming,AMD,16,5.0,AMD,AMD Radeon,32,2048.0,13.3,8044,5689,6631,3670,1.81
Lenovo,Basic,AMD,2,1.7,AMD,AMD Radeon,4,256.0,13.3,338,498,434,455,0.95
Lenovo,Student,Intel,4,3.1,AMD,AMD Radeon,8,512.0,15.6,1240,1347,1304,761,1.71
MSI,Gaming,AMD,16,4.4,AMD,AMD Radeon,16,2048.0,16.0,7118,8942,8212,3032,2.71
HP,Student,Intel,6,2.2,AMD,AMD Radeon,8,256.0,14.0,1295,515,827,766,1.08
Razer,Gaming,Intel,8,4.8,AMD,AMD Radeon,32,1024.0,15.6,3826,14898,10469,2912,3.6
Dell,Basic,Intel,2,2.5,Intel,Intel Iris Xe,8,256.0,15.6,492,565,536,451,1.19
Lenovo,Professional,Intel,8,4.4,NVIDIA,NVIDIA RTX,32,1024.0,13.3,3542,3761,3673,1615,2.27
Dell,Student,Intel,6,2.2,AMD,AMD Radeon,8,256.0,15.6,1304,651,912,916,1.0
Apple,Gaming,Intel,8,5.5,NVIDIA,NVIDIA RTX,32,512.0,15.6,4371,10079,7796,1766,4.41
ASUS,Gaming,AMD,12,3.1,AMD,AMD Radeon,16,1024.0,14.0,3758,13592,9658,3703,2.61
Lenovo,Student,AMD,4,2.9,Intel,Intel UHD,16,256.0,15.6,1141,996,1054,612,1.72
ASUS,Student,Intel,6,2.3,Intel,Intel Iris Xe,8,256.0,17.3,1384,624,928,780,1.19
Acer,Basic,Intel,4,1.7,Intel,Intel UHD,4,128.0,16.0,670,509,573,266,2.15
Lenovo,Gaming,Intel,8,5.2,NVIDIA,NVIDIA GeForce,16,2048.0,16.0,4155,14542,10387,3833,2.71
Acer,Student,Intel,4,2.8,Intel,Intel UHD,16,512.0,15.6,1101,1341,1245,597,2.09
Acer,Basic,Intel,2,2.2,Intel,Intel Iris Xe,4,256.0,15.6,449,487,471,212,2.22
Acer,Student,Intel,6,2.1,AMD,AMD Radeon,8,512.0,17.3,1246,945,1065,443,2.4
HP,Basic,AMD,4,1.8,Intel,Intel Iris Xe,4,128.0,13.3,723,792,764,452,1.69
Lenovo,Basic,Intel,4,2.5,AMD,AMD Radeon,4,256.0,14.0,1000,516,710,461,1.54
HP,Professional,AMD,8,3.7,AMD,AMD Radeon,32,512.0,14.0,2998,3763,3457,2261,1.53
Dell,Student,Intel,6,2.4,AMD,AMD Radeon,16,512.0,16.0,1460,1275,1349,707,1.91
Lenovo,Professional,Intel,8,2.7,NVIDIA,NVIDIA GeForce,32,512.0,13.3,2135,3328,2851,827,3.45
HP,Student,AMD,4,3.1,AMD,AMD Radeon,8,256.0,15.6,1234,562,831,621,1.34
MSI,Professional,AMD,12,2.6,NVIDIA,NVIDIA GeForce,16,512.0,15.6,3098,1573,2183,1244,1.75
Lenovo,Student,Intel,4,2.6,AMD,AMD Radeon,8,512.0,17.3,1027,580,759,504,1.51
Dell,Gaming,Intel,16,5.0,NVIDIA,NVIDIA RTX,16,1024.0,15.6,7956,6371,7005,2635,2.66
Lenovo,Basic,AMD,2,2.7,AMD,AMD Radeon,4,128.0,13.3,542,233,357,308,1.16
HP,Student,Intel,6,2.1,Intel,Intel Iris Xe,16,256.0,15.6,1260,919,1055,824,1.28
Dell,Gaming,AMD,12,4.2,NVIDIA,NVIDIA RTX,32,512.0,15.6,4998,13839,10303,2568,4.01
ASUS,Gaming,Intel,12,4.9,NVIDIA,NVIDIA GeForce,32,512.0,15.6,5833,7167,6633,3504,1.89
Dell,Professional,Intel,8,3.1,AMD,AMD Radeon,16,1024.0,16.0,2463,1941,2150,1148,1.87
HP,Professional,Intel,8,3.3,AMD,AMD Radeon,32,1024.0,14.0,2643,3308,3042,1462,2.08
Dell,Student,Intel,4,2.8,Intel,Intel UHD,8,256.0,14.0,1136,1395,1292,504,2.56
ASUS,Student,AMD,4,3.3,AMD,AMD Radeon,8,256.0,15.6,1315,1499,1425,642,2.22
HP,Gaming,AMD,8,5.3,AMD,AMD Radeon,32,1024.0,17.3,4229,9901,7632,1051,7.26
HP,Student,AMD,4,3.4,Intel,Intel Iris Xe,8,512.0,16.0,1352,1357,1355,802,1.69
Dell,Student,Intel,6,2.0,Intel,Intel UHD,16,256.0,13.3,1212,1372,1308,519,2.52
Acer,Basic,AMD,4,1.7,Intel,Intel UHD,4,256.0,15.6,692,504,579,442,1.31
ASUS,Professional,AMD,8,4.0,NVIDIA,NVIDIA RTX,16,512.0,14.0,3222,2663,2887,2222,1.3
HP,Professional,Intel,8,3.6,NVIDIA,NVIDIA RTX,32,1024.0,16.0,2877,3329,3148,1149,2.74
ASUS,Gaming,AMD,12,4.9,AMD,AMD Radeon,16,512.0,15.6,5890,7143,6642,4007,1.66
Lenovo,Basic,Intel,2,2.4,Intel,Intel Iris Xe,4,512.0,15.6,485,423,448,380,1.18
HP,Gaming,AMD,8,3.9,NVIDIA,NVIDIA GeForce,16,2048.0,15.6,3116,13007,9051,1747,5.18
Dell,Basic,AMD,2,2.8,Intel,Intel UHD,8,256.0,15.6,554,337,424,158,2.68
Dell,Gaming,Intel,8,3.1,AMD,AMD Radeon,16,512.0,14.0,2506,7823,5696,3014,1.89
Acer,Professional,Intel,8,3.7,NVIDIA,NVIDIA RTX,16,1024.0,15.6,2930,2767,2832,790,3.58
ASUS,Student,Intel,6,2.4,Intel,Intel Iris Xe,16,512.0,15.6,1441,1341,1381,645,2.14
HP,Gaming,AMD,12,4.7,NVIDIA,NVIDIA RTX,16,2048.0,17.3,5668,7156,6561,2826,2.32
Lenovo,Professional,Intel,12,3.6,NVIDIA,NVIDIA RTX,16,1024.0,15.6,4373,3042,3575,1534,2.33
Razer,Gaming,AMD,8,5.2,NVIDIA,NVIDIA GeForce,16,512.0,17.3,4170,7971,6451,2692,2.4
Acer,Basic,Intel,4,2.1,Intel,Intel Iris Xe,4,128.0,16.0,837,469,616,433,1.42
Lenovo,Gaming,AMD,12,4.9,AMD,AMD Radeon,16,1024.0,15.6,5874,5069,5391,2289,2.36
Razer,Gaming,AMD,16,4.8,AMD,AMD Radeon,32,2048.0,15.6,7661,11234,9805,3695,2.65
Dell,Professional,Intel,8,2.6,NVIDIA,NVIDIA RTX,32,512.0,15.6,2080,3492,2927,1325,2.21
Lenovo,Basic,Intel,4,2.5,AMD,AMD Radeon,8,256.0,15.6,1007,516,712,261,2.73
Dell,Professional,Intel,6,4.3,NVIDIA,NVIDIA RTX,16,512.0,17.3,2551,1929,2178,1329,1.64
Apple,Professional,AMD,6,4.3,NVIDIA,NVIDIA RTX,32,1024.0,13.3,2555,2717,2652,1934,1.37
Lenovo,Basic,AMD,4,2.2,AMD,AMD Radeon,4,128.0,14.0,885,670,756,502,1.51
Dell,Basic,Intel,2,1.8,Intel,Intel Iris Xe,4,256.0,16.0,355,644,529,288,1.84
HP,Student,Intel,6,2.4,Intel,Intel UHD,8,256.0,13.3,1423,873,1093,818,1.34
MSI,Professional,Intel,12,3.1,AMD,AMD Radeon,16,1024.0,13.3,3760,1040,2128,1129,1.88
Lenovo,Professional,Intel,6,2.9,NVIDIA,NVIDIA RTX,16,1024.0,16.0,1753,1395,1538,925,1.66
HP,Student,Intel,4,2.8,AMD,AMD Radeon,8,256.0,16.0,1139,1488,1348,810,1.66
Dell,Student,Intel,6,3.3,Intel,Intel UHD,8,256.0,14.0,1962,1048,1414,654,2.16
Lenovo,Basic,AMD,4,2.8,Intel,Intel Iris Xe,8,128.0,16.0,1107,298,621,204,3.04
Dell,Professional,Intel,12,4.0,NVIDIA,NVIDIA RTX,16,512.0,17.3,4853,3091,3796,1323,2.87
HP,Basic,Intel,4,1.8,AMD,AMD Radeon,4,256.0,14.0,719,505,590,409,1.44
HP,Basic,Intel,2,1.8,AMD,AMD Radeon,4,128.0,15.6,355,366,362,394,0.92
HP,Basic,Intel,4,1.7,Intel,Intel UHD,8,256.0,14.0,668,596,625,412,1.52
Lenovo,Basic,Intel,2,2.4,Intel,Intel UHD,4,128.0,16.0,489,220,328,322,1.02
ASUS,Professional,Intel,8,4.5,AMD,AMD Radeon,16,512.0,16.0,3583,2515,2942,1202,2.45
Dell,Student,Intel,6,3.1,AMD,AMD Radeon,8,256.0,16.0,1881,894,1289,548,2.35
HP,Basic,AMD,2,2.7,AMD,AMD Radeon,4,256.0,15.6,547,468,499,252,1.98
HP,Basic,AMD,2,2.7,Intel,Intel UHD,4,128.0,17.3,536,768,675,344,1.96
Lenovo,Gaming,Intel,12,4.6,NVIDIA,NVIDIA RTX,32,512.0,16.0,5481,6126,5868,1086,5.4
Lenovo,Professional,AMD,8,3.0,AMD,AMD Radeon,16,512.0,13.3,2425,1589,1923,835,2.3
Apple,Gaming,AMD,12,4.3,AMD,AMD Radeon,16,512.0,15.6,5215,5037,5108,1744,2.93
Lenovo,Basic,AMD,2,2.3,Intel,Intel Iris Xe,8,512.0,14.0,457,384,413,365,1.13
Razer,Student,Intel,6,2.5,Intel,Intel Iris Xe,8,256.0,13.3,1484,516,903,597,1.51
Lenovo,Student,AMD,4,2.2,Intel,Intel Iris Xe,8,256.0,15.6,887,1369,1176,777,1.51
Acer,Gaming,Intel,12,5.4,AMD,AMD Radeon,16,512.0,15.6,6423,5515,5878,2722,2.16
ASUS,Student,Intel,6,2.9,Intel,Intel Iris Xe,16,512.0,15.6,1770,877,1234,774,1.59
ASUS,Professional,Intel,8,3.8,NVIDIA,NVIDIA RTX,32,512.0,15.6,3029,2499,2711,2112,1.28
Dell,Professional,Intel,6,4.2,NVIDIA,NVIDIA RTX,32,512.0,15.6,2503,2173,2305,1289,1.79
Lenovo,Gaming,AMD,8,5.2,AMD,AMD Radeon,32,1024.0,14.0,4184,9665,7473,1815,4.12
Lenovo,Student,AMD,4,3.2,Intel,Intel UHD,8,512.0,13.3,1300,1025,1135,814,1.39
ASUS,Student,Intel,4,3.1,Intel,Intel Iris Xe,8,512.0,15.6,1259,1005,1107,748,1.48
HP,Student,Intel,6,3.0,Intel,Intel Iris Xe,16,256.0,15.6,1773,1270,1471,606,2.43
HP,Gaming,AMD,8,3.8,AMD,AMD Radeon,32,512.0,15.6,3049,12663,8817,3639,2.42
ASUS,Basic,AMD,4,1.6,Intel,Intel UHD,4,256.0,15.6,656,293,438,404,1.08
Dell,Professional,Intel,8,4.2,NVIDIA,NVIDIA RTX,16,512.0,13.3,3348,1370,2161,1961,1.1
Dell,Gaming,Intel,12,4.5,AMD,AMD Radeon,16,1024.0,13.3,5351,5529,5458,1201,4.54
Lenovo,Basic,Intel,2,2.6,Intel,Intel Iris Xe,4,256.0,15.6,517,258,362,467,0.78
ASUS,Student,Intel,6,2.6,Intel,Intel UHD,8,256.0,15.6,1566,791,1101,406,2.71
Lenovo,Gaming,Intel,12,3.8,NVIDIA,NVIDIA RTX,32,2048.0,16.0,4584,5455,5107,2907,1.76
HP,Gaming,Intel,12,4.7,AMD,AMD Radeon,32,512.0,14.0,5592,7633,6816,2814,2.42
Dell,Professional,Intel,6,3.1,AMD,AMD Radeon,16,1024.0,15.6,1878,3094,2607,1810,1.44
Razer,Basic,Intel,4,2.1,AMD,AMD Radeon,4,256.0,14.0,828,598,690,279,2.47
Acer,Basic,Intel,4,2.0,Intel,Intel UHD,4,512.0,13.3,814,554,658,439,1.5
ASUS,Professional,Intel,6,3.4,AMD,AMD Radeon,32,1024.0,16.0,2025,3922,3163,928,3.41
Acer,Basic,Intel,4,1.9,AMD,AMD Radeon,4,128.0,15.6,760,651,695,290,2.4
Dell,Gaming,Intel,8,4.0,AMD,AMD Radeon,32,512.0,13.3,3165,9596,7024,3918,1.79
Acer,Student,Intel,4,2.9,AMD,AMD Radeon,8,512.0,15.6,1158,1127,1139,497,2.29
Acer,Gaming,Intel,12,4.0,NVIDIA,NVIDIA RTX,16,2048.0,14.0,4782,10387,8145,1239,6.57
ASUS,Student,Intel,4,2.1,AMD,AMD Radeon,16,512.0,15.6,842,1474,1221,476,2.57
Lenovo,Professional,AMD,8,4.2,AMD,AMD Radeon,16,512.0,15.6,3396,1397,2196,2350,0.93
Lenovo,Student,Intel,6,2.7,Intel,Intel UHD,8,512.0,15.6,1631,1238,1395,805,1.73
MSI,Gaming,AMD,8,5.3,AMD,AMD Radeon,16,512.0,15.6,4238,12592,9250,1832,5.05
ASUS,Professional,Intel,8,3.4,NVIDIA,NVIDIA RTX,16,512.0,15.6,2731,2107,2357,1925,1.22
Lenovo,Student,Intel,4,3.0,Intel,Intel UHD,16,256.0,17.3,1216,797,964,588,1.64
HP,Student,Intel,4,2.1,Intel,Intel UHD,16,512.0,16.0,828,754,784,660,1.19
Lenovo,Professional,Intel,12,2.8,NVIDIA,NVIDIA RTX,32,512.0,14.0,3353,3517,3451,1767,1.95
ASUS,Professional,Intel,6,3.8,NVIDIA,NVIDIA GeForce,16,512.0,17.3,2309,2903,2665,2177,1.22
ASUS,Professional,AMD,12,3.1,AMD,AMD Radeon,16,512.0,14.0,3707,2889,3217,1097,2.93
Lenovo,Professional,Intel,8,4.2,NVIDIA,NVIDIA GeForce,16,512.0,16.0,3322,2811,3015,1966,1.53
HP,Student,AMD,6,3.0,AMD,AMD Radeon,8,256.0,14.0,1791,1420,1569,608,2.58
Dell,Gaming,Intel,8,3.7,AMD,AMD Radeon,32,1024.0,15.6,2975,12801,8870,1875,4.73
Acer,Student,Intel,6,2.9,Intel,Intel UHD,8,512.0,13.3,1739,1456,1569,740,2.12
Lenovo,Professional,AMD,8,3.8,NVIDIA,NVIDIA RTX,16,1024.0,15.6,3017,2746,2854,2340,1.22
Apple,Professional,Intel,8,3.5,NVIDIA,NVIDIA RTX,16,1024.0,14.0,2809,3982,3513,1103,3.18
ASUS,Professional,AMD,12,3.6,AMD,AMD Radeon,16,512.0,15.6,4376,1895,2887,2221,1.3
Lenovo,Basic,Intel,2,2.1,AMD,AMD Radeon,4,128.0,16.0,417,733,607,150,4.05
ASUS,Student,Intel,6,3.2,AMD,AMD Radeon,8,512.0,15.6,1923,1310,1556,515,3.02
Dell,Student,Intel,6,2.2,Intel,Intel Iris Xe,16,512.0,15.6,1308,1208,1248,849,1.47
HP,Professional,Intel,12,4.1,NVIDIA,NVIDIA GeForce,16,512.0,14.0,4936,1092,2629,1027,2.56
MSI,Basic,Intel,2,2.4,Intel,Intel Iris Xe,4,256.0,17.3,475,246,337,591,0.57
Dell,Student,Intel,4,2.2,Intel,Intel Iris Xe,8,256.0,13.3,864,1033,965,705,1.37
Dell,Student,Intel,4,2.5,AMD,AMD Radeon,16,256.0,14.0,1014,1260,1161,745,1.56
Lenovo,Basic,Intel,2,2.4,AMD,AMD Radeon,4,256.0,14.0,475,403,432,295,1.46
Dell,Gaming,Intel,8,4.6,AMD,AMD Radeon,16,1024.0,15.6,3697,9691,7294,2042,3.57
MSI,Gaming,Intel,8,5.0,NVIDIA,NVIDIA GeForce,16,512.0,15.6,3989,12630,9174,1430,6.42
HP,Professional,AMD,12,3.4,AMD,AMD Radeon,32,1024.0,15.6,4035,3610,3780,787,4.8
ASUS,Basic,AMD,4,2.6,AMD,AMD Radeon,8,512.0,16.0,1020,494,704,381,1.85
Dell,Professional,Intel,6,3.9,AMD,AMD Radeon,32,1024.0,15.6,2354,1761,1998,1048,1.91
HP,Student,Intel,4,2.7,AMD,AMD Radeon,16,512.0,15.6,1076,1487,1323,751,1.76
HP,Basic,Intel,4,2.0,AMD,AMD Radeon,8,128.0,17.3,817,454,599,464,1.29
Acer,Basic,Intel,2,2.1,AMD,AMD Radeon,8,256.0,13.3,418,490,461,268,1.72
ASUS,Student,Intel,6,2.2,Intel,Intel Iris Xe,8,512.0,16.0,1290,593,872,469,1.86
Dell,Student,Intel,6,3.1,Intel,Intel UHD,8,256.0,14.0,1877,588,1103,708,1.56
ASUS,Student,Intel,6,3.5,Intel,Intel UHD,8,256.0,14.0,2072,763,1287,435,2.96
Apple,Professional,Intel,8,3.5,NVIDIA,NVIDIA GeForce,16,1024.0,15.6,2823,2417,2579,1011,2.55
HP,Professional,Intel,12,4.0,AMD,AMD Radeon,32,1024.0,13.3,4845,2567,3478,1849,1.88
Dell,Gaming,Intel,8,5.2,AMD,AMD Radeon,32,512.0,15.6,4172,9638,7452,3111,2.4
Lenovo,Student,Intel,6,2.8,Intel,Intel UHD,8,256.0,15.6,1685,881,1202,803,1.5
HP,Basic,Intel,2,1.9,Intel,Intel Iris Xe,4,256.0,13.3,375,566,489,427,1.15
Lenovo,Basic,Intel,2,2.8,AMD,AMD Radeon,8,128.0,16.0,557,207,347,256,1.36
Lenovo,Student,Intel,4,2.7,Intel,Intel Iris Xe,8,256.0,13.3,1096,781,907,710,1.28
Lenovo,Gaming,Intel,12,4.1,AMD,AMD Radeon,32,1024.0,15.6,4865,6085,5597,1475,3.79
Acer,Basic,Intel,4,1.8,AMD,AMD Radeon,4,128.0,17.3,713,720,717,345,2.08
Acer,Student,AMD,4,2.4,Intel,Intel UHD,8,512.0,17.3,958,1001,984,811,1.21
Lenovo,Gaming,Intel,8,5.0,NVIDIA,NVIDIA RTX,32,1024.0,14.0,4036,14868,10535,2685,3.92
Razer,Gaming,AMD,16,3.9,NVIDIA,NVIDIA RTX,16,1024.0,15.6,6266,5788,5979,2318,2.58
ASUS,Basic,Intel,2,1.8,AMD,AMD Radeon,4,256.0,14.0,352,377,367,166,2.21
Lenovo,Student,Intel,4,2.1,AMD,AMD Radeon,16,512.0,15.6,821,662,726,853,0.85
MSI,Professional,Intel,8,2.8,AMD,AMD Radeon,16,512.0,14.0,2277,2312,2298,1903,1.21
Lenovo,Gaming,Intel,8,4.7,NVIDIA,NVIDIA GeForce,16,512.0,17.3,3770,8867,6828,3675,1.86
Razer,Student,Intel,4,2.9,Intel,Intel UHD,16,512.0,14.0,1176,1081,1119,757,1.48
Acer,Student,Intel,4,2.9,AMD,AMD Radeon,16,256.0,15.6,1153,1024,1076,609,1.77
Dell,Student,Intel,6,3.0,AMD,AMD Radeon,16,256.0,13.3,1822,769,1190,597,1.99
Lenovo,Basic,Intel,2,1.8,Intel,Intel UHD,4,256.0,13.3,356,641,527,309,1.71
MSI,Basic,Intel,2,2.6,AMD,AMD Radeon,8,512.0,13.3,519,573,552,492,1.12
Lenovo,Gaming,Intel,12,5.0,AMD,AMD Radeon,32,512.0,16.0,5971,5204,5511,2754,2.0
ASUS,Gaming,Intel,8,3.6,NVIDIA,NVIDIA GeForce,16,1024.0,13.3,2906,13528,9279,1222,7.59
Lenovo,Gaming,Intel,8,5.3,AMD,AMD Radeon,16,1024.0,15.6,4228,7254,6044,1689,3.58
Razer,Student,AMD,4,2.7,AMD,AMD Radeon,8,256.0,16.0,1087,1313,1223,894,1.37
Lenovo,Basic,Intel,2,2.6,Intel,Intel Iris Xe,4,512.0,13.3,520,577,554,286,1.94
ASUS,Basic,Intel,4,2.6,AMD,AMD Radeon,4,128.0,15.6,1023,618,780,226,3.45
HP,Gaming,Intel,8,3.8,AMD,AMD Radeon,16,2048.0,16.0,3068,6956,5401,3927,1.38
Dell,Basic,Intel,2,2.2,Intel,Intel Iris Xe,4,256.0,14.0,447,448,448,358,1.25
Apple,Student,Intel,6,3.3,Intel,Intel Iris Xe,8,512.0,16.0,1964,939,1349,386,3.49
ASUS,Student,Intel,6,2.2,Intel,Intel Iris Xe,8,512.0,15.6,1325,974,1114,750,1.49
Lenovo,Basic,Intel,4,2.2,Intel,Intel UHD,4,256.0,15.6,877,447,619,525,1.18
Dell,Student,AMD,6,2.6,Intel,Intel Iris Xe,16,256.0,14.0,1581,570,975,818,1.19
Apple,Basic,AMD,2,1.7,Intel,Intel Iris Xe,4,256.0,14.0,337,266,294,410,0.72
Acer,Student,AMD,6,3.4,Intel,Intel UHD,8,256.0,14.0,2022,935,1370,632,2.17
ASUS,Professional,Intel,8,3.1,NVIDIA,NVIDIA GeForce,16,1024.0,17.3,2450,3687,3192,2111,1.51
Dell,Student,Intel,6,3.5,Intel,Intel Iris Xe,16,256.0,14.0,2098,1031,1458,531,2.75
Lenovo,Professional,AMD,6,3.3,AMD,AMD Radeon,16,512.0,15.6,1954,3542,2907,1300,2.24
Dell,Gaming,Intel,8,3.8,AMD,AMD Radeon,32,1024.0,15.6,3029,7941,5976,1255,4.76
Dell,Professional,AMD,8,3.1,NVIDIA,NVIDIA GeForce,32,512.0,13.3,2456,3772,3246,2303,1.41
Lenovo,Student,AMD,4,2.1,AMD,AMD Radeon,8,256.0,14.0,830,588,685,650,1.05
HP,Gaming,Intel,12,4.9,NVIDIA,NVIDIA GeForce,16,1024.0,14.0,5869,5883,5877,1586,3.71
Apple,Gaming,Intel,16,5.0,AMD,AMD Radeon,16,1024.0,15.6,8017,8556,8340,3397,2.46
Dell,Student,Intel,6,2.0,AMD,AMD Radeon,8,512.0,14.0,1212,1317,1275,560,2.28
Acer,Student,Intel,4,3.2,Intel,Intel UHD,8,256.0,16.0,1267,1139,1190,821,1.45
Lenovo,Gaming,Intel,8,4.0,NVIDIA,NVIDIA RTX,16,2048.0,17.3,3200,7678,5887,2915,2.02
ASUS,Student,AMD,6,2.7,Intel,Intel UHD,8,512.0,14.0,1599,542,965,716,1.35
Lenovo,Basic,Intel,4,2.1,Intel,Intel Iris Xe,8,512.0,17.3,832,564,671,290,2.31
Acer,Student,Intel,4,3.4,AMD,AMD Radeon,8,512.0,13.3,1341,1351,1347,725,1.86
Lenovo,Student,AMD,4,2.1,Intel,Intel Iris Xe,8,256.0,15.6,828,801,812,530,1.53
HP,Basic,Intel,2,2.8,Intel,Intel Iris Xe,8,512.0,14.0,551,756,674,376,1.79
Dell,Professional,AMD,6,3.2,NVIDIA,NVIDIA RTX,32,512.0,14.0,1913,1721,1798,1343,1.34
HP,Student,Intel,6,3.3,Intel,Intel UHD,8,256.0,14.0,1992,612,1164,598,1.95
Acer,Professional,Intel,8,3.7,NVIDIA,NVIDIA GeForce,32,1024.0,15.6,2963,3352,3196,2144,1.49
Acer,Basic,Intel,2,2.4,Intel,Intel Iris Xe,8,128.0,15.6,479,202,313,426,0.73
ASUS,Basic,AMD,2,2.0,Intel,Intel Iris Xe,8,256.0,14.0,398,204,282,309,0.91
ASUS,Professional,Intel,12,3.1,AMD,AMD Radeon,16,1024.0,15.6,3730,1158,2187,2269,0.96
Acer,Professional,Intel,8,2.7,NVIDIA,NVIDIA GeForce,16,512.0,15.6,2178,3862,3188,1679,1.9
Acer,Student,Intel,6,2.3,AMD,AMD Radeon,8,256.0,15.6,1366,1381,1375,540,2.55
Acer,Student,AMD,4,2.9,Intel,Intel Iris Xe,8,512.0,13.3,1175,675,875,435,2.01
Lenovo,Basic,Intel,2,2.1,Intel,Intel UHD,4,256.0,17.3,412,368,386,372,1.04
Dell,Student,Intel,4,3.2,Intel,Intel UHD,16,512.0,16.0,1264,1353,1317,470,2.8
MSI,Professional,AMD,6,3.8,NVIDIA,NVIDIA RTX,32,512.0,13.3,2290,2789,2589,1862,1.39
HP,Basic,Intel,4,2.8,AMD,AMD Radeon,4,128.0,17.3,1105,434,703,452,1.56
ASUS,Professional,Intel,8,4.2,NVIDIA,NVIDIA GeForce,32,512.0,13.3,3371,2042,2574,1883,1.37
Razer,Gaming,AMD,12,5.4,AMD,AMD Radeon,32,1024.0,13.3,6503,13474,10685,1935,5.52
ASUS,Gaming,Intel,12,3.4,AMD,AMD Radeon,16,512.0,13.3,4025,10505,7913,3081,2.57
Lenovo,Student,AMD,6,3.4,AMD,AMD Radeon,8,256.0,17.3,2041,528,1133,817,1.39
Razer,Professional,Intel,8,3.1,NVIDIA,NVIDIA RTX,32,1024.0,15.6,2473,2261,2346,1947,1.2
Lenovo,Gaming,AMD,8,5.2,NVIDIA,NVIDIA RTX,32,2048.0,14.0,4124,6347,5457,2110,2.59
HP,Gaming,Intel,16,5.4,NVIDIA,NVIDIA GeForce,16,1024.0,13.3,8603,12192,10757,1865,5.77
Dell,Student,Intel,6,3.5,Intel,Intel Iris Xe,8,512.0,14.0,2077,769,1292,924,1.4
HP,Professional,Intel,6,4.3,AMD,AMD Radeon,16,512.0,13.3,2587,1929,2192,1818,1.21
Acer,Professional,Intel,8,2.6,AMD,AMD Radeon,32,512.0,13.3,2094,1034,1458,1849,0.79
Dell,Professional,AMD,8,2.7,NVIDIA,NVIDIA GeForce,16,1024.0,13.3,2121,2469,2330,2195,1.06
Acer,Professional,Intel,8,4.4,NVIDIA,NVIDIA GeForce,16,1024.0,16.0,3505,1023,2016,1893,1.06
HP,Student,AMD,4,2.4,Intel,Intel Iris Xe,8,256.0,15.6,941,1047,1004,505,1.99
Dell,Student,Intel,4,2.7,AMD,AMD Radeon,16,512.0,15.6,1070,627,804,699,1.15
HP,Gaming,AMD,16,4.4,NVIDIA,NVIDIA GeForce,16,2048.0,15.6,7080,13853,11144,2398,4.65
Lenovo,Professional,Intel,8,4.4,AMD,AMD Radeon,16,1024.0,15.6,3527,3200,3331,1914,1.74
MSI,Student,Intel,4,2.3,AMD,AMD Radeon,8,512.0,14.0,926,1259,1126,735,1.53
Lenovo,Professional,Intel,6,3.3,NVIDIA,NVIDIA RTX,16,1024.0,16.0,1960,3175,2689,2284,1.18
Lenovo,Professional,Intel,8,3.3,NVIDIA,NVIDIA RTX,32,1024.0,13.3,2623,2442,2515,2411,1.04
Lenovo,Basic,AMD,4,2.1,AMD,AMD Radeon,4,256.0,15.6,837,211,462,353,1.31
Dell,Basic,AMD,4,2.1,Intel,Intel Iris Xe,8,256.0,14.0,824,340,533,244,2.18
Dell,Student,Intel,6,2.6,Intel,Intel Iris Xe,16,256.0,16.0,1554,1282,1391,392,3.55
Dell,Student,Intel,4,2.2,Intel,Intel Iris Xe,8,256.0,15.6,865,628,722,605,1.19
Acer,Professional,AMD,8,3.3,NVIDIA,NVIDIA GeForce,16,512.0,13.3,2659,3526,3179,1228,2.59
Dell,Gaming,Intel,8,4.8,NVIDIA,NVIDIA RTX,32,1024.0,16.0,3825,9985,7521,1576,4.77
Lenovo,Basic,Intel,4,2.3,Intel,Intel UHD,4,256.0,15.6,931,724,807,456,1.77
Acer,Gaming,AMD,8,4.7,NVIDIA,NVIDIA GeForce,32,1024.0,15.6,3781,14693,10328,3788,2.73
HP,Gaming,AMD,8,4.8,NVIDIA,NVIDIA RTX,16,512.0,16.0,3810,12075,8769,1142,7.68
Acer,Student,AMD,6,3.2,AMD,AMD Radeon,16,256.0,15.6,1944,645,1165,416,2.8
Apple,Professional,AMD,6,3.1,AMD,AMD Radeon,16,1024.0,17.3,1835,3487,2826,1010,2.8
Dell,Basic,AMD,2,2.6,AMD,AMD Radeon,4,128.0,17.3,525,452,481,251,1.92
Dell,Basic,Intel,2,2.4,Intel,Intel Iris Xe,4,128.0,14.0,471,691,603,418,1.44
Apple,Basic,Intel,4,2.5,AMD,AMD Radeon,4,256.0,16.0,984,764,852,150,5.68
Dell,Gaming,Intel,8,5.5,NVIDIA,NVIDIA GeForce,32,512.0,15.6,4368,14478,10434,3175,3.29
ASUS,Gaming,Intel,16,3.8,NVIDIA,NVIDIA RTX,32,512.0,15.6,6098,10456,8713,1545,5.64
MSI,Professional,Intel,8,4.5,NVIDIA,NVIDIA GeForce,16,512.0,15.6,3564,2385,2857,1251,2.28
HP,Basic,Intel,2,2.5,AMD,AMD Radeon,4,128.0,14.0,509,224,338,432,0.78
MSI,Basic,Intel,2,1.8,Intel,Intel Iris Xe,4,128.0,15.6,359,513,452,455,0.99
Acer,Gaming,Intel,8,5.1,NVIDIA,NVIDIA GeForce,16,1024.0,16.0,4047,12774,9283,2417,3.84
Dell,Professional,AMD,6,4.3,NVIDIA,NVIDIA RTX,32,512.0,16.0,2600,3286,3012,1608,1.87
HP,Professional,AMD,6,3.1,NVIDIA,NVIDIA GeForce,16,512.0,13.3,1863,2201,2066,1291,1.6
ASUS,Professional,Intel,12,4.4,NVIDIA,NVIDIA RTX,16,1024.0,15.6,5280,1784,3183,1415,2.25
MSI,Gaming,AMD,12,4.8,NVIDIA,NVIDIA RTX,32,1024.0,15.6,5749,10383,8529,3278,2.6
ASUS,Student,Intel,4,3.2,Intel,Intel Iris Xe,16,256.0,16.0,1278,1182,1220,691,1.77
ASUS,Student,AMD,6,2.3,Intel,Intel Iris Xe,8,256.0,13.3,1356,1092,1197,758,1.58
Lenovo,Professional,Intel,8,2.5,NVIDIA,NVIDIA RTX,16,1024.0,15.6,2013,2855,2519,1771,1.42
ASUS,Basic,Intel,2,2.7,AMD,AMD Radeon,8,128.0,16.0,533,278,380,245,1.55
MSI,Gaming,Intel,8,4.9,NVIDIA,NVIDIA RTX,32,2048.0,15.6,3926,10872,8093,1889,4.28
HP,Professional,AMD,8,3.7,AMD,AMD Radeon,16,1024.0,13.3,2959,1923,2338,1049,2.23
Acer,Professional,AMD,8,3.0,NVIDIA,NVIDIA RTX,32,512.0,13.3,2405,2835,2663,889,3.0
HP,Gaming,AMD,8,3.3,AMD,AMD Radeon,32,1024.0,17.3,2661,9733,6904,1349,5.12
Dell,Professional,AMD,8,3.6,AMD,AMD Radeon,32,1024.0,15.6,2875,2462,2627,819,3.21
Razer,Gaming,Intel,16,4.9,NVIDIA,NVIDIA GeForce,16,1024.0,14.0,7845,8104,8000,2544,3.14
Dell,Professional,Intel,8,3.1,AMD,AMD Radeon,32,512.0,15.6,2458,2376,2409,1812,1.33
ASUS,Student,Intel,6,2.7,AMD,AMD Radeon,8,512.0,15.6,1626,1323,1444,436,3.31
HP,Professional,Intel,6,3.1,AMD,AMD Radeon,16,512.0,15.6,1851,1878,1867,2498,0.75
HP,Gaming,Intel,8,3.3,NVIDIA,NVIDIA RTX,16,512.0,16.0,2610,14417,9694,1885,5.14
Acer,Basic,Intel,4,2.8,Intel,Intel UHD,4,256.0,16.0,1119,669,849,381,2.23
Dell,Basic,AMD,2,2.5,Intel,Intel Iris Xe,4,256.0,15.6,494,750,648,498,1.3
Dell,Student,Intel,6,2.5,AMD,AMD Radeon,8,256.0,17.3,1485,1083,1244,547,2.27
HP,Professional,AMD,8,2.9,NVIDIA,NVIDIA RTX,16,512.0,17.3,2340,2372,2359,2136,1.1
Lenovo,Professional,AMD,8,3.8,NVIDIA,NVIDIA GeForce,16,512.0,17.3,3053,1243,1967,838,2.35
Acer,Gaming,AMD,16,4.9,NVIDIA,NVIDIA RTX,16,2048.0,17.3,7888,12754,10808,1378,7.84
Dell,Student,Intel,6,2.5,Intel,Intel Iris Xe,8,512.0,16.0,1475,653,982,655,1.5
Lenovo,Student,Intel,6,3.3,Intel,Intel UHD,8,512.0,14.0,1952,893,1317,452,2.91
Razer,Basic,Intel,2,2.6,AMD,AMD Radeon,8,256.0,13.3,518,367,427,474,0.9
HP,Student,Intel,6,2.3,Intel,Intel Iris Xe,8,256.0,14.0,1399,1374,1384,740,1.87
Razer,Professional,Intel,8,3.8,AMD,AMD Radeon,32,512.0,17.3,3058,2630,2801,1659,1.69
Lenovo,Professional,Intel,12,3.7,NVIDIA,NVIDIA RTX,32,512.0,16.0,4431,2705,3395,2234,1.52
Dell,Basic,Intel,4,2.6,Intel,Intel Iris Xe,4,128.0,15.6,1030,383,642,348,1.84
Lenovo,Professional,Intel,8,3.2,NVIDIA,NVIDIA RTX,32,512.0,16.0,2545,2396,2456,2032,1.21
HP,Professional,Intel,6,3.1,AMD,AMD Radeon,16,512.0,16.0,1876,3154,2643,1026,2.58
Apple,Basic,Intel,2,2.4,Intel,Intel Iris Xe,4,128.0,15.6,486,448,463,311,1.49
Razer,Gaming,Intel,12,3.9,NVIDIA,NVIDIA RTX,16,1024.0,15.6,4658,12265,9222,3777,2.44
Lenovo,Gaming,Intel,16,3.7,NVIDIA,NVIDIA RTX,16,1024.0,15.6,5976,12517,9901,3871,2.56
Apple,Gaming,AMD,8,5.2,AMD,AMD Radeon,16,1024.0,15.6,4141,7049,5886,1815,3.24
HP,Basic,Intel,4,2.6,Intel,Intel Iris Xe,4,256.0,16.0,1025,504,713,496,1.44
Razer,Student,AMD,4,3.2,AMD,AMD Radeon,8,256.0,14.0,1292,1161,1214,514,2.36
HP,Professional,Intel,8,2.6,NVIDIA,NVIDIA RTX,32,512.0,15.6,2100,2770,2502,2112,1.18
HP,Student,Intel,6,2.7,Intel,Intel Iris Xe,16,512.0,14.0,1618,996,1245,941,1.32
Razer,Gaming,AMD,12,4.8,NVIDIA,NVIDIA GeForce,32,1024.0,13.3,5806,11602,9283,1247,7.44
Dell,Professional,Intel,6,3.9,AMD,AMD Radeon,32,512.0,15.6,2336,1727,1970,1311,1.5
Lenovo,Gaming,Intel,8,5.0,AMD,AMD Radeon,32,1024.0,16.0,3974,8727,6826,1716,3.98
Dell,Professional,AMD,8,2.9,NVIDIA,NVIDIA GeForce,16,512.0,15.6,2299,3264,2878,2232,1.29
Dell,Professional,AMD,8,3.1,AMD,AMD Radeon,32,1024.0,13.3,2514,2191,2320,1296,1.79
Dell,Student,Intel,6,2.2,AMD,AMD Radeon,8,256.0,15.6,1319,876,1053,790,1.33
HP,Basic,Intel,4,1.7,Intel,Intel Iris Xe,4,128.0,15.6,665,579,613,400,1.53
Dell,Professional,Intel,8,3.5,AMD,AMD Radeon,32,512.0,15.6,2833,1894,2270,2344,0.97
Razer,Student,Intel,6,2.5,AMD,AMD Radeon,16,256.0,17.3,1489,808,1080,642,1.68
Lenovo,Professional,Intel,12,3.3,NVIDIA,NVIDIA GeForce,16,512.0,14.0,3938,1828,2672,1239,2.16
ASUS,Basic,Intel,4,2.5,AMD,AMD Radeon,8,128.0,15.6,988,211,522,421,1.24
Lenovo,Student,Intel,6,3.0,AMD,AMD Radeon,8,256.0,13.3,1787,1411,1562,678,2.3
ASUS,Professional,Intel,8,3.5,NVIDIA,NVIDIA GeForce,32,512.0,13.3,2816,3840,3431,2267,1.51
Apple,Gaming,Intel,12,3.5,AMD,AMD Radeon,32,1024.0,15.6,4220,12673,9292,1283,7.24
Apple,Basic,Intel,4,2.1,Intel,Intel Iris Xe,4,256.0,14.0,849,661,736,292,2.52
Lenovo,Gaming,Intel,12,4.4,AMD,AMD Radeon,32,512.0,15.6,5340,12697,9754,1411,6.91
ASUS,Student,Intel,4,2.6,Intel,Intel UHD,8,512.0,17.3,1046,808,903,667,1.35
HP,Basic,Intel,4,2.7,AMD,AMD Radeon,4,256.0,16.0,1066,542,751,231,3.25
MSI,Basic,Intel,2,1.7,AMD,AMD Radeon,8,256.0,15.6,343,368,358,500,0.72
Dell,Basic,AMD,2,1.8,AMD,AMD Radeon,4,512.0,15.6,360,595,501,444,1.13
Lenovo,Professional,Intel,6,3.7,AMD,AMD Radeon,32,512.0,16.0,2238,3889,3229,2192,1.47
HP,Gaming,Intel,12,3.7,AMD,AMD Radeon,32,1024.0,13.3,4393,10849,8266,2988,2.77
Dell,Student,AMD,4,2.3,Intel,Intel Iris Xe,8,512.0,15.6,932,566,712,623,1.14
Razer,Basic,AMD,4,1.8,AMD,AMD Radeon,8,128.0,13.3,710,776,750,362,2.07
HP,Gaming,Intel,8,4.6,NVIDIA,NVIDIA RTX,16,512.0,13.3,3709,11454,8356,3808,2.19
Acer,Student,AMD,4,3.0,Intel,Intel Iris Xe,8,256.0,16.0,1192,1478,1364,475,2.87
HP,Basic,Intel,2,1.8,AMD,AMD Radeon,4,256.0,16.0,359,580,492,327,1.5
Apple,Basic,Intel,4,2.2,AMD,AMD Radeon,4,512.0,14.0,882,582,702,474,1.48
Acer,Student,Intel,4,3.4,Intel,Intel Iris Xe,8,256.0,15.6,1341,1463,1414,627,2.26
Acer,Gaming,Intel,8,3.7,AMD,AMD Radeon,32,512.0,13.3,2966,12455,8659,2954,2.93
HP,Basic,Intel,4,2.4,Intel,Intel UHD,4,128.0,16.0,964,548,715,292,2.45
Acer,Basic,Intel,4,2.7,Intel,Intel Iris Xe,8,256.0,15.6,1094,554,770,351,2.19
Lenovo,Professional,AMD,6,2.9,AMD,AMD Radeon,16,1024.0,14.0,1756,2932,2462,1159,2.12
Dell,Student,Intel,4,3.4,AMD,AMD Radeon,16,256.0,17.3,1378,1399,1391,837,1.66
Lenovo,Basic,AMD,2,2.4,Intel,Intel UHD,8,256.0,15.6,474,456,463,334,1.39
Lenovo,Gaming,Intel,8,4.0,NVIDIA,NVIDIA GeForce,32,1024.0,15.6,3202,14403,9923,1861,5.33
Acer,Professional,AMD,12,4.4,AMD,AMD Radeon,16,1024.0,16.0,5226,2152,3381,2124,1.59
Razer,Gaming,AMD,12,3.9,NVIDIA,NVIDIA RTX,16,2048.0,13.3,4662,12464,9343,3982,2.35
HP,Student,Intel,4,2.8,AMD,AMD Radeon,8,256.0,15.6,1115,1003,1048,651,1.61
MSI,Basic,Intel,2,2.1,AMD,AMD Radeon,4,256.0,13.3,419,329,365,469,0.78
Acer,Student,Intel,4,2.1,Intel,Intel Iris Xe,8,512.0,17.3,857,672,746,500,1.49
HP,Gaming,AMD,8,5.3,AMD,AMD Radeon,16,1024.0,14.0,4270,8913,7056,3871,1.82
MSI,Gaming,Intel,16,4.4,AMD,AMD Radeon,16,1024.0,13.3,7116,13182,10756,958,11.23
Lenovo,Basic,AMD,2,1.9,AMD,AMD Radeon,8,256.0,13.3,388,730,593,336,1.76
ASUS,Student,Intel,6,2.8,Intel,Intel Iris Xe,16,512.0,16.0,1684,1046,1301,506,2.57
Lenovo,Student,Intel,6,2.1,Intel,Intel Iris Xe,8,256.0,13.3,1240,510,802,419,1.91
Acer,Professional,AMD,6,2.7,AMD,AMD Radeon,16,512.0,15.6,1596,1986,1830,2021,0.91
Dell,Professional,Intel,6,4.0,NVIDIA,NVIDIA GeForce,16,512.0,15.6,2410,2068,2205,1014,2.17
Dell,Student,Intel,4,2.5,Intel,Intel UHD,16,512.0,16.0,1000,937,962,489,1.97
ASUS,Student,AMD,6,2.3,AMD,AMD Radeon,8,512.0,16.0,1398,690,973,603,1.61
Lenovo,Professional,Intel,6,4.4,AMD,AMD Radeon,16,512.0,14.0,2635,1039,1677,881,1.9
Lenovo,Basic,AMD,4,2.1,Intel,Intel Iris Xe,4,128.0,17.3,852,327,537,408,1.32
ASUS,Student,AMD,4,2.4,Intel,Intel Iris Xe,8,256.0,17.3,963,880,913,887,1.03
Dell,Basic,Intel,4,2.5,Intel,Intel UHD,4,128.0,17.3,1005,329,599,417,1.44
Acer,Basic,AMD,4,2.0,Intel,Intel Iris Xe,8,256.0,15.6,817,422,580,259,2.24
Dell,Student,Intel,4,3.0,AMD,AMD Radeon,8,256.0,16.0,1182,886,1005,497,2.02
Lenovo,Student,Intel,4,3.1,AMD,AMD Radeon,16,256.0,15.6,1254,1333,1301,686,1.9
HP,Basic,AMD,2,2.7,Intel,Intel Iris Xe,4,256.0,17.3,548,272,383,408,0.94
HP,Professional,AMD,6,3.3,AMD,AMD Radeon,16,1024.0,14.0,1960,3212,2711,2273,1.19
Dell,Professional,AMD,8,3.5,NVIDIA,NVIDIA GeForce,32,512.0,15.6,2803,2967,2901,1593,1.82
Razer,Basic,Intel,4,2.7,AMD,AMD Radeon,4,128.0,13.3,1068,617,797,378,2.11
Lenovo,Student,AMD,4,2.5,AMD,AMD Radeon,8,256.0,15.6,1008,1101,1063,784,1.36
HP,Basic,Intel,2,1.7,AMD,AMD Radeon,8,256.0,17.3,344,335,339,363,0.93
Lenovo,Student,Intel,4,3.0,AMD,AMD Radeon,16,256.0,13.3,1220,966,1067,875,1.22
Acer,Gaming,Intel,12,4.7,AMD,AMD Radeon,16,512.0,13.3,5643,5180,5365,1991,2.69
Lenovo,Professional,Intel,8,4.2,AMD,AMD Radeon,16,1024.0,15.6,3321,1934,2489,1695,1.47
Acer,Professional,Intel,12,3.8,NVIDIA,NVIDIA GeForce,32,512.0,15.6,4593,3312,3824,846,4.52
Lenovo,Basic,AMD,4,2.0,AMD,AMD Radeon,8,128.0,15.6,782,261,469,199,2.36
ASUS,Professional,AMD,12,2.8,AMD,AMD Radeon,32,512.0,16.0,3350,1737,2382,1916,1.24
Lenovo,Professional,Intel,8,3.8,AMD,AMD Radeon,16,1024.0,15.6,3076,3472,3314,1174,2.82
HP,Basic,Intel,2,1.9,Intel,Intel Iris Xe,4,128.0,15.6,378,396,389,491,0.79
HP,Professional,AMD,6,3.9,AMD,AMD Radeon,16,1024.0,14.0,2322,3965,3307,1389,2.38
Dell,Basic,AMD,2,2.3,AMD,AMD Radeon,8,256.0,15.6,465,357,401,293,1.37
Dell,Professional,Intel,8,3.8,NVIDIA,NVIDIA RTX,32,512.0,15.6,3062,3001,3025,1052,2.88
HP,Student,Intel,6,2.8,AMD,AMD Radeon,16,512.0,15.6,1683,794,1149,524,2.19
Lenovo,Gaming,Intel,12,3.1,AMD,AMD Radeon,32,2048.0,15.6,3688,11203,8197,3570,2.3
HP,Professional,Intel,8,3.5,NVIDIA,NVIDIA GeForce,16,1024.0,15.6,2800,3333,3120,1228,2.54
Dell,Student,Intel,6,2.4,Intel,Intel Iris Xe,8,256.0,15.6,1451,563,918,839,1.09
Apple,Gaming,Intel,8,4.7,AMD,AMD Radeon,16,1024.0,13.3,3760,9022,6917,3021,2.29
Lenovo,Student,AMD,6,2.8,Intel,Intel UHD,8,256.0,14.0,1691,882,1205,796,1.51
ASUS,Student,Intel,6,2.4,AMD,AMD Radeon,8,256.0,15.6,1437,1440,1439,802,1.79
Lenovo,Professional,AMD,8,2.9,NVIDIA,NVIDIA GeForce,16,1024.0,16.0,2358,2036,2165,1386,1.56
Lenovo,Professional,Intel,12,3.9,NVIDIA,NVIDIA RTX,16,1024.0,15.6,4640,3895,4193,1055,3.97
Razer,Student,Intel,6,3.1,Intel,Intel Iris Xe,16,256.0,15.6,1837,744,1181,638,1.85
ASUS,Gaming,Intel,16,4.4,NVIDIA,NVIDIA GeForce,16,2048.0,15.6,6960,10821,9277,3642,2.55
Acer,Professional,AMD,8,4.3,AMD,AMD Radeon,16,512.0,15.6,3478,3299,3371,1486,2.27
ASUS,Student,Intel,6,3.0,Intel,Intel UHD,16,512.0,14.0,1826,1477,1617,767,2.11
ASUS,Basic,Intel,4,2.7,Intel,Intel UHD,4,128.0,16.0,1091,735,877,421,2.08
Dell,Basic,Intel,2,2.3,Intel,Intel Iris Xe,4,256.0,14.0,461,385,416,464,0.9
Razer,Student,AMD,6,3.2,Intel,Intel UHD,8,256.0,15.6,1898,1268,1520,611,2.49
ASUS,Student,AMD,6,2.5,Intel,Intel UHD,8,256.0,16.0,1501,635,981,456,2.15
Acer,Professional,Intel,12,4.3,NVIDIA,NVIDIA RTX,32,512.0,13.3,5144,2939,3821,1740,2.2
Razer,Basic,Intel,2,2.3,Intel,Intel Iris Xe,8,256.0,15.6,458,752,634,347,1.83
Dell,Gaming,AMD,8,5.4,NVIDIA,NVIDIA GeForce,32,512.0,13.3,4325,7805,6413,3792,1.69
HP,Basic,Intel,4,2.2,AMD,AMD Radeon,4,128.0,16.0,878,445,619,245,2.53
Dell,Basic,Intel,2,2.2,AMD,AMD Radeon,4,256.0,14.0,437,498,474,329,1.44
ASUS,Gaming,Intel,12,4.5,NVIDIA,NVIDIA RTX,32,512.0,15.6,5426,14516,10880,2642,4.12
HP,Gaming,AMD,8,3.5,NVIDIA,NVIDIA GeForce,16,1024.0,14.0,2835,11292,7909,1518,5.21
Lenovo,Basic,Intel,2,1.9,Intel,Intel Iris Xe,4,128.0,13.3,375,263,308,408,0.75
Dell,Basic,Intel,2,2.0,AMD,AMD Radeon,4,128.0,17.3,398,792,634,150,4.23
ASUS,Basic,AMD,4,2.2,AMD,AMD Radeon,4,128.0,14.0,873,533,669,412,1.62
ASUS,Professional,Intel,12,4.2,NVIDIA,NVIDIA GeForce,16,1024.0,15.6,4997,3697,4217,918,4.59
Dell,Gaming,Intel,12,3.9,NVIDIA,NVIDIA RTX,32,1024.0,13.3,4725,7806,6573,2587,2.54
Lenovo,Basic,Intel,2,2.2,AMD,AMD Radeon,4,256.0,15.6,445,341,382,209,1.83
Lenovo,Gaming,Intel,12,3.7,NVIDIA,NVIDIA GeForce,32,2048.0,13.3,4496,8922,7151,2005,3.57
Lenovo,Student,AMD,4,2.6,Intel,Intel UHD,8,256.0,13.3,1057,669,824,415,1.99
Razer,Student,Intel,4,3.4,AMD,AMD Radeon,8,256.0,14.0,1376,898,1089,531,2.05
Dell,Gaming,AMD,12,4.6,AMD,AMD Radeon,16,1024.0,13.3,5467,14931,11145,1688,6.6
HP,Basic,AMD,2,2.4,Intel,Intel Iris Xe,8,128.0,16.0,470,644,575,367,1.57
HP,Professional,Intel,8,3.7,NVIDIA,NVIDIA RTX,16,512.0,15.6,2924,3982,3559,1701,2.09
HP,Gaming,Intel,8,3.6,AMD,AMD Radeon,32,1024.0,14.0,2892,5779,4624,2998,1.54
Apple,Basic,AMD,2,2.6,Intel,Intel Iris Xe,4,128.0,13.3,512,341,409,325,1.26
Dell,Gaming,Intel,12,3.0,NVIDIA,NVIDIA GeForce,16,512.0,15.6,3606,13399,9482,3627,2.61
Dell,Student,Intel,6,2.4,AMD,AMD Radeon,8,256.0,15.6,1457,742,1028,868,1.18
HP,Basic,Intel,2,2.6,AMD,AMD Radeon,4,512.0,16.0,518,577,553,418,1.32
Lenovo,Student,Intel,6,3.1,Intel,Intel UHD,8,256.0,14.0,1890,1472,1639,586,2.8
Acer,Professional,Intel,8,3.2,NVIDIA,NVIDIA GeForce,16,1024.0,14.0,2562,2661,2622,2077,1.26
MSI,Basic,Intel,4,2.4,Intel,Intel UHD,4,256.0,16.0,963,374,610,324,1.88
Lenovo,Basic,AMD,2,2.2,Intel,Intel Iris Xe,4,128.0,13.3,448,668,580,484,1.2
ASUS,Basic,Intel,2,1.8,AMD,AMD Radeon,4,256.0,16.0,360,732,583,256,2.28
ASUS,Student,Intel,4,2.9,AMD,AMD Radeon,8,512.0,14.0,1166,1142,1152,655,1.76
Lenovo,Student,Intel,4,2.7,Intel,Intel Iris Xe,8,512.0,16.0,1073,1407,1274,472,2.7
MSI,Student,AMD,4,3.0,Intel,Intel UHD,16,256.0,13.3,1182,1329,1270,665,1.91
ASUS,Basic,Intel,4,2.1,Intel,Intel UHD,8,256.0,15.6,851,554,673,456,1.48
Lenovo,Gaming,AMD,12,3.3,NVIDIA,NVIDIA RTX,32,1024.0,14.0,3906,9373,7186,3147,2.28
Acer,Student,Intel,6,3.2,Intel,Intel UHD,8,256.0,15.6,1945,940,1342,584,2.3
Apple,Professional,Intel,12,3.9,NVIDIA,NVIDIA GeForce,32,512.0,14.0,4630,3446,3919,2013,1.95
HP,Student,AMD,6,2.7,Intel,Intel Iris Xe,16,512.0,17.3,1629,1232,1391,779,1.79
Apple,Basic,Intel,2,1.6,Intel,Intel UHD,8,128.0,13.3,321,278,295,269,1.1
Dell,Basic,Intel,4,2.7,Intel,Intel Iris Xe,8,256.0,15.6,1071,776,894,332,2.69
HP,Student,AMD,6,2.8,Intel,Intel UHD,8,256.0,14.0,1677,1106,1335,935,1.43
Lenovo,Professional,Intel,6,4.3,NVIDIA,NVIDIA GeForce,16,512.0,16.0,2582,2871,2755,968,2.85
Razer,Student,Intel,6,2.4,AMD,AMD Radeon,16,512.0,15.6,1458,1079,1231,777,1.58
Lenovo,Student,Intel,4,2.7,Intel,Intel UHD,8,512.0,15.6,1069,800,908,741,1.23
HP,Student,Intel,6,2.2,AMD,AMD Radeon,8,512.0,13.3,1324,584,880,810,1.09
ASUS,Professional,AMD,6,2.9,NVIDIA,NVIDIA RTX,16,512.0,13.3,1749,2299,2079,1118,1.86
HP,Professional,Intel,8,3.0,AMD,AMD Radeon,32,1024.0,15.6,2382,1702,1974,2456,0.8
Lenovo,Basic,Intel,4,2.0,Intel,Intel Iris Xe,4,512.0,15.6,806,594,679,230,2.95
HP,Student,Intel,4,2.1,Intel,Intel Iris Xe,8,512.0,15.6,824,737,772,490,1.58
Lenovo,Professional,Intel,6,3.6,NVIDIA,NVIDIA RTX,16,512.0,13.3,2174,1220,1602,1499,1.07
Lenovo,Basic,Intel,4,1.7,Intel,Intel UHD,8,128.0,13.3,685,499,573,460,1.25
HP,Student,Intel,4,3.0,AMD,AMD Radeon,16,512.0,16.0,1194,1107,1142,584,1.96
ASUS,Professional,Intel,12,4.3,NVIDIA,NVIDIA RTX,16,512.0,15.6,5191,1735,3117,1180,2.64
ASUS,Gaming,Intel,8,3.6,AMD,AMD Radeon,32,512.0,15.6,2902,6317,4951,1913,2.59
Acer,Basic,AMD,4,2.0,AMD,AMD Radeon,8,128.0,16.0,794,496,615,352,1.75
Dell,Basic,AMD,2,2.5,Intel,Intel Iris Xe,8,128.0,15.6,509,732,642,239,2.69
HP,Student,AMD,4,2.5,AMD,AMD Radeon,8,256.0,17.3,1019,1249,1157,581,1.99
Lenovo,Gaming,Intel,16,3.4,AMD,AMD Radeon,32,1024.0,16.0,5451,10201,8301,3435,2.42
Lenovo,Basic,Intel,2,2.3,AMD,AMD Radeon,4,256.0,15.6,455,783,652,273,2.39
ASUS,Basic,AMD,4,1.8,AMD,AMD Radeon,4,128.0,17.3,733,409,538,350,1.54
HP,Professional,AMD,12,3.1,NVIDIA,NVIDIA RTX,16,512.0,14.0,3757,2854,3215,2309,1.39
HP,Professional,AMD,8,3.9,NVIDIA,NVIDIA RTX,16,512.0,14.0,3093,2332,2636,1780,1.48
Lenovo,Student,Intel,4,2.0,AMD,AMD Radeon,8,512.0,17.3,812,561,661,652,1.01
Dell,Professional,Intel,8,3.3,AMD,AMD Radeon,16,1024.0,16.0,2661,3109,2930,1858,1.58
Acer,Professional,Intel,6,3.4,AMD,AMD Radeon,16,512.0,14.0,2020,1317,1598,2482,0.64
ASUS,Gaming,Intel,12,5.1,NVIDIA,NVIDIA GeForce,16,512.0,13.3,6154,5745,5909,2549,2.32
Lenovo,Student,AMD,6,3.4,Intel,Intel UHD,8,512.0,15.6,2070,955,1401,799,1.75
Lenovo,Professional,Intel,8,3.5,NVIDIA,NVIDIA RTX,16,512.0,17.3,2822,3304,3111,921,3.38
ASUS,Professional,Intel,8,4.0,AMD,AMD Radeon,16,512.0,14.0,3161,1931,2423,1118,2.17
HP,Student,Intel,6,2.8,Intel,Intel Iris Xe,8,256.0,14.0,1703,1019,1293,500,2.59
Dell,Professional,Intel,8,3.5,NVIDIA,NVIDIA GeForce,16,512.0,15.6,2829,2553,2664,801,3.33
Apple,Student,AMD,6,2.1,AMD,AMD Radeon,8,512.0,17.3,1235,1226,1230,649,1.9
Lenovo,Basic,Intel,4,1.9,Intel,Intel UHD,4,128.0,14.0,760,246,452,474,0.95
ASUS,Basic,AMD,4,2.2,AMD,AMD Radeon,8,128.0,15.6,891,798,835,150,5.57
ASUS,Gaming,Intel,12,4.4,AMD,AMD Radeon,16,1024.0,15.6,5264,8655,7298,3753,1.94
Lenovo,Student,Intel,4,2.6,Intel,Intel Iris Xe,8,512.0,14.0,1033,1078,1060,906,1.17
Acer,Student,Intel,4,3.4,Intel,Intel UHD,8,256.0,15.6,1378,1430,1409,782,1.8
Lenovo,Gaming,Intel,8,4.3,NVIDIA,NVIDIA GeForce,32,1024.0,17.3,3431,13208,9297,3625,2.56
HP,Student,Intel,6,2.4,Intel,Intel Iris Xe,16,512.0,14.0,1417,623,941,642,1.47
ASUS,Professional,Intel,8,4.4,NVIDIA,NVIDIA GeForce,32,1024.0,13.3,3553,1950,2591,1267,2.04
Apple,Professional,AMD,12,2.6,NVIDIA,NVIDIA GeForce,32,512.0,15.6,3119,1380,2076,1023,2.03
Dell,Basic,Intel,4,1.9,AMD,AMD Radeon,4,128.0,15.6,772,333,509,286,1.78
HP,Basic,AMD,2,2.0,AMD,AMD Radeon,4,256.0,15.6,408,480,451,387,1.17
HP,Professional,AMD,12,3.1,NVIDIA,NVIDIA GeForce,16,512.0,16.0,3717,3688,3699,2052,1.8
MSI,Basic,AMD,4,2.5,AMD,AMD Radeon,8,256.0,14.0,1017,448,676,350,1.93
Dell,Professional,Intel,8,3.2,NVIDIA,NVIDIA GeForce,16,512.0,15.6,2575,1036,1652,1447,1.14
Dell,Professional,Intel,8,3.3,NVIDIA,NVIDIA GeForce,16,1024.0,15.6,2618,2023,2261,1094,2.07
ASUS,Student,AMD,4,2.4,Intel,Intel Iris Xe,16,256.0,15.6,975,958,965,972,0.99
HP,Basic,Intel,2,2.5,Intel,Intel UHD,4,256.0,16.0,510,353,416,404,1.03
HP,Student,AMD,6,2.4,Intel,Intel Iris Xe,16,256.0,15.6,1419,1455,1441,450,3.2
HP,Student,Intel,4,2.3,Intel,Intel UHD,16,256.0,13.3,930,856,886,880,1.01
Lenovo,Student,Intel,4,2.6,Intel,Intel UHD,8,256.0,15.6,1059,1089,1077,593,1.82
Dell,Basic,Intel,2,1.8,AMD,AMD Radeon,4,128.0,13.3,358,319,335,489,0.69
ASUS,Professional,Intel,8,3.2,NVIDIA,NVIDIA GeForce,16,512.0,14.0,2551,2557,2555,1032,2.48
Apple,Professional,Intel,8,3.7,AMD,AMD Radeon,16,1024.0,15.6,2945,2580,2726,1865,1.46
ASUS,Gaming,Intel,8,3.9,NVIDIA,NVIDIA GeForce,32,1024.0,13.3,3137,13496,9352,2889,3.24
Dell,Gaming,Intel,12,5.3,NVIDIA,NVIDIA RTX,32,2048.0,13.3,6353,14458,11216,2581,4.35
ASUS,Student,Intel,6,2.6,AMD,AMD Radeon,8,256.0,13.3,1536,896,1152,921,1.25
Dell,Basic,Intel,2,2.1,Intel,Intel Iris Xe,8,256.0,15.6,420,642,553,351,1.58
HP,Student,Intel,4,3.3,Intel,Intel UHD,8,512.0,13.3,1329,1061,1168,724,1.61
Apple,Student,Intel,6,3.5,AMD,AMD Radeon,8,256.0,15.6,2085,991,1429,695,2.06
Apple,Gaming,AMD,12,5.2,NVIDIA,NVIDIA GeForce,16,512.0,13.3,6264,8690,7719,1020,7.57
Acer,Basic,Intel,2,2.4,Intel,Intel Iris Xe,8,256.0,13.3,482,405,436,404,1.08
Acer,Student,Intel,6,2.1,AMD,AMD Radeon,8,512.0,16.0,1279,939,1075,732,1.47
Apple,Student,AMD,6,2.1,Intel,Intel Iris Xe,8,256.0,13.3,1273,1069,1151,468,2.46
Dell,Student,Intel,4,3.2,Intel,Intel Iris Xe,8,256.0,15.6,1278,595,868,533,1.63
Acer,Student,AMD,4,2.5,AMD,AMD Radeon,8,256.0,15.6,1012,1112,1072,471,2.28
Lenovo,Gaming,Intel,12,5.1,NVIDIA,NVIDIA RTX,32,2048.0,16.0,6170,10823,8962,1394,6.43
Acer,Basic,Intel,2,2.1,AMD,AMD Radeon,8,128.0,17.3,418,677,573,381,1.5
Razer,Student,Intel,4,2.4,AMD,AMD Radeon,8,256.0,17.3,947,1115,1048,917,1.14
HP,Professional,AMD,8,3.2,NVIDIA,NVIDIA GeForce,16,1024.0,15.6,2565,1835,2127,895,2.38
Acer,Student,Intel,4,2.5,AMD,AMD Radeon,16,512.0,15.6,999,1162,1097,475,2.31
Apple,Gaming,Intel,12,5.4,AMD,AMD Radeon,16,512.0,14.0,6529,8689,7825,3558,2.2
Lenovo,Student,Intel,4,3.3,Intel,Intel Iris Xe,8,512.0,16.0,1308,731,962,783,1.23
ASUS,Gaming,Intel,8,3.2,NVIDIA,NVIDIA GeForce,32,512.0,17.3,2558,11943,8189,3410,2.4
Lenovo,Gaming,Intel,12,5.4,NVIDIA,NVIDIA GeForce,32,2048.0,16.0,6503,9344,8207,3671,2.24
ASUS,Professional,Intel,6,2.8,AMD,AMD Radeon,16,512.0,15.6,1705,2041,1907,910,2.1
Dell,Student,AMD,4,2.1,AMD,AMD Radeon,8,256.0,13.3,855,1038,964,740,1.3
Apple,Basic,Intel,2,2.5,AMD,AMD Radeon,8,128.0,14.0,506,680,610,280,2.18
Dell,Gaming,AMD,12,3.9,NVIDIA,NVIDIA GeForce,32,1024.0,15.6,4671,12589,9422,3585,2.63
Lenovo,Basic,Intel,4,2.0,Intel,Intel UHD,8,128.0,15.6,802,499,620,283,2.19
Dell,Professional,Intel,8,4.2,AMD,AMD Radeon,16,512.0,16.0,3340,3081,3185,1530,2.08
Lenovo,Professional,AMD,8,3.0,NVIDIA,NVIDIA RTX,16,1024.0,16.0,2370,3408,2993,1039,2.88
Dell,Basic,Intel,4,2.5,AMD,AMD Radeon,4,256.0,15.6,983,449,662,170,3.89
Dell,Professional,Intel,12,3.7,AMD,AMD Radeon,16,1024.0,16.0,4423,2646,3357,2123,1.58
ASUS,Student,Intel,4,3.2,AMD,AMD Radeon,8,512.0,16.0,1261,943,1070,845,1.27
Lenovo,Student,Intel,4,2.9,Intel,Intel UHD,16,256.0,14.0,1150,1028,1077,622,1.73
HP,Student,Intel,4,3.2,AMD,AMD Radeon,8,512.0,15.6,1297,729,956,766,1.25
Dell,Professional,Intel,8,4.5,NVIDIA,NVIDIA RTX,32,512.0,13.3,3580,3185,3343,1196,2.8
Acer,Basic,Intel,2,2.6,Intel,Intel UHD,4,128.0,14.0,523,247,357,330,1.08
Dell,Gaming,Intel,16,5.4,AMD,AMD Radeon,32,512.0,17.3,8677,5232,6610,3376,1.96
HP,Student,AMD,4,3.2,Intel,Intel Iris Xe,8,256.0,15.6,1282,938,1075,732,1.47
HP,Basic,AMD,2,2.1,Intel,Intel UHD,8,256.0,14.0,424,641,554,437,1.27
ASUS,Gaming,AMD,12,5.2,NVIDIA,NVIDIA GeForce,32,2048.0,15.6,6199,9673,8284,3222,2.57
MSI,Basic,Intel,2,2.1,AMD,AMD Radeon,4,128.0,15.6,426,732,609,299,2.04
Apple,Basic,AMD,4,1.7,AMD,AMD Radeon,4,128.0,16.0,697,532,598,495,1.21
Dell,Professional,AMD,6,3.5,AMD,AMD Radeon,32,512.0,16.0,2124,1266,1609,2019,0.8
HP,Basic,Intel,2,1.7,AMD,AMD Radeon,8,128.0,16.0,335,510,440,177,2.49
HP,Basic,Intel,4,1.9,Intel,Intel Iris Xe,4,128.0,15.6,743,488,590,363,1.63
Dell,Student,Intel,6,2.1,Intel,Intel Iris Xe,8,512.0,14.0,1290,715,945,683,1.38
HP,Professional,AMD,8,4.2,NVIDIA,NVIDIA RTX,32,1024.0,14.0,3357,1917,2493,765,3.26
Acer,Professional,Intel,6,3.9,NVIDIA,NVIDIA RTX,16,1024.0,13.3,2367,3987,3339,905,3.69
Lenovo,Gaming,Intel,16,5.0,NVIDIA,NVIDIA RTX,32,1024.0,16.0,7977,5711,6617,3039,2.18
HP,Professional,Intel,8,4.2,AMD,AMD Radeon,16,512.0,14.0,3383,1908,2498,2015,1.24
ASUS,Student,Intel,4,2.1,Intel,Intel Iris Xe,8,512.0,14.0,851,1009,946,751,1.26
Lenovo,Professional,Intel,8,3.5,AMD,AMD Radeon,16,512.0,17.3,2777,3098,2969,876,3.39
Dell,Basic,Intel,4,2.1,AMD,AMD Radeon,4,128.0,16.0,853,467,621,401,1.55
Dell,Professional,Intel,6,2.7,NVIDIA,NVIDIA GeForce,32,512.0,14.0,1637,1179,1363,1362,1.0
Dell,Student,Intel,4,3.4,AMD,AMD Radeon,8,256.0,17.3,1361,773,1008,481,2.1
Dell,Basic,AMD,2,2.6,Intel,Intel Iris Xe,4,512.0,14.0,529,440,476,178,2.67
MSI,Gaming,Intel,12,4.2,AMD,AMD Radeon,16,2048.0,15.6,5026,6681,6019,3035,1.98
HP,Professional,Intel,6,4.0,NVIDIA,NVIDIA RTX,16,512.0,15.6,2402,2656,2554,1503,1.7
ASUS,Basic,Intel,2,1.8,AMD,AMD Radeon,4,128.0,16.0,366,255,299,202,1.48
Lenovo,Gaming,Intel,8,5.0,NVIDIA,NVIDIA RTX,16,512.0,15.6,4013,12191,8919,1836,4.86
ASUS,Student,AMD,4,2.8,AMD,AMD Radeon,8,256.0,15.6,1117,1363,1265,810,1.56
Lenovo,Student,Intel,6,2.6,Intel,Intel UHD,8,512.0,15.6,1559,1276,1389,562,2.47
Lenovo,Gaming,Intel,8,4.7,NVIDIA,NVIDIA RTX,32,512.0,13.3,3758,8099,6363,3633,1.75
Dell,Student,Intel,6,2.9,Intel,Intel Iris Xe,16,512.0,15.6,1713,781,1154,505,2.29
ASUS,Professional,Intel,8,3.9,NVIDIA,NVIDIA GeForce,32,1024.0,13.3,3139,3253,3208,1414,2.27
Dell,Gaming,Intel,16,5.3,NVIDIA,NVIDIA GeForce,32,512.0,16.0,8427,7207,7695,3664,2.1
HP,Basic,Intel,2,1.8,AMD,AMD Radeon,4,128.0,17.3,358,347,351,169,2.08
MSI,Professional,Intel,8,4.0,NVIDIA,NVIDIA RTX,16,512.0,14.0,3196,2564,2817,2325,1.21
Acer,Gaming,Intel,12,3.2,AMD,AMD Radeon,32,512.0,17.3,3786,14393,10151,3604,2.82
Apple,Gaming,Intel,8,4.4,NVIDIA,NVIDIA GeForce,32,512.0,17.3,3541,12048,8645,2332,3.71
HP,Student,Intel,6,2.7,AMD,AMD Radeon,8,256.0,15.6,1630,1427,1508,631,2.39
Acer,Gaming,Intel,12,3.0,NVIDIA,NVIDIA GeForce,32,1024.0,15.6,3604,14155,9935,3090,3.22
HP,Student,Intel,4,3.1,AMD,AMD Radeon,8,256.0,15.6,1222,654,881,839,1.05
Lenovo,Basic,AMD,4,2.5,Intel,Intel UHD,4,128.0,15.6,1016,525,722,234,3.09
MSI,Gaming,Intel,12,5.0,AMD,AMD Radeon,16,512.0,15.6,5946,5285,5549,1474,3.76
Acer,Professional,AMD,6,4.2,NVIDIA,NVIDIA RTX,32,512.0,15.6,2546,1077,1665,1248,1.33
ASUS,Basic,AMD,4,2.7,AMD,AMD Radeon,8,128.0,15.6,1092,483,727,234,3.11
MSI,Student,AMD,6,2.9,Intel,Intel Iris Xe,16,512.0,15.6,1758,1477,1590,517,3.08
ASUS,Gaming,Intel,8,4.0,NVIDIA,NVIDIA GeForce,16,1024.0,15.6,3229,10037,7314,3491,2.1
Acer,Professional,Intel,12,2.8,AMD,AMD Radeon,16,1024.0,15.6,3413,1647,2354,1095,2.15
Lenovo,Student,AMD,6,2.4,AMD,AMD Radeon,8,512.0,16.0,1453,1206,1304,434,3.0
Lenovo,Student,Intel,6,2.3,Intel,Intel UHD,8,512.0,15.6,1399,956,1133,605,1.87
ASUS,Student,Intel,6,2.7,Intel,Intel Iris Xe,16,512.0,15.6,1627,1401,1492,504,2.96
Acer,Basic,Intel,4,2.6,AMD,AMD Radeon,8,512.0,15.6,1025,443,676,334,2.02
Lenovo,Basic,Intel,2,2.0,AMD,AMD Radeon,4,256.0,14.0,407,289,336,615,0.55
Razer,Gaming,AMD,12,4.3,NVIDIA,NVIDIA RTX,32,1024.0,13.3,5186,7301,6455,2683,2.41
Lenovo,Professional,Intel,6,3.7,NVIDIA,NVIDIA GeForce,32,1024.0,14.0,2222,2993,2684,2106,1.27
MSI,Basic,Intel,2,2.6,Intel,Intel UHD,4,256.0,15.6,525,466,489,231,2.12
HP,Professional,Intel,8,3.3,AMD,AMD Radeon,16,512.0,15.6,2667,3704,3289,2212,1.49
HP,Professional,Intel,8,3.4,AMD,AMD Radeon,16,512.0,15.6,2684,3378,3101,1790,1.73
Dell,Student,AMD,6,2.4,Intel,Intel UHD,8,256.0,15.6,1443,615,946,600,1.58
Lenovo,Basic,Intel,4,2.3,Intel,Intel UHD,8,128.0,15.6,902,564,699,246,2.84
HP,Student,AMD,6,2.3,Intel,Intel UHD,8,512.0,15.6,1384,1420,1406,753,1.87
Lenovo,Basic,Intel,2,2.0,AMD,AMD Radeon,4,128.0,13.3,392,508,462,502,0.92
Acer,Student,Intel,6,3.4,AMD,AMD Radeon,16,512.0,15.6,2066,1322,1619,586,2.76
Acer,Gaming,Intel,12,4.0,AMD,AMD Radeon,16,2048.0,16.0,4788,5247,5064,3191,1.59
ASUS,Student,Intel,6,3.2,AMD,AMD Radeon,8,256.0,15.6,1938,1163,1473,787,1.87
Acer,Basic,Intel,2,2.2,Intel,Intel UHD,4,128.0,15.6,436,768,635,288,2.2
HP,Basic,Intel,4,2.6,Intel,Intel Iris Xe,4,128.0,14.0,1032,337,615,162,3.8
Acer,Basic,Intel,2,2.2,AMD,AMD Radeon,8,128.0,15.6,449,633,560,465,1.2
Razer,Basic,AMD,2,2.4,Intel,Intel UHD,4,256.0,13.3,485,663,592,200,2.96
Dell,Basic,AMD,4,1.7,Intel,Intel Iris Xe,4,128.0,15.6,660,337,466,441,1.06
HP,Gaming,Intel,8,5.4,AMD,AMD Radeon,16,512.0,15.6,4282,12812,9400,2261,4.16
Acer,Student,AMD,4,2.2,AMD,AMD Radeon,16,256.0,16.0,890,605,719,641,1.12
Dell,Professional,Intel,8,3.7,NVIDIA,NVIDIA RTX,32,512.0,15.6,2974,1799,2269,1036,2.19
Dell,Basic,AMD,2,2.6,Intel,Intel Iris Xe,4,256.0,15.6,513,589,558,235,2.37
Lenovo,Professional,Intel,12,3.8,NVIDIA,NVIDIA RTX,32,512.0,14.0,4618,1092,2502,2358,1.06
HP,Student,Intel,6,2.5,Intel,Intel Iris Xe,8,512.0,14.0,1471,727,1025,881,1.16
Lenovo,Basic,AMD,4,1.9,AMD,AMD Radeon,4,128.0,15.6,751,344,507,520,0.98
HP,Gaming,Intel,12,3.0,NVIDIA,NVIDIA GeForce,16,1024.0,13.3,3659,10832,7963,2829,2.81
Acer,Gaming,Intel,16,4.6,NVIDIA,NVIDIA GeForce,32,2048.0,15.6,7295,6511,6825,1123,6.08
ASUS,Student,AMD,4,2.5,Intel,Intel UHD,16,512.0,14.0,992,1225,1132,826,1.37
HP,Student,Intel,4,2.2,Intel,Intel Iris Xe,16,256.0,15.6,877,1161,1047,712,1.47
ASUS,Professional,Intel,6,3.3,NVIDIA,NVIDIA RTX,16,512.0,15.6,1961,3259,2740,2098,1.31
ASUS,Gaming,Intel,12,4.0,NVIDIA,NVIDIA GeForce,16,512.0,15.6,4784,12535,9435,2726,3.46
ASUS,Basic,Intel,4,2.8,AMD,AMD Radeon,4,256.0,15.6,1107,437,705,335,2.1
Lenovo,Basic,Intel,4,2.2,Intel,Intel Iris Xe,4,256.0,16.0,876,693,766,303,2.53
HP,Student,Intel,6,3.2,Intel,Intel Iris Xe,8,512.0,15.6,1945,868,1299,733,1.77
Acer,Professional,Intel,6,3.0,NVIDIA,NVIDIA GeForce,16,1024.0,15.6,1830,1912,1879,1685,1.12
HP,Basic,Intel,2,2.7,AMD,AMD Radeon,4,128.0,14.0,532,610,579,173,3.35
Dell,Basic,AMD,2,2.5,Intel,Intel Iris Xe,4,128.0,15.6,491,285,368,257,1.43
Dell,Student,Intel,4,3.0,Intel,Intel Iris Xe,8,512.0,16.0,1200,813,967,631,1.53
Acer,Professional,Intel,8,4.4,NVIDIA,NVIDIA GeForce,16,1024.0,15.6,3551,2260,2777,941,2.95
Lenovo,Professional,Intel,6,3.7,NVIDIA,NVIDIA GeForce,16,512.0,15.6,2203,1400,1721,1582,1.09
Razer,Basic,AMD,4,1.8,Intel,Intel Iris Xe,4,128.0,14.0,728,592,646,460,1.4
ASUS,Professional,Intel,8,2.6,NVIDIA,NVIDIA GeForce,16,512.0,17.3,2085,1800,1914,893,2.14
Dell,Student,Intel,4,2.0,AMD,AMD Radeon,8,256.0,13.3,809,944,890,419,2.12
Lenovo,Gaming,Intel,8,4.8,NVIDIA,NVIDIA GeForce,32,2048.0,15.6,3835,11180,8242,1230,6.7
Lenovo,Student,Intel,4,2.0,Intel,Intel Iris Xe,8,256.0,15.6,801,518,631,796,0.79
Lenovo,Student,AMD,6,3.2,AMD,AMD Radeon,8,512.0,14.0,1910,635,1145,547,2.09
Lenovo,Professional,AMD,12,3.4,NVIDIA,NVIDIA GeForce,16,512.0,16.0,4134,3965,4033,2552,1.58
Dell,Basic,Intel,2,2.6,Intel,Intel UHD,4,256.0,15.6,514,523,520,432,1.2
ASUS,Student,Intel,4,3.0,Intel,Intel UHD,16,256.0,16.0,1205,1416,1332,885,1.51
MSI,Student,AMD,6,2.5,AMD,AMD Radeon,8,256.0,15.6,1475,1128,1267,455,2.78
ASUS,Basic,Intel,2,2.7,AMD,AMD Radeon,4,128.0,16.0,534,665,613,196,3.13
Lenovo,Student,Intel,4,3.3,Intel,Intel Iris Xe,16,256.0,14.0,1314,519,837,396,2.11
HP,Gaming,AMD,12,3.3,NVIDIA,NVIDIA GeForce,16,2048.0,15.6,3989,14889,10529,2772,3.8
MSI,Student,AMD,6,3.2,AMD,AMD Radeon,8,512.0,14.0,1901,1356,1574,681,2.31
HP,Gaming,Intel,8,3.8,AMD,AMD Radeon,32,2048.0,13.3,3049,9388,6852,2111,3.25
ASUS,Basic,Intel,4,2.6,Intel,Intel UHD,8,128.0,13.3,1044,746,865,295,2.93
Dell,Professional,Intel,6,3.4,AMD,AMD Radeon,16,512.0,16.0,2040,3161,2713,920,2.95
HP,Basic,AMD,4,2.1,AMD,AMD Radeon,8,256.0,14.0,837,378,561,310,1.81
HP,Student,Intel,4,3.2,Intel,Intel Iris Xe,8,256.0,13.3,1293,1286,1289,563,2.29
Dell,Student,Intel,4,2.1,Intel,Intel UHD,8,256.0,14.0,845,1493,1234,812,1.52
Acer,Professional,Intel,12,3.2,AMD,AMD Radeon,16,512.0,14.0,3885,3364,3573,1982,1.8
MSI,Gaming,Intel,12,3.2,AMD,AMD Radeon,32,2048.0,17.3,3857,5065,4582,1454,3.15
Dell,Professional,AMD,6,3.3,AMD,AMD Radeon,16,1024.0,16.0,2005,1232,1542,892,1.73
Dell,Student,AMD,6,2.7,AMD,AMD Radeon,16,256.0,14.0,1648,1357,1473,647,2.28
Dell,Professional,Intel,12,2.8,NVIDIA,NVIDIA GeForce,32,1024.0,15.6,3352,3634,3521,2425,1.45
Dell,Gaming,AMD,8,3.2,AMD,AMD Radeon,32,1024.0,13.3,2576,12002,8231,3728,2.21
Razer,Professional,Intel,8,3.8,NVIDIA,NVIDIA RTX,16,1024.0,14.0,3014,2558,2740,1673,1.64
ASUS,Professional,Intel,12,4.0,AMD,AMD Radeon,16,1024.0,16.0,4838,2867,3655,1103,3.31
HP,Student,Intel,4,2.0,Intel,Intel UHD,8,256.0,13.3,811,1038,947,820,1.15
Dell,Student,Intel,4,2.4,AMD,AMD Radeon,16,256.0,15.6,950,1428,1237,412,3.0
Dell,Student,Intel,6,2.1,Intel,Intel Iris Xe,8,256.0,15.6,1280,833,1012,731,1.38
Acer,Gaming,Intel,12,4.1,NVIDIA,NVIDIA GeForce,32,512.0,15.6,4907,8594,7119,2718,2.62
ASUS,Basic,Intel,2,2.6,Intel,Intel UHD,4,256.0,15.6,518,337,409,413,0.99
HP,Student,Intel,6,2.6,AMD,AMD Radeon,8,256.0,13.3,1542,1057,1251,451,2.77
HP,Basic,AMD,2,1.9,Intel,Intel Iris Xe,8,128.0,15.6,371,298,327,367,0.89
Dell,Professional,Intel,8,3.0,AMD,AMD Radeon,32,512.0,15.6,2433,1937,2136,2270,0.94
Lenovo,Basic,AMD,4,1.7,AMD,AMD Radeon,4,128.0,16.0,682,410,519,259,2.0
Lenovo,Professional,Intel,6,2.9,NVIDIA,NVIDIA RTX,16,512.0,15.6,1737,3461,2771,1651,1.68
ASUS,Professional,Intel,8,4.2,AMD,AMD Radeon,32,512.0,15.6,3367,1627,2323,1375,1.69
Acer,Student,Intel,4,2.7,Intel,Intel Iris Xe,16,512.0,14.0,1069,858,942,605,1.56
Dell,Gaming,Intel,12,4.9,NVIDIA,NVIDIA GeForce,32,512.0,15.6,5830,11334,9133,2994,3.05
Razer,Gaming,AMD,12,4.1,NVIDIA,NVIDIA RTX,32,512.0,15.6,4967,12293,9363,2952,3.17
ASUS,Gaming,AMD,12,3.2,AMD,AMD Radeon,16,512.0,17.3,3855,12161,8839,2089,4.23
Lenovo,Student,AMD,6,2.5,Intel,Intel Iris Xe,16,512.0,15.6,1500,1137,1282,677,1.89
HP,Professional,Intel,12,2.7,AMD,AMD Radeon,32,1024.0,14.0,3296,3419,3370,1794,1.88
Lenovo,Student,Intel,6,2.8,AMD,AMD Radeon,8,512.0,13.3,1665,817,1156,635,1.82
Acer,Professional,Intel,8,3.8,NVIDIA,NVIDIA GeForce,32,512.0,15.6,3065,1831,2325,1862,1.25
HP,Basic,Intel,4,2.3,AMD,AMD Radeon,8,256.0,16.0,912,653,757,479,1.58
Dell,Student,Intel,6,3.4,AMD,AMD Radeon,8,256.0,17.3,2069,1413,1675,674,2.49
ASUS,Professional,Intel,12,2.7,NVIDIA,NVIDIA RTX,16,512.0,14.0,3200,2019,2492,1909,1.31
Lenovo,Basic,Intel,4,2.4,AMD,AMD Radeon,4,128.0,15.6,956,360,598,362,1.65
Dell,Professional,Intel,6,2.7,AMD,AMD Radeon,32,1024.0,16.0,1598,2911,2386,971,2.46
Acer,Student,Intel,4,2.9,Intel,Intel Iris Xe,16,256.0,15.6,1162,866,985,502,1.96
Lenovo,Student,Intel,4,2.5,AMD,AMD Radeon,16,256.0,17.3,1019,1026,1023,618,1.66
Apple,Student,Intel,6,2.9,AMD,AMD Radeon,8,256.0,13.3,1741,1084,1347,539,2.5
ASUS,Gaming,Intel,12,3.6,NVIDIA,NVIDIA GeForce,32,512.0,16.0,4297,7553,6251,3433,1.82
Razer,Student,Intel,4,3.2,Intel,Intel Iris Xe,8,256.0,15.6,1291,1330,1314,514,2.56
Acer,Gaming,Intel,8,3.3,AMD,AMD Radeon,16,512.0,15.6,2639,11491,7950,3831,2.08
HP,Basic,AMD,4,1.8,Intel,Intel Iris Xe,8,256.0,15.6,729,649,681,231,2.95
ASUS,Professional,Intel,8,3.7,NVIDIA,NVIDIA GeForce,32,1024.0,16.0,2975,2805,2873,2106,1.36
ASUS,Professional,AMD,8,4.1,NVIDIA,NVIDIA GeForce,32,512.0,14.0,3251,2689,2914,2104,1.38
ASUS,Professional,AMD,8,4.4,AMD,AMD Radeon,32,1024.0,17.3,3559,1543,2350,1402,1.68
Lenovo,Gaming,Intel,8,3.3,NVIDIA,NVIDIA GeForce,32,512.0,14.0,2626,9642,6836,2022,3.38
HP,Gaming,Intel,12,4.0,NVIDIA,NVIDIA GeForce,32,1024.0,14.0,4765,11036,8528,3675,2.32
Acer,Professional,Intel,8,2.8,NVIDIA,NVIDIA RTX,16,512.0,16.0,2219,1611,1855,842,2.2
Dell,Basic,AMD,4,2.1,AMD,AMD Radeon,8,128.0,15.6,832,319,524,482,1.09
Razer,Gaming,Intel,8,3.8,AMD,AMD Radeon,32,1024.0,14.0,3069,14964,10206,3275,3.12
ASUS,Student,AMD,4,2.6,AMD,AMD Radeon,8,256.0,16.0,1033,1085,1064,929,1.15
HP,Student,AMD,4,2.1,AMD,AMD Radeon,8,256.0,15.6,849,1197,1058,843,1.26
Dell,Student,AMD,6,3.0,AMD,AMD Radeon,8,256.0,14.0,1781,621,1085,538,2.02
Acer,Student,Intel,6,3.4,Intel,Intel UHD,8,256.0,15.6,2036,831,1313,360,3.65
Dell,Student,Intel,6,2.7,AMD,AMD Radeon,8,512.0,17.3,1650,556,994,697,1.43
HP,Professional,Intel,8,3.2,AMD,AMD Radeon,32,512.0,15.6,2552,1735,2062,2003,1.03
HP,Gaming,Intel,16,5.1,AMD,AMD Radeon,16,512.0,15.6,8179,7362,7689,3759,2.05
Dell,Student,Intel,6,2.6,Intel,Intel Iris Xe,16,512.0,14.0,1561,676,1030,829,1.24
Dell,Gaming,AMD,8,4.6,AMD,AMD Radeon,16,512.0,17.3,3707,5100,4542,2439,1.86
Lenovo,Student,AMD,4,2.1,AMD,AMD Radeon,8,512.0,15.6,835,786,806,723,1.11
Lenovo,Professional,Intel,6,4.0,AMD,AMD Radeon,16,1024.0,15.6,2395,2508,2463,1604,1.54
Razer,Basic,Intel,2,1.6,AMD,AMD Radeon,4,128.0,14.0,320,783,598,459,1.3
ASUS,Professional,Intel,6,3.1,NVIDIA,NVIDIA GeForce,16,1024.0,14.0,1872,1297,1527,1608,0.95
HP,Professional,Intel,12,3.2,AMD,AMD Radeon,32,512.0,15.6,3829,2392,2967,2434,1.22
Dell,Student,Intel,6,2.8,Intel,Intel Iris Xe,8,256.0,13.3,1671,577,1014,614,1.65
Dell,Student,Intel,6,2.2,AMD,AMD Radeon,8,256.0,15.6,1350,910,1086,637,1.7
HP,Basic,AMD,2,2.0,AMD,AMD Radeon,4,128.0,13.3,409,310,350,556,0.63
Dell,Student,Intel,6,2.2,AMD,AMD Radeon,16,256.0,15.6,1332,1421,1385,618,2.24
HP,Basic,AMD,4,1.7,AMD,AMD Radeon,4,256.0,15.6,668,613,635,283,2.24
Lenovo,Student,AMD,6,2.9,AMD,AMD Radeon,16,512.0,14.0,1745,750,1148,702,1.64
Lenovo,Basic,Intel,4,2.2,Intel,Intel UHD,4,128.0,13.3,873,299,529,441,1.2
ASUS,Basic,Intel,2,1.8,Intel,Intel UHD,4,128.0,13.3,360,228,281,306,0.92
Acer,Basic,AMD,4,2.2,Intel,Intel UHD,4,256.0,16.0,864,787,818,360,2.27
Lenovo,Basic,Intel,2,2.0,Intel,Intel Iris Xe,8,256.0,17.3,403,262,318,472,0.67
Razer,Basic,AMD,4,1.9,AMD,AMD Radeon,4,128.0,15.6,749,254,452,173,2.61
Lenovo,Basic,Intel,2,1.6,Intel,Intel UHD,4,256.0,15.6,321,651,519,456,1.14
Lenovo,Professional,Intel,12,2.9,NVIDIA,NVIDIA GeForce,16,512.0,15.6,3498,2481,2888,1584,1.82
HP,Professional,Intel,8,3.2,AMD,AMD Radeon,16,1024.0,16.0,2528,3727,3247,1552,2.09
Apple,Gaming,Intel,16,3.1,NVIDIA,NVIDIA GeForce,16,512.0,14.0,4996,5853,5510,1985,2.78
Dell,Student,Intel,4,2.2,AMD,AMD Radeon,8,512.0,15.6,861,980,932,845,1.1
Dell,Professional,AMD,12,2.9,NVIDIA,NVIDIA RTX,32,1024.0,14.0,3469,3426,3443,1449,2.38
HP,Gaming,AMD,8,4.8,NVIDIA,NVIDIA GeForce,32,512.0,15.6,3845,5144,4624,1569,2.95
Acer,Basic,Intel,4,2.3,Intel,Intel UHD,4,128.0,15.6,905,738,804,335,2.4
ASUS,Basic,AMD,2,2.2,Intel,Intel Iris Xe,8,256.0,15.6,435,282,343,216,1.59
MSI,Basic,AMD,4,2.4,Intel,Intel UHD,4,128.0,13.3,945,732,817,280,2.92
Lenovo,Student,Intel,4,2.2,Intel,Intel Iris Xe,16,512.0,16.0,864,691,760,661,1.15
Dell,Student,Intel,4,2.5,Intel,Intel UHD,8,512.0,17.3,1002,1272,1164,628,1.85
Lenovo,Student,Intel,4,2.8,AMD,AMD Radeon,8,512.0,13.3,1124,573,794,725,1.1
Lenovo,Student,AMD,4,3.3,AMD,AMD Radeon,8,512.0,14.0,1317,1451,1397,733,1.91
ASUS,Basic,Intel,4,2.7,Intel,Intel UHD,4,512.0,14.0,1073,215,558,364,1.53
ASUS,Student,Intel,6,2.4,AMD,AMD Radeon,8,512.0,15.6,1463,1030,1203,688,1.75
Apple,Professional,Intel,6,3.6,NVIDIA,NVIDIA GeForce,16,512.0,15.6,2170,3445,2935,1680,1.75
Dell,Student,AMD,4,2.5,AMD,AMD Radeon,8,256.0,13.3,993,901,938,622,1.51
ASUS,Basic,Intel,4,1.6,AMD,AMD Radeon,8,128.0,15.6,659,228,401,359,1.12
HP,Student,AMD,4,2.3,AMD,AMD Radeon,8,256.0,15.6,931,1393,1208,479,2.52
Dell,Student,Intel,6,3.2,AMD,AMD Radeon,8,512.0,15.6,1913,1344,1571,803,1.96
ASUS,Gaming,Intel,8,5.1,NVIDIA,NVIDIA GeForce,16,512.0,16.0,4048,13225,9554,1620,5.9
HP,Gaming,AMD,16,3.8,AMD,AMD Radeon,32,512.0,15.6,6052,12390,9855,2452,4.02
Apple,Gaming,AMD,12,3.6,NVIDIA,NVIDIA GeForce,32,512.0,13.3,4336,7172,6038,1112,5.43
Apple,Basic,AMD,4,2.8,Intel,Intel Iris Xe,8,128.0,15.6,1108,396,681,339,2.01
Dell,Professional,Intel,8,3.3,NVIDIA,NVIDIA GeForce,16,512.0,15.6,2665,1233,1806,1916,0.94
Apple,Basic,Intel,2,1.9,AMD,AMD Radeon,4,128.0,14.0,383,657,548,248,2.21
Razer,Basic,AMD,2,2.1,Intel,Intel UHD,8,256.0,13.3,416,371,389,447,0.87
MSI,Student,Intel,4,2.8,AMD,AMD Radeon,8,256.0,16.0,1124,1257,1204,605,1.99
Lenovo,Basic,Intel,2,2.5,Intel,Intel Iris Xe,8,256.0,15.6,495,764,657,212,3.1
HP,Student,Intel,4,3.0,AMD,AMD Radeon,16,256.0,14.0,1203,1109,1147,400,2.87
Lenovo,Student,AMD,4,2.5,Intel,Intel Iris Xe,8,256.0,15.6,996,1494,1295,653,1.98
Lenovo,Student,Intel,6,2.6,Intel,Intel Iris Xe,8,256.0,15.6,1574,1495,1527,809,1.89
Dell,Student,AMD,6,2.1,AMD,AMD Radeon,8,512.0,13.3,1276,1302,1292,451,2.86
HP,Student,AMD,6,2.9,Intel,Intel UHD,8,512.0,15.6,1741,1015,1306,920,1.42
Apple,Professional,Intel,8,4.4,NVIDIA,NVIDIA RTX,16,512.0,13.3,3530,3932,3771,2272,1.66
Acer,Basic,Intel,2,1.8,AMD,AMD Radeon,4,128.0,14.0,354,515,450,349,1.29
Razer,Basic,Intel,4,2.2,AMD,AMD Radeon,4,512.0,15.6,898,292,534,445,1.2
Lenovo,Basic,Intel,2,2.3,AMD,AMD Radeon,4,256.0,15.6,470,786,660,392,1.68
ASUS,Gaming,Intel,12,5.5,NVIDIA,NVIDIA RTX,32,1024.0,15.6,6579,14466,11311,2174,5.2
Dell,Gaming,Intel,12,3.1,NVIDIA,NVIDIA GeForce,32,512.0,15.6,3664,9641,7250,2780,2.61
Dell,Student,Intel,6,2.3,Intel,Intel UHD,16,512.0,15.6,1362,884,1075,771,1.39
Dell,Basic,Intel,4,2.4,Intel,Intel UHD,8,256.0,15.6,956,209,508,454,1.12
ASUS,Professional,Intel,12,3.0,NVIDIA,NVIDIA RTX,16,512.0,15.6,3545,2196,2736,2220,1.23
Dell,Professional,Intel,8,3.8,NVIDIA,NVIDIA GeForce,32,512.0,14.0,3014,1938,2368,1383,1.71
Dell,Basic,Intel,2,1.9,Intel,Intel Iris Xe,4,128.0,15.6,372,706,572,351,1.63
Dell,Basic,AMD,2,2.6,Intel,Intel UHD,4,256.0,15.6,515,582,555,280,1.98
Lenovo,Student,Intel,4,3.3,Intel,Intel UHD,8,256.0,16.0,1309,1370,1346,662,2.03
Dell,Student,Intel,4,2.1,Intel,Intel Iris Xe,16,256.0,15.6,840,687,748,899,0.83
HP,Student,Intel,4,2.3,Intel,Intel Iris Xe,16,512.0,15.6,925,1113,1037,544,1.91
Dell,Professional,Intel,8,3.4,NVIDIA,NVIDIA GeForce,32,512.0,17.3,2686,1732,2114,2140,0.99
Apple,Basic,AMD,4,2.2,AMD,AMD Radeon,4,128.0,13.3,882,741,798,204,3.91
MSI,Basic,Intel,2,2.0,AMD,AMD Radeon,8,512.0,14.0,410,740,608,455,1.34
HP,Student,AMD,6,2.5,Intel,Intel UHD,8,256.0,13.3,1508,1236,1344,651,2.06
ASUS,Professional,Intel,8,4.3,AMD,AMD Radeon,16,512.0,15.6,3433,2106,2637,1776,1.48
Dell,Gaming,AMD,8,3.9,NVIDIA,NVIDIA GeForce,32,1024.0,15.6,3123,14689,10063,3633,2.77
HP,Gaming,Intel,8,3.2,AMD,AMD Radeon,32,1024.0,17.3,2566,14079,9474,2150,4.41
Apple,Professional,AMD,8,4.4,NVIDIA,NVIDIA GeForce,32,512.0,16.0,3506,2696,3020,779,3.88
Apple,Gaming,Intel,12,5.2,NVIDIA,NVIDIA GeForce,16,2048.0,15.6,6273,9022,7922,1369,5.79
Dell,Professional,Intel,12,3.3,AMD,AMD Radeon,32,1024.0,16.0,3996,3877,3925,1259,3.12
Dell,Student,Intel,4,2.3,AMD,AMD Radeon,8,256.0,13.3,931,1187,1084,603,1.8
ASUS,Professional,AMD,8,4.0,NVIDIA,NVIDIA RTX,32,1024.0,15.6,3198,1683,2289,2306,0.99
ASUS,Basic,AMD,2,2.7,AMD,AMD Radeon,8,512.0,15.6,533,238,356,288,1.24
Apple,Gaming,AMD,12,4.1,NVIDIA,NVIDIA RTX,16,512.0,14.0,4871,12410,9395,3191,2.94
Acer,Student,Intel,6,3.3,Intel,Intel Iris Xe,8,512.0,15.6,2004,578,1148,677,1.7
Acer,Professional,Intel,12,3.1,NVIDIA,NVIDIA RTX,32,1024.0,15.6,3663,3189,3379,2134,1.58
Acer,Student,AMD,4,3.0,AMD,AMD Radeon,8,256.0,17.3,1189,811,962,774,1.24
HP,Student,AMD,6,2.2,Intel,Intel UHD,8,512.0,14.0,1327,1264,1289,667,1.93
Lenovo,Professional,Intel,6,4.2,NVIDIA,NVIDIA GeForce,16,1024.0,16.0,2519,1027,1624,902,1.8
Razer,Student,Intel,4,2.7,AMD,AMD Radeon,8,256.0,17.3,1085,545,761,561,1.36
Apple,Student,Intel,6,2.9,AMD,AMD Radeon,8,256.0,15.6,1728,847,1199,590,2.03
Acer,Gaming,Intel,8,4.6,AMD,AMD Radeon,32,1024.0,16.0,3718,9818,7378,3916,1.88
Lenovo,Basic,AMD,2,2.5,Intel,Intel UHD,4,128.0,16.0,499,238,342,242,1.41
Dell,Basic,Intel,2,1.7,Intel,Intel Iris Xe,4,128.0,13.3,349,431,398,202,1.97
MSI,Basic,Intel,4,2.5,Intel,Intel UHD,4,512.0,17.3,986,558,729,422,1.73
MSI,Basic,Intel,2,1.8,Intel,Intel UHD,4,128.0,16.0,355,512,449,170,2.64
ASUS,Basic,AMD,2,2.5,Intel,Intel Iris Xe,8,256.0,16.0,493,358,412,347,1.19
Dell,Student,Intel,6,3.2,Intel,Intel UHD,16,256.0,17.3,1923,1124,1444,504,2.87
Apple,Student,Intel,4,3.2,Intel,Intel Iris Xe,16,256.0,15.6,1296,509,823,551,1.49
Acer,Gaming,Intel,12,5.2,NVIDIA,NVIDIA GeForce,16,512.0,15.6,6279,5831,6010,3116,1.93
Acer,Professional,AMD,6,2.5,AMD,AMD Radeon,32,512.0,15.6,1514,2002,1807,1691,1.07
ASUS,Student,Intel,6,2.6,Intel,Intel Iris Xe,8,256.0,15.6,1582,656,1026,768,1.34
Dell,Professional,Intel,6,3.0,NVIDIA,NVIDIA RTX,32,512.0,16.0,1778,2584,2261,1263,1.79
Acer,Student,Intel,6,2.5,AMD,AMD Radeon,16,512.0,16.0,1511,504,907,534,1.7
ASUS,Gaming,Intel,16,4.6,NVIDIA,NVIDIA GeForce,16,512.0,16.0,7422,12637,10551,1729,6.1
Lenovo,Student,AMD,4,2.4,Intel,Intel Iris Xe,8,256.0,13.3,967,1284,1157,491,2.36
Dell,Student,Intel,4,2.4,AMD,AMD Radeon,8,512.0,14.0,954,1271,1145,406,2.82
HP,Student,AMD,6,3.1,AMD,AMD Radeon,8,256.0,13.3,1855,888,1275,584,2.18
HP,Student,Intel,6,3.0,Intel,Intel Iris Xe,8,512.0,13.3,1782,1127,1389,701,1.98
Dell,Professional,AMD,8,2.7,AMD,AMD Radeon,16,512.0,16.0,2129,3861,3168,1747,1.81
ASUS,Basic,Intel,2,1.9,Intel,Intel UHD,4,256.0,13.3,385,644,540,319,1.69
Lenovo,Student,Intel,6,2.9,Intel,Intel UHD,8,256.0,16.0,1721,867,1209,586,2.06
Dell,Professional,Intel,8,2.6,NVIDIA,NVIDIA RTX,32,1024.0,14.0,2054,2419,2273,1098,2.07
Lenovo,Gaming,Intel,16,4.7,NVIDIA,NVIDIA GeForce,32,2048.0,16.0,7508,7015,7212,2258,3.19
Dell,Basic,Intel,2,2.5,AMD,AMD Radeon,4,256.0,15.6,491,248,345,515,0.67
Razer,Student,Intel,6,2.6,AMD,AMD Radeon,8,512.0,15.6,1558,720,1055,474,2.23
Acer,Student,AMD,6,3.0,Intel,Intel UHD,8,256.0,17.3,1772,767,1169,435,2.69
Dell,Student,Intel,4,3.0,AMD,AMD Radeon,8,512.0,15.6,1218,1234,1228,519,2.37
Lenovo,Professional,Intel,12,4.4,AMD,AMD Radeon,16,1024.0,15.6,5260,2232,3443,1557,2.21
Acer,Professional,AMD,8,3.9,AMD,AMD Radeon,16,1024.0,15.6,3154,2218,2593,1857,1.4
HP,Basic,Intel,4,2.4,AMD,AMD Radeon,4,128.0,17.3,943,376,603,454,1.33
ASUS,Student,Intel,6,2.3,AMD,AMD Radeon,8,512.0,15.6,1365,725,981,461,2.13
ASUS,Student,AMD,4,2.5,AMD,AMD Radeon,8,512.0,16.0,982,1090,1047,761,1.38
HP,Student,Intel,4,2.6,Intel,Intel UHD,8,512.0,17.3,1045,655,811,929,0.87
Dell,Gaming,Intel,8,4.2,NVIDIA,NVIDIA GeForce,32,1024.0,15.6,3375,13853,9662,3343,2.89
Dell,Gaming,Intel,8,4.6,AMD,AMD Radeon,16,1024.0,13.3,3707,5301,4664,2755,1.69
Acer,Student,Intel,6,2.1,AMD,AMD Radeon,8,256.0,15.6,1271,1038,1131,514,2.2
Apple,Gaming,Intel,8,3.2,AMD,AMD Radeon,16,1024.0,17.3,2546,8046,5846,2438,2.4
Lenovo,Basic,Intel,4,2.2,Intel,Intel UHD,4,512.0,14.0,868,540,671,450,1.49
Lenovo,Student,Intel,6,2.5,Intel,Intel Iris Xe,8,256.0,15.6,1493,1192,1312,934,1.4
MSI,Basic,Intel,4,2.6,AMD,AMD Radeon,4,128.0,13.3,1056,561,759,351,2.16
Razer,Basic,Intel,2,2.0,Intel,Intel Iris Xe,4,256.0,15.6,401,569,502,404,1.24
HP,Basic,Intel,4,2.6,AMD,AMD Radeon,8,128.0,15.6,1039,291,590,201,2.94
HP,Professional,Intel,8,4.2,AMD,AMD Radeon,16,512.0,17.3,3383,2206,2677,911,2.94
ASUS,Professional,Intel,12,3.9,AMD,AMD Radeon,16,512.0,17.3,4645,3232,3797,1630,2.33
Lenovo,Basic,Intel,4,2.3,AMD,AMD Radeon,4,256.0,17.3,906,675,767,196,3.91
ASUS,Basic,Intel,2,2.4,AMD,AMD Radeon,8,128.0,15.6,478,267,352,155,2.27
ASUS,Basic,Intel,2,2.6,AMD,AMD Radeon,8,128.0,14.0,514,419,457,354,1.29
Dell,Gaming,AMD,8,3.1,AMD,AMD Radeon,32,512.0,16.0,2482,14896,9930,2627,3.78
Dell,Basic,AMD,2,1.8,AMD,AMD Radeon,8,256.0,14.0,351,798,619,335,1.85
Dell,Professional,Intel,6,4.1,NVIDIA,NVIDIA GeForce,16,512.0,15.6,2481,3284,2963,944,3.14
Acer,Gaming,AMD,8,4.4,NVIDIA,NVIDIA RTX,16,512.0,14.0,3558,5527,4740,3694,1.28
Dell,Basic,Intel,4,2.1,Intel,Intel Iris Xe,8,256.0,14.0,852,320,532,304,1.75
ASUS,Student,Intel,4,3.4,Intel,Intel Iris Xe,8,512.0,16.0,1347,585,890,587,1.52
HP,Student,Intel,4,2.1,Intel,Intel UHD,16,512.0,17.3,856,952,914,531,1.72
Acer,Gaming,AMD,8,4.1,NVIDIA,NVIDIA RTX,16,1024.0,15.6,3303,8427,6378,3641,1.75
Lenovo,Basic,Intel,4,1.9,Intel,Intel Iris Xe,4,256.0,13.3,752,248,449,257,1.75
Dell,Basic,AMD,2,2.1,Intel,Intel Iris Xe,8,256.0,17.3,422,722,602,328,1.84
ASUS,Gaming,AMD,12,5.2,NVIDIA,NVIDIA GeForce,16,512.0,15.6,6272,13416,10559,1058,9.98
HP,Gaming,Intel,12,5.4,NVIDIA,NVIDIA GeForce,32,2048.0,15.6,6501,13664,10799,3765,2.87
ASUS,Basic,Intel,2,1.7,AMD,AMD Radeon,4,128.0,16.0,338,520,447,468,0.96
Lenovo,Basic,AMD,2,2.8,Intel,Intel Iris Xe,4,256.0,15.6,557,616,593,280,2.12
Dell,Professional,Intel,8,3.2,AMD,AMD Radeon,16,512.0,15.6,2574,1469,1911,1471,1.3
Razer,Gaming,Intel,12,3.1,NVIDIA,NVIDIA RTX,16,1024.0,15.6,3690,8574,6620,3230,2.05
Acer,Student,Intel,6,2.1,Intel,Intel Iris Xe,8,512.0,16.0,1270,988,1101,446,2.47
ASUS,Gaming,Intel,12,5.2,NVIDIA,NVIDIA GeForce,16,1024.0,15.6,6203,8714,7709,1113,6.93
HP,Basic,Intel,4,2.0,AMD,AMD Radeon,8,128.0,15.6,813,745,772,343,2.25
HP,Professional,Intel,8,3.9,NVIDIA,NVIDIA GeForce,32,512.0,15.6,3159,3620,3436,1715,2.0
HP,Gaming,Intel,16,5.3,NVIDIA,NVIDIA GeForce,16,512.0,15.6,8509,5332,6603,1324,4.99
MSI,Student,AMD,6,3.4,AMD,AMD Radeon,16,256.0,15.6,2058,1436,1684,603,2.79
Lenovo,Basic,Intel,4,1.7,AMD,AMD Radeon,8,128.0,17.3,670,292,444,224,1.98
Lenovo,Student,Intel,4,2.3,AMD,AMD Radeon,16,256.0,17.3,923,593,725,728,1.0
MSI,Student,Intel,6,3.3,Intel,Intel Iris Xe,8,256.0,17.3,2007,1413,1651,343,4.81
Lenovo,Basic,Intel,2,2.6,Intel,Intel UHD,8,128.0,14.0,527,470,493,267,1.85
Lenovo,Student,AMD,4,2.1,AMD,AMD Radeon,8,256.0,15.6,821,810,815,896,0.91
HP,Student,AMD,6,3.0,AMD,AMD Radeon,8,512.0,15.6,1808,514,1032,877,1.18
Lenovo,Student,AMD,4,2.8,Intel,Intel Iris Xe,16,512.0,17.3,1120,805,931,728,1.28
Dell,Professional,AMD,8,3.1,NVIDIA,NVIDIA RTX,16,512.0,13.3,2488,1519,1907,895,2.13
HP,Basic,Intel,4,2.8,Intel,Intel Iris Xe,8,128.0,16.0,1111,619,816,427,1.91
Lenovo,Basic,AMD,4,2.4,Intel,Intel UHD,8,128.0,14.0,940,212,503,456,1.1
Lenovo,Professional,AMD,6,2.9,NVIDIA,NVIDIA GeForce,16,512.0,17.3,1738,2319,2087,2114,0.99
Dell,Professional,Intel,8,3.1,NVIDIA,NVIDIA GeForce,16,512.0,16.0,2498,2699,2618,1149,2.28
ASUS,Student,AMD,4,2.7,AMD,AMD Radeon,16,512.0,14.0,1064,1282,1195,544,2.2
Apple,Student,Intel,4,2.8,Intel,Intel Iris Xe,8,256.0,15.6,1137,510,761,664,1.15
HP,Professional,Intel,8,2.9,AMD,AMD Radeon,16,512.0,13.3,2295,1374,1743,2003,0.87
Dell,Student,Intel,4,2.6,Intel,Intel UHD,8,256.0,16.0,1044,1348,1226,520,2.36
Dell,Basic,Intel,2,2.3,AMD,AMD Radeon,4,128.0,13.3,459,248,333,381,0.87
Acer,Professional,Intel,12,3.5,NVIDIA,NVIDIA RTX,32,512.0,15.6,4227,2942,3456,1118,3.09
Acer,Professional,Intel,8,2.6,NVIDIA,NVIDIA RTX,16,1024.0,15.6,2108,2266,2202,905,2.43
HP,Student,AMD,4,2.4,Intel,Intel UHD,8,256.0,14.0,978,635,772,706,1.09
HP,Professional,Intel,8,3.9,NVIDIA,NVIDIA GeForce,16,1024.0,14.0,3150,2288,2633,912,2.89
Acer,Professional,Intel,12,3.2,AMD,AMD Radeon,32,512.0,17.3,3864,3451,3616,1095,3.3
Dell,Professional,Intel,8,2.5,NVIDIA,NVIDIA GeForce,16,512.0,14.0,2039,1364,1634,1389,1.18
Dell,Professional,Intel,6,2.7,NVIDIA,NVIDIA GeForce,16,1024.0,15.6,1609,1264,1402,1580,0.89
Lenovo,Basic,Intel,2,1.6,AMD,AMD Radeon,8,128.0,16.0,329,752,583,402,1.45
Acer,Basic,Intel,2,2.7,AMD,AMD Radeon,4,512.0,15.6,535,329,411,191,2.15
Razer,Basic,AMD,2,1.9,AMD,AMD Radeon,4,128.0,15.6,381,661,549,483,1.14
Lenovo,Professional,Intel,12,4.0,NVIDIA,NVIDIA GeForce,16,1024.0,14.0,4840,3323,3930,2000,1.96
ASUS,Basic,Intel,2,2.5,AMD,AMD Radeon,4,256.0,14.0,496,699,618,288,2.15
HP,Student,Intel,4,2.4,Intel,Intel Iris Xe,8,512.0,15.6,977,1192,1106,483,2.29
Dell,Gaming,Intel,12,4.9,NVIDIA,NVIDIA RTX,16,512.0,15.6,5838,8797,7613,2058,3.7
HP,Student,AMD,4,3.4,AMD,AMD Radeon,8,512.0,13.3,1349,1386,1371,622,2.2
HP,Gaming,AMD,8,5.1,NVIDIA,NVIDIA RTX,32,2048.0,13.3,4119,6175,5353,2416,2.22
Acer,Basic,Intel,2,2.4,Intel,Intel Iris Xe,4,256.0,14.0,471,203,310,323,0.96
Dell,Basic,AMD,2,1.8,Intel,Intel UHD,8,128.0,17.3,354,346,349,476,0.73
Acer,Professional,AMD,6,3.4,NVIDIA,NVIDIA RTX,32,1024.0,13.3,2057,1992,2018,858,2.35
HP,Professional,Intel,6,3.6,NVIDIA,NVIDIA GeForce,32,1024.0,15.6,2174,3000,2669,2381,1.12
MSI,Professional,Intel,8,4.4,AMD,AMD Radeon,16,512.0,13.3,3491,3150,3286,1296,2.54
MSI,Professional,Intel,8,4.1,NVIDIA,NVIDIA GeForce,16,512.0,15.6,3296,1174,2023,2293,0.88
HP,Professional,AMD,12,3.4,AMD,AMD Radeon,16,512.0,13.3,4045,1052,2249,1127,2.0
ASUS,Student,Intel,6,2.5,AMD,AMD Radeon,8,256.0,15.6,1525,566,950,498,1.91
Lenovo,Gaming,Intel,12,4.7,NVIDIA,NVIDIA RTX,32,1024.0,15.6,5645,6728,6295,3653,1.72
ASUS,Basic,Intel,4,2.1,AMD,AMD Radeon,4,512.0,17.3,844,579,685,447,1.53
MSI,Basic,AMD,4,2.5,AMD,AMD Radeon,4,128.0,16.0,988,589,749,425,1.76
HP,Basic,Intel,2,2.3,Intel,Intel Iris Xe,4,256.0,16.0,466,267,347,326,1.06
ASUS,Basic,Intel,2,2.7,AMD,AMD Radeon,4,128.0,15.6,548,531,538,311,1.73
Razer,Basic,AMD,2,1.7,AMD,AMD Radeon,4,128.0,15.6,332,407,377,446,0.85
ASUS,Student,Intel,6,3.3,Intel,Intel Iris Xe,8,256.0,17.3,1976,1257,1544,530,2.91
HP,Basic,Intel,4,2.4,Intel,Intel Iris Xe,4,128.0,13.3,956,270,544,272,2.0
HP,Professional,Intel,6,4.4,AMD,AMD Radeon,16,1024.0,14.0,2635,1561,1991,1914,1.04
HP,Gaming,Intel,12,4.5,NVIDIA,NVIDIA RTX,32,2048.0,16.0,5394,14565,10896,3162,3.45
Acer,Student,Intel,4,3.3,AMD,AMD Radeon,16,256.0,17.3,1335,972,1117,899,1.24
Lenovo,Gaming,Intel,8,4.4,AMD,AMD Radeon,32,1024.0,14.0,3484,6647,5382,3285,1.64
ASUS,Basic,Intel,2,2.6,Intel,Intel UHD,8,128.0,13.3,526,632,589,367,1.6
HP,Gaming,Intel,16,3.0,AMD,AMD Radeon,32,512.0,15.6,4823,9076,7375,2817,2.62
Dell,Professional,Intel,8,3.4,AMD,AMD Radeon,16,512.0,14.0,2724,1494,1986,1510,1.32
ASUS,Professional,AMD,6,2.5,AMD,AMD Radeon,16,512.0,17.3,1511,2617,2175,2097,1.04
Razer,Gaming,Intel,8,4.1,NVIDIA,NVIDIA GeForce,32,1024.0,14.0,3263,13141,9190,3212,2.86
Apple,Student,Intel,6,3.3,AMD,AMD Radeon,8,256.0,14.0,1957,1017,1393,585,2.38
Lenovo,Gaming,Intel,8,3.8,NVIDIA,NVIDIA RTX,32,2048.0,16.0,3027,5508,4516,3249,1.39
MSI,Basic,Intel,2,2.7,AMD,AMD Radeon,4,128.0,15.6,549,730,657,232,2.83
Lenovo,Basic,Intel,2,1.7,Intel,Intel Iris Xe,8,128.0,14.0,344,617,508,411,1.24
Acer,Student,Intel,4,3.4,AMD,AMD Radeon,8,512.0,14.0,1352,1027,1157,481,2.41
MSI,Professional,Intel,12,4.3,AMD,AMD Radeon,32,512.0,14.0,5187,1971,3257,1892,1.72
Apple,Basic,Intel,2,2.5,Intel,Intel Iris Xe,8,256.0,15.6,492,706,620,342,1.81
Lenovo,Gaming,AMD,12,3.4,AMD,AMD Radeon,32,2048.0,15.6,4059,11084,8274,3576,2.31
Dell,Basic,AMD,2,1.8,AMD,AMD Radeon,4,128.0,13.3,351,664,539,366,1.47
HP,Basic,Intel,4,2.2,Intel,Intel Iris Xe,4,128.0,14.0,866,557,681,333,2.05
Acer,Professional,Intel,12,3.3,NVIDIA,NVIDIA GeForce,32,512.0,16.0,3981,1065,2231,2138,1.04
Lenovo,Basic,AMD,2,2.1,AMD,AMD Radeon,4,128.0,15.6,427,458,445,417,1.07
Lenovo,Basic,Intel,4,2.1,Intel,Intel UHD,4,256.0,16.0,848,642,724,493,1.47
Lenovo,Student,AMD,4,3.4,AMD,AMD Radeon,8,512.0,14.0,1355,918,1093,494,2.21
ASUS,Professional,Intel,12,2.5,AMD,AMD Radeon,32,1024.0,14.0,3041,3119,3088,2443,1.26
MSI,Student,Intel,4,2.2,AMD,AMD Radeon,8,256.0,16.0,868,1088,1000,906,1.1
MSI,Gaming,Intel,8,4.9,NVIDIA,NVIDIA GeForce,16,1024.0,16.0,3922,8795,6845,2558,2.68
Acer,Professional,Intel,8,3.2,AMD,AMD Radeon,16,512.0,14.0,2521,1832,2108,1686,1.25
ASUS,Gaming,Intel,12,3.3,NVIDIA,NVIDIA RTX,16,512.0,15.6,4018,12046,8835,1273,6.94
ASUS,Basic,Intel,4,2.1,AMD,AMD Radeon,8,256.0,15.6,828,492,626,473,1.32
Lenovo,Basic,Intel,4,1.8,Intel,Intel Iris Xe,4,512.0,15.6,724,462,567,493,1.15
Dell,Student,Intel,6,2.5,Intel,Intel UHD,16,512.0,15.6,1499,921,1152,456,2.53
Acer,Professional,Intel,6,3.3,NVIDIA,NVIDIA GeForce,32,512.0,16.0,1963,2311,2172,1755,1.24
Dell,Basic,Intel,2,2.5,Intel,Intel UHD,4,256.0,14.0,502,441,465,232,2.0
HP,Student,Intel,4,2.5,Intel,Intel Iris Xe,8,256.0,16.0,1001,673,804,637,1.26
Dell,Gaming,Intel,8,3.1,NVIDIA,NVIDIA RTX,32,512.0,13.3,2519,12877,8734,2539,3.44
Apple,Student,Intel,4,2.9,Intel,Intel Iris Xe,8,256.0,14.0,1154,1023,1075,801,1.34
Apple,Professional,Intel,12,3.5,AMD,AMD Radeon,32,512.0,16.0,4227,3900,4031,1302,3.1
Dell,Gaming,Intel,8,3.8,AMD,AMD Radeon,32,2048.0,14.0,3000,8785,6471,3244,1.99
Lenovo,Gaming,AMD,8,3.3,AMD,AMD Radeon,16,512.0,13.3,2647,10770,7521,2836,2.65
Lenovo,Basic,AMD,2,2.7,Intel,Intel UHD,8,128.0,14.0,534,485,505,515,0.98
HP,Gaming,Intel,8,3.6,AMD,AMD Radeon,16,512.0,16.0,2880,14711,9978,2609,3.82
Dell,Student,Intel,4,2.3,Intel,Intel Iris Xe,16,256.0,16.0,935,927,930,762,1.22
Dell,Basic,Intel,4,2.7,AMD,AMD Radeon,4,128.0,16.0,1099,495,736,163,4.52
Lenovo,Student,Intel,4,2.2,AMD,AMD Radeon,8,256.0,17.3,900,1214,1088,587,1.85
ASUS,Professional,Intel,8,4.0,AMD,AMD Radeon,16,512.0,15.6,3178,3716,3501,1944,1.8
Lenovo,Basic,AMD,2,2.6,AMD,AMD Radeon,4,256.0,15.6,515,296,384,268,1.43
Acer,Student,Intel,4,2.3,AMD,AMD Radeon,16,512.0,14.0,929,854,884,689,1.28
Acer,Basic,Intel,4,2.2,AMD,AMD Radeon,8,256.0,15.6,867,664,745,308,2.42
HP,Basic,Intel,4,2.6,AMD,AMD Radeon,4,512.0,16.0,1025,541,735,176,4.18
Dell,Student,Intel,6,2.6,Intel,Intel UHD,8,512.0,15.6,1547,1288,1392,703,1.98
HP,Gaming,Intel,8,4.6,AMD,AMD Radeon,32,1024.0,14.0,3661,11641,8449,1236,6.84
Lenovo,Professional,AMD,6,3.2,NVIDIA,NVIDIA RTX,16,512.0,14.0,1902,3842,3066,1603,1.91
HP,Gaming,Intel,12,5.1,NVIDIA,NVIDIA RTX,16,2048.0,16.0,6161,5190,5579,3207,1.74
Apple,Basic,Intel,2,1.8,AMD,AMD Radeon,4,128.0,15.6,355,642,527,472,1.12
Dell,Basic,Intel,4,2.8,AMD,AMD Radeon,4,128.0,15.6,1101,706,864,167,5.17
HP,Student,Intel,4,2.7,Intel,Intel UHD,8,512.0,13.3,1070,1108,1093,522,2.09
ASUS,Gaming,AMD,8,4.6,NVIDIA,NVIDIA GeForce,16,1024.0,16.0,3694,6245,5225,1625,3.22
HP,Student,Intel,4,3.1,AMD,AMD Radeon,16,256.0,16.0,1259,581,852,464,1.84
ASUS,Gaming,Intel,12,5.1,AMD,AMD Radeon,32,512.0,16.0,6101,5446,5708,2809,2.03
Apple,Gaming,AMD,16,4.7,AMD,AMD Radeon,32,1024.0,13.3,7446,13336,10980,1658,6.62
MSI,Student,AMD,4,2.9,AMD,AMD Radeon,8,512.0,14.0,1155,1269,1224,563,2.17
HP,Student,Intel,4,2.4,AMD,AMD Radeon,8,256.0,16.0,964,631,764,679,1.13
ASUS,Basic,Intel,2,2.0,AMD,AMD Radeon,4,512.0,15.6,394,323,351,258,1.36
Dell,Student,Intel,4,2.8,AMD,AMD Radeon,8,256.0,14.0,1100,1194,1156,842,1.37
Acer,Professional,Intel,6,3.8,AMD,AMD Radeon,16,1024.0,16.0,2255,1850,2012,801,2.51
Lenovo,Gaming,AMD,12,3.9,NVIDIA,NVIDIA GeForce,32,512.0,14.0,4644,5644,5244,1332,3.94
Lenovo,Professional,Intel,8,4.0,AMD,AMD Radeon,16,512.0,15.6,3180,1342,2077,1437,1.45
ASUS,Basic,Intel,4,2.8,Intel,Intel UHD,4,256.0,14.0,1103,537,764,446,1.71
Razer,Student,AMD,6,2.1,AMD,AMD Radeon,8,512.0,15.6,1252,632,880,479,1.84
ASUS,Basic,Intel,2,2.8,AMD,AMD Radeon,4,128.0,15.6,551,620,592,553,1.07
ASUS,Student,AMD,4,2.6,Intel,Intel Iris Xe,8,512.0,15.6,1037,761,871,453,1.92
Apple,Student,AMD,4,2.9,Intel,Intel UHD,8,512.0,14.0,1142,708,881,410,2.15
Lenovo,Basic,AMD,2,2.3,AMD,AMD Radeon,4,256.0,14.0,469,351,398,517,0.77
HP,Student,Intel,6,2.4,AMD,AMD Radeon,8,512.0,16.0,1458,835,1084,748,1.45
HP,Professional,Intel,8,3.8,AMD,AMD Radeon,16,512.0,13.3,3009,1629,2181,1628,1.34
Lenovo,Professional,Intel,12,2.9,AMD,AMD Radeon,16,512.0,15.6,3534,2939,3177,1807,1.76
Dell,Gaming,Intel,8,4.0,NVIDIA,NVIDIA RTX,32,1024.0,16.0,3216,10138,7370,2807,2.63
Lenovo,Basic,Intel,2,2.5,AMD,AMD Radeon,8,256.0,15.6,493,221,330,399,0.83
Lenovo,Professional,Intel,8,3.5,NVIDIA,NVIDIA RTX,32,512.0,16.0,2790,2101,2377,2305,1.03
Razer,Gaming,Intel,12,3.8,AMD,AMD Radeon,16,1024.0,16.0,4600,9356,7454,2271,3.28
HP,Student,Intel,4,2.3,AMD,AMD Radeon,8,512.0,13.3,901,597,719,607,1.18
Lenovo,Basic,AMD,2,1.9,AMD,AMD Radeon,4,256.0,13.3,378,217,281,387,0.73
ASUS,Basic,Intel,4,2.7,AMD,AMD Radeon,4,256.0,16.0,1083,474,718,327,2.2
ASUS,Professional,Intel,6,4.4,AMD,AMD Radeon,16,1024.0,14.0,2612,3974,3429,1669,2.05
Acer,Professional,Intel,8,3.9,AMD,AMD Radeon,32,512.0,14.0,3158,3355,3276,1596,2.05
Acer,Student,AMD,4,2.0,AMD,AMD Radeon,8,512.0,16.0,806,1130,1000,960,1.04
ASUS,Gaming,Intel,16,4.5,NVIDIA,NVIDIA RTX,32,512.0,15.6,7227,6072,6534,1345,4.86
Acer,Professional,Intel,8,3.3,NVIDIA,NVIDIA RTX,16,1024.0,15.6,2674,2853,2782,840,3.31
Lenovo,Gaming,Intel,12,4.2,NVIDIA,NVIDIA RTX,16,1024.0,17.3,5046,10392,8253,1533,5.38
Lenovo,Professional,Intel,6,3.7,NVIDIA,NVIDIA GeForce,32,512.0,17.3,2211,2705,2507,2140,1.17
Dell,Gaming,Intel,12,4.1,NVIDIA,NVIDIA GeForce,32,1024.0,15.6,4939,11073,8619,3855,2.24
HP,Student,AMD,4,3.2,AMD,AMD Radeon,8,512.0,13.3,1268,981,1096,650,1.69
Dell,Professional,Intel,8,4.3,AMD,AMD Radeon,32,1024.0,15.6,3460,2453,2856,915,3.12
HP,Professional,AMD,6,3.7,NVIDIA,NVIDIA RTX,32,1024.0,15.6,2240,1948,2065,2274,0.91
MSI,Gaming,AMD,12,5.2,AMD,AMD Radeon,16,2048.0,15.6,6240,6428,6353,1295,4.91
Acer,Basic,AMD,2,1.6,AMD,AMD Radeon,4,128.0,15.6,330,383,361,324,1.11
Razer,Gaming,AMD,12,3.7,NVIDIA,NVIDIA RTX,32,1024.0,15.6,4470,9984,7778,3858,2.02
Lenovo,Student,Intel,6,3.4,Intel,Intel UHD,8,512.0,17.3,2066,758,1281,904,1.42
ASUS,Basic,AMD,2,2.1,AMD,AMD Radeon,4,512.0,17.3,414,229,303,255,1.19
Dell,Student,Intel,6,2.1,Intel,Intel UHD,8,512.0,16.0,1285,726,950,740,1.28
Apple,Professional,Intel,12,3.5,NVIDIA,NVIDIA RTX,16,1024.0,17.3,4167,1994,2863,1009,2.84
ASUS,Professional,AMD,6,4.1,NVIDIA,NVIDIA GeForce,16,1024.0,16.0,2447,2584,2529,1367,1.85
Apple,Basic,AMD,4,2.3,AMD,AMD Radeon,4,128.0,17.3,902,774,826,412,2.0
Lenovo,Student,Intel,4,2.8,Intel,Intel Iris Xe,8,256.0,15.6,1136,1337,1257,838,1.5
Lenovo,Professional,AMD,6,3.8,NVIDIA,NVIDIA RTX,16,512.0,15.6,2270,3508,3013,1048,2.88
Dell,Gaming,Intel,8,3.2,NVIDIA,NVIDIA GeForce,16,1024.0,16.0,2586,6852,5145,2446,2.1
Acer,Basic,Intel,2,1.7,Intel,Intel UHD,8,128.0,14.0,331,276,298,307,0.97
HP,Gaming,Intel,8,4.6,NVIDIA,NVIDIA RTX,16,512.0,14.0,3702,7850,6191,3523,1.76
Lenovo,Basic,Intel,2,2.2,Intel,Intel Iris Xe,4,256.0,16.0,445,471,461,437,1.05
Dell,Gaming,AMD,8,5.4,AMD,AMD Radeon,32,512.0,15.6,4351,14364,10359,1851,5.6
Acer,Professional,Intel,6,4.3,AMD,AMD Radeon,16,1024.0,15.6,2585,2043,2260,2176,1.04
HP,Student,Intel,4,3.0,Intel,Intel UHD,8,512.0,15.6,1211,683,894,530,1.69
Razer,Professional,Intel,8,4.3,AMD,AMD Radeon,32,1024.0,15.6,3403,2521,2874,1888,1.52
Lenovo,Basic,AMD,2,2.0,AMD,AMD Radeon,4,256.0,15.6,392,628,533,392,1.36
Apple,Basic,Intel,2,1.7,AMD,AMD Radeon,4,128.0,17.3,341,674,541,523,1.03
Apple,Student,Intel,4,3.0,Intel,Intel Iris Xe,16,512.0,14.0,1191,753,928,647,1.43
Dell,Professional,Intel,8,4.0,NVIDIA,NVIDIA GeForce,16,512.0,16.0,3205,2196,2599,2325,1.12
Acer,Basic,Intel,4,2.1,Intel,Intel UHD,4,256.0,16.0,847,331,537,235,2.29
ASUS,Gaming,AMD,12,4.8,NVIDIA,NVIDIA GeForce,32,512.0,15.6,5750,8421,7353,3866,1.9
Dell,Professional,Intel,6,3.2,NVIDIA,NVIDIA RTX,32,512.0,13.3,1915,1124,1440,1041,1.38
Lenovo,Basic,Intel,2,2.8,AMD,AMD Radeon,4,128.0,15.6,552,522,534,385,1.39
MSI,Gaming,Intel,16,4.0,NVIDIA,NVIDIA GeForce,32,2048.0,14.0,6344,10774,9002,2468,3.65
HP,Student,Intel,4,3.5,AMD,AMD Radeon,16,512.0,16.0,1394,1072,1201,877,1.37
Acer,Basic,Intel,2,2.4,Intel,Intel Iris Xe,8,128.0,15.6,482,233,332,358,0.93
HP,Student,Intel,6,3.0,Intel,Intel Iris Xe,8,256.0,14.0,1791,1422,1570,381,4.12
ASUS,Student,Intel,4,2.0,Intel,Intel Iris Xe,16,256.0,16.0,807,833,822,936,0.88
ASUS,Professional,Intel,8,3.0,AMD,AMD Radeon,32,1024.0,13.3,2435,3569,3116,2208,1.41
ASUS,Student,Intel,4,2.2,AMD,AMD Radeon,8,256.0,17.3,869,1290,1121,439,2.55
Dell,Gaming,Intel,8,3.8,AMD,AMD Radeon,16,512.0,16.0,3062,5443,4491,2144,2.09
ASUS,Basic,Intel,4,2.7,Intel,Intel UHD,4,128.0,15.6,1092,211,563,494,1.14
Acer,Student,Intel,4,3.5,Intel,Intel UHD,16,512.0,15.6,1395,657,953,847,1.13
MSI,Basic,Intel,2,2.0,Intel,Intel UHD,4,128.0,15.6,399,318,350,364,0.96
Acer,Basic,AMD,2,2.7,Intel,Intel Iris Xe,4,256.0,15.6,547,690,633,247,2.56
Lenovo,Student,AMD,6,2.4,Intel,Intel Iris Xe,8,256.0,13.3,1461,611,951,434,2.19
Apple,Gaming,Intel,8,5.1,NVIDIA,NVIDIA GeForce,32,1024.0,16.0,4062,6042,5250,1389,3.78
Lenovo,Basic,Intel,2,1.6,Intel,Intel UHD,4,128.0,14.0,328,507,436,288,1.51
Lenovo,Gaming,AMD,16,4.9,NVIDIA,NVIDIA GeForce,16,1024.0,15.6,7800,8843,8426,3526,2.39
Acer,Basic,Intel,2,2.2,Intel,Intel Iris Xe,8,512.0,15.6,446,680,586,346,1.69
Acer,Professional,AMD,8,3.0,NVIDIA,NVIDIA RTX,32,512.0,16.0,2424,2635,2551,1665,1.53
Acer,Professional,AMD,6,4.0,NVIDIA,NVIDIA GeForce,32,1024.0,15.6,2405,3254,2914,2214,1.32
ASUS,Gaming,Intel,8,3.4,NVIDIA,NVIDIA GeForce,32,1024.0,16.0,2694,9641,6862,2858,2.4
Lenovo,Basic,AMD,4,1.8,Intel,Intel UHD,8,256.0,15.6,709,644,670,371,1.81
Dell,Student,Intel,6,3.3,Intel,Intel Iris Xe,8,256.0,15.6,1960,1444,1651,868,1.9
Lenovo,Gaming,Intel,16,5.2,AMD,AMD Radeon,32,1024.0,15.6,8243,14439,11961,1688,7.09
Lenovo,Basic,Intel,2,1.6,Intel,Intel UHD,4,128.0,13.3,322,416,378,357,1.06
Acer,Professional,AMD,12,4.0,AMD,AMD Radeon,32,512.0,15.6,4768,1519,2819,876,3.22
Lenovo,Gaming,Intel,12,3.2,AMD,AMD Radeon,32,2048.0,15.6,3886,13680,9763,2743,3.56
Acer,Professional,AMD,6,3.9,AMD,AMD Radeon,16,512.0,17.3,2345,1852,2050,1619,1.27
Acer,Basic,Intel,4,2.4,Intel,Intel UHD,4,512.0,16.0,949,280,547,383,1.43
ASUS,Basic,Intel,2,1.7,Intel,Intel UHD,8,128.0,17.3,335,522,447,531,0.84
Lenovo,Basic,Intel,2,2.2,Intel,Intel Iris Xe,4,128.0,15.6,447,308,363,330,1.1
Lenovo,Professional,Intel,8,2.6,NVIDIA,NVIDIA GeForce,16,1024.0,13.3,2052,2152,2112,1580,1.34
Dell,Student,Intel,6,2.4,AMD,AMD Radeon,16,256.0,16.0,1434,913,1121,712,1.57
Acer,Basic,Intel,2,1.6,AMD,AMD Radeon,4,128.0,17.3,326,462,408,272,1.5
ASUS,Gaming,AMD,8,4.5,AMD,AMD Radeon,16,1024.0,15.6,3640,5067,4496,3971,1.13
MSI,Professional,AMD,6,3.6,NVIDIA,NVIDIA GeForce,32,512.0,15.6,2162,1852,1976,1167,1.69
Apple,Professional,AMD,8,3.3,NVIDIA,NVIDIA GeForce,32,1024.0,14.0,2646,3958,3433,1059,3.24
Dell,Basic,Intel,4,2.6,AMD,AMD Radeon,8,256.0,17.3,1038,456,689,504,1.37
Razer,Professional,Intel,6,4.3,AMD,AMD Radeon,16,1024.0,15.6,2602,2977,2827,1012,2.79
Lenovo,Professional,Intel,6,2.9,NVIDIA,NVIDIA GeForce,16,1024.0,15.6,1761,2459,2180,2255,0.97
MSI,Basic,Intel,2,2.3,AMD,AMD Radeon,4,256.0,17.3,459,724,618,511,1.21
HP,Professional,AMD,6,3.4,NVIDIA,NVIDIA GeForce,32,512.0,16.0,2046,1060,1454,1753,0.83
Lenovo,Basic,AMD,2,1.8,Intel,Intel Iris Xe,4,128.0,15.6,361,534,465,295,1.58
Dell,Professional,Intel,6,3.9,NVIDIA,NVIDIA RTX,16,1024.0,16.0,2321,3013,2736,1918,1.43
Dell,Student,AMD,6,2.4,Intel,Intel UHD,16,256.0,14.0,1419,728,1004,809,1.24
MSI,Gaming,Intel,8,3.6,NVIDIA,NVIDIA RTX,32,512.0,13.3,2895,6471,5041,3974,1.27
ASUS,Gaming,Intel,12,3.5,AMD,AMD Radeon,16,1024.0,15.6,4193,14012,10084,1769,5.7
Acer,Student,Intel,4,3.4,AMD,AMD Radeon,8,256.0,17.3,1347,781,1007,617,1.63
ASUS,Gaming,Intel,8,3.8,NVIDIA,NVIDIA RTX,32,512.0,17.3,3034,6369,5035,2720,1.85
Apple,Basic,Intel,2,2.0,Intel,Intel Iris Xe,4,128.0,14.0,398,553,491,439,1.12
Lenovo,Student,Intel,6,2.6,AMD,AMD Radeon,8,512.0,13.3,1550,808,1105,796,1.39
Acer,Basic,Intel,4,1.8,AMD,AMD Radeon,4,256.0,15.6,710,724,719,319,2.25
Lenovo,Basic,Intel,2,2.4,Intel,Intel Iris Xe,4,256.0,15.6,477,484,481,492,0.98
ASUS,Professional,Intel,6,2.8,AMD,AMD Radeon,16,1024.0,13.3,1652,2531,2179,2190,0.99
HP,Professional,AMD,6,4.1,AMD,AMD Radeon,16,512.0,15.6,2483,3944,3360,2236,1.5
HP,Student,Intel,4,2.5,Intel,Intel UHD,8,512.0,17.3,1007,1048,1032,825,1.25
HP,Student,Intel,6,2.4,Intel,Intel Iris Xe,8,512.0,15.6,1444,697,996,853,1.17
HP,Professional,Intel,6,3.5,AMD,AMD Radeon,16,512.0,15.6,2124,3018,2661,960,2.77
HP,Basic,Intel,2,2.7,Intel,Intel Iris Xe,4,128.0,15.6,540,469,497,247,2.01
HP,Basic,Intel,4,2.1,AMD,AMD Radeon,8,256.0,15.6,858,680,751,286,2.63
ASUS,Basic,AMD,4,2.5,Intel,Intel UHD,8,128.0,16.0,1000,476,685,392,1.75
HP,Professional,Intel,8,3.2,AMD,AMD Radeon,32,1024.0,14.0,2593,2802,2718,964,2.82
Lenovo,Basic,Intel,2,1.7,AMD,AMD Radeon,8,128.0,14.0,334,620,506,223,2.27
Razer,Basic,AMD,2,2.2,Intel,Intel UHD,4,256.0,14.0,430,338,375,300,1.25
MSI,Student,Intel,4,2.0,Intel,Intel UHD,8,256.0,17.3,818,683,737,876,0.84
Lenovo,Student,AMD,4,2.2,AMD,AMD Radeon,8,256.0,14.0,897,1019,971,744,1.31
Lenovo,Gaming,Intel,8,4.6,NVIDIA,NVIDIA RTX,32,1024.0,13.3,3719,10057,7522,3420,2.2
Acer,Professional,Intel,6,4.4,NVIDIA,NVIDIA GeForce,16,1024.0,13.3,2650,2166,2360,1010,2.34
Lenovo,Student,AMD,4,3.0,AMD,AMD Radeon,16,512.0,13.3,1194,1330,1275,456,2.8
ASUS,Basic,Intel,4,1.6,Intel,Intel Iris Xe,4,128.0,13.3,649,604,622,413,1.51
Lenovo,Gaming,Intel,16,4.8,AMD,AMD Radeon,32,512.0,15.6,7757,11871,10226,1106,9.25
HP,Student,Intel,4,2.1,AMD,AMD Radeon,8,256.0,14.0,837,678,742,691,1.07
Lenovo,Gaming,AMD,8,3.5,NVIDIA,NVIDIA GeForce,32,512.0,16.0,2790,9490,6810,1339,5.09
Lenovo,Student,AMD,4,2.3,AMD,AMD Radeon,8,256.0,17.3,939,853,887,786,1.13
Lenovo,Gaming,Intel,8,5.1,AMD,AMD Radeon,16,512.0,16.0,4055,9232,7161,3154,2.27
Razer,Student,Intel,4,2.5,AMD,AMD Radeon,8,256.0,14.0,1018,772,870,626,1.39
HP,Student,Intel,4,3.2,AMD,AMD Radeon,8,512.0,17.3,1298,1077,1165,866,1.35
Dell,Student,Intel,4,2.4,AMD,AMD Radeon,8,512.0,15.6,979,1467,1272,653,1.95
Lenovo,Professional,AMD,6,2.7,NVIDIA,NVIDIA GeForce,16,1024.0,13.3,1598,2420,2092,2234,0.94
Lenovo,Student,Intel,6,3.3,Intel,Intel UHD,8,256.0,16.0,2002,825,1296,556,2.33
HP,Professional,AMD,6,2.7,NVIDIA,NVIDIA RTX,32,512.0,13.3,1648,1938,1822,1067,1.71
Dell,Gaming,AMD,16,4.8,NVIDIA,NVIDIA GeForce,32,512.0,17.3,7689,6147,6763,3521,1.92
HP,Basic,Intel,2,2.6,AMD,AMD Radeon,4,512.0,17.3,525,361,427,268,1.59
Lenovo,Basic,Intel,2,2.3,AMD,AMD Radeon,4,128.0,16.0,461,443,451,322,1.4
Dell,Student,Intel,4,3.5,AMD,AMD Radeon,16,512.0,13.3,1393,1193,1273,749,1.7
HP,Student,Intel,4,3.4,AMD,AMD Radeon,16,512.0,16.0,1364,695,963,460,2.09
HP,Professional,Intel,6,3.3,NVIDIA,NVIDIA RTX,16,1024.0,15.6,1983,1758,1848,1362,1.36
ASUS,Professional,AMD,6,2.9,AMD,AMD Radeon,16,512.0,15.6,1748,1090,1353,1355,1.0
Razer,Professional,Intel,8,2.6,AMD,AMD Radeon,32,512.0,15.6,2100,1676,1846,1927,0.96
Lenovo,Basic,Intel,2,2.5,AMD,AMD Radeon,8,256.0,16.0,496,407,442,335,1.32
HP,Gaming,AMD,12,3.5,AMD,AMD Radeon,16,1024.0,14.0,4147,8305,6642,3289,2.02
ASUS,Student,Intel,4,2.0,Intel,Intel Iris Xe,8,512.0,14.0,813,1190,1039,369,2.82
HP,Gaming,AMD,12,4.3,NVIDIA,NVIDIA GeForce,32,512.0,17.3,5151,13407,10105,3316,3.05
ASUS,Professional,Intel,6,3.4,NVIDIA,NVIDIA GeForce,16,512.0,16.0,2043,1214,1546,2051,0.75
ASUS,Professional,AMD,8,4.1,NVIDIA,NVIDIA GeForce,32,1024.0,17.3,3284,3695,3531,1318,2.68
Razer,Basic,Intel,4,2.3,AMD,AMD Radeon,4,128.0,15.6,923,529,687,356,1.93
HP,Student,Intel,6,2.4,Intel,Intel UHD,8,256.0,13.3,1447,744,1025,553,1.85
HP,Gaming,Intel,12,4.4,NVIDIA,NVIDIA RTX,32,1024.0,13.3,5282,9910,8059,3016,2.67
Acer,Gaming,AMD,8,4.4,NVIDIA,NVIDIA GeForce,16,1024.0,14.0,3559,10432,7683,3633,2.11
Dell,Gaming,AMD,8,3.9,AMD,AMD Radeon,16,1024.0,14.0,3131,12219,8584,3327,2.58
ASUS,Gaming,Intel,8,4.6,NVIDIA,NVIDIA GeForce,16,512.0,13.3,3644,14860,10373,1244,8.34
HP,Basic,Intel,2,1.8,Intel,Intel Iris Xe,4,256.0,14.0,350,321,333,418,0.8
Acer,Professional,Intel,12,2.5,NVIDIA,NVIDIA RTX,16,1024.0,15.6,3023,3284,3180,2143,1.48
HP,Gaming,Intel,12,3.3,NVIDIA,NVIDIA RTX,32,2048.0,17.3,3980,8405,6635,3974,1.67
HP,Professional,AMD,8,3.9,AMD,AMD Radeon,16,1024.0,13.3,3156,2365,2682,2197,1.22
HP,Gaming,AMD,12,3.7,AMD,AMD Radeon,32,1024.0,17.3,4482,13055,9626,2647,3.64
Dell,Basic,Intel,2,2.2,AMD,AMD Radeon,4,128.0,16.0,441,614,544,587,0.93
HP,Professional,Intel,6,3.7,AMD,AMD Radeon,16,1024.0,14.0,2204,3466,2961,1563,1.89
Lenovo,Student,Intel,6,3.3,Intel,Intel UHD,8,512.0,14.0,1974,1222,1523,542,2.81
HP,Student,AMD,6,2.5,AMD,AMD Radeon,8,512.0,15.6,1475,1358,1405,706,1.99
Acer,Basic,AMD,2,2.6,Intel,Intel UHD,8,512.0,15.6,517,256,361,307,1.18
Dell,Gaming,Intel,16,4.0,AMD,AMD Radeon,16,1024.0,15.6,6421,10242,8714,2174,4.01
Apple,Student,AMD,4,3.5,AMD,AMD Radeon,8,256.0,13.3,1387,925,1110,532,2.09
ASUS,Basic,Intel,2,2.0,AMD,AMD Radeon,4,256.0,13.3,393,336,359,366,0.98
ASUS,Student,Intel,4,2.0,AMD,AMD Radeon,8,256.0,16.0,807,1169,1024,500,2.05
Razer,Gaming,Intel,16,3.9,NVIDIA,NVIDIA GeForce,32,2048.0,15.6,6165,7791,7141,3230,2.21
Lenovo,Gaming,Intel,8,3.4,NVIDIA,NVIDIA RTX,16,1024.0,15.6,2742,9206,6621,3045,2.17
Dell,Gaming,Intel,12,4.0,AMD,AMD Radeon,32,2048.0,15.6,4811,8506,7028,1883,3.73
HP,Gaming,Intel,12,5.2,NVIDIA,NVIDIA GeForce,16,512.0,15.6,6293,13500,10617,3442,3.08
ASUS,Basic,Intel,2,2.0,AMD,AMD Radeon,8,128.0,15.6,401,338,363,433,0.84
Dell,Basic,Intel,2,1.9,AMD,AMD Radeon,4,128.0,15.6,372,300,329,262,1.26
ASUS,Professional,Intel,8,3.5,AMD,AMD Radeon,16,1024.0,14.0,2797,1658,2114,1914,1.1
Dell,Gaming,Intel,12,3.1,AMD,AMD Radeon,16,1024.0,15.6,3719,9782,7357,2567,2.87
HP,Student,AMD,4,2.7,Intel,Intel UHD,8,256.0,14.0,1089,552,767,751,1.02
Dell,Gaming,Intel,8,5.0,AMD,AMD Radeon,32,1024.0,16.0,3986,11056,8228,1699,4.84
Dell,Professional,AMD,12,3.1,NVIDIA,NVIDIA GeForce,32,512.0,16.0,3719,3870,3809,969,3.93
HP,Student,Intel,4,3.3,Intel,Intel Iris Xe,16,512.0,17.3,1332,1312,1320,716,1.84
Acer,Basic,Intel,4,2.4,Intel,Intel UHD,8,128.0,15.6,976,265,549,372,1.48
MSI,Professional,AMD,8,3.8,AMD,AMD Radeon,16,1024.0,13.3,3032,3824,3507,2047,1.71
MSI,Student,Intel,4,2.8,Intel,Intel Iris Xe,16,512.0,15.6,1126,1105,1113,629,1.77
Apple,Student,Intel,6,2.2,Intel,Intel UHD,16,256.0,16.0,1314,1273,1289,584,2.21
Razer,Basic,AMD,2,2.8,AMD,AMD Radeon,4,128.0,13.3,556,413,470,212,2.22
Acer,Gaming,Intel,16,3.8,NVIDIA,NVIDIA GeForce,32,1024.0,17.3,6044,11295,9195,3149,2.92
HP,Student,Intel,4,2.9,Intel,Intel UHD,8,512.0,14.0,1159,1012,1071,886,1.21
Dell,Basic,Intel,2,2.2,AMD,AMD Radeon,4,128.0,13.3,437,328,372,175,2.13
Dell,Gaming,Intel,12,4.5,NVIDIA,NVIDIA RTX,16,2048.0,17.3,5361,10693,8560,2408,3.55
Acer,Student,AMD,6,2.8,AMD,AMD Radeon,8,512.0,14.0,1703,1444,1547,844,1.83
Acer,Student,Intel,6,2.7,AMD,AMD Radeon,16,512.0,17.3,1610,1286,1416,461,3.07
Apple,Basic,AMD,2,1.8,AMD,AMD Radeon,4,128.0,15.6,364,338,349,383,0.91
Dell,Gaming,Intel,12,3.0,NVIDIA,NVIDIA GeForce,32,1024.0,15.6,3652,14812,10348,1088,9.51
Dell,Student,AMD,6,2.4,AMD,AMD Radeon,16,512.0,15.6,1463,1089,1238,650,1.9
HP,Student,Intel,4,3.5,AMD,AMD Radeon,8,256.0,17.3,1382,1303,1334,625,2.13
HP,Professional,Intel,8,3.8,NVIDIA,NVIDIA GeForce,32,512.0,15.6,3017,3183,3116,1074,2.9
ASUS,Basic,AMD,2,2.8,Intel,Intel UHD,4,256.0,15.6,552,790,695,207,3.36
HP,Basic,AMD,2,2.7,AMD,AMD Radeon,4,128.0,15.6,548,364,437,380,1.15
Lenovo,Student,Intel,4,2.2,AMD,AMD Radeon,16,512.0,14.0,863,748,794,489,1.62
Lenovo,Professional,AMD,8,4.2,AMD,AMD Radeon,32,512.0,16.0,3357,2839,3046,1914,1.59
Acer,Gaming,Intel,12,5.4,NVIDIA,NVIDIA RTX,16,512.0,15.6,6504,14686,11413,2353,4.85
HP,Basic,Intel,2,2.8,Intel,Intel Iris Xe,4,128.0,15.6,556,602,584,456,1.28
Dell,Professional,AMD,12,4.4,NVIDIA,NVIDIA GeForce,32,1024.0,13.3,5279,2957,3886,1241,3.13
Acer,Student,Intel,6,2.8,Intel,Intel UHD,16,256.0,15.6,1651,1422,1514,491,3.08
ASUS,Basic,Intel,2,2.3,Intel,Intel UHD,4,256.0,16.0,451,335,381,373,1.02
Dell,Student,Intel,4,2.2,Intel,Intel Iris Xe,16,512.0,15.6,882,546,680,690,0.99
Lenovo,Basic,Intel,2,1.7,AMD,AMD Radeon,4,128.0,15.6,335,240,278,445,0.62
MSI,Gaming,Intel,12,4.2,NVIDIA,NVIDIA RTX,32,2048.0,13.3,5001,13769,10262,1976,5.19
Dell,Gaming,AMD,12,4.2,AMD,AMD Radeon,32,2048.0,15.6,5081,11858,9147,2792,3.28
MSI,Gaming,Intel,16,4.4,NVIDIA,NVIDIA GeForce,32,2048.0,14.0,7018,11421,9660,1104,8.75
Razer,Gaming,Intel,16,3.6,AMD,AMD Radeon,16,2048.0,14.0,5792,9928,8274,3482,2.38
Lenovo,Professional,Intel,8,4.4,AMD,AMD Radeon,16,512.0,15.6,3508,2664,3002,2398,1.25
ASUS,Professional,AMD,12,3.5,NVIDIA,NVIDIA GeForce,32,1024.0,14.0,4183,2472,3156,1174,2.69
Dell,Student,AMD,6,2.5,AMD,AMD Radeon,8,512.0,15.6,1478,1500,1491,677,2.2
HP,Professional,AMD,6,2.9,NVIDIA,NVIDIA RTX,32,1024.0,14.0,1738,3418,2746,2504,1.1
Dell,Student,Intel,4,2.6,Intel,Intel UHD,8,256.0,13.3,1034,932,973,438,2.22
Apple,Gaming,Intel,8,3.0,NVIDIA,NVIDIA RTX,32,2048.0,13.3,2434,5509,4279,1036,4.13
HP,Basic,AMD,2,1.9,Intel,Intel Iris Xe,4,256.0,13.3,370,719,579,250,2.32
Acer,Basic,Intel,2,2.4,Intel,Intel UHD,4,256.0,14.0,471,646,576,237,2.43
Acer,Basic,AMD,2,2.5,Intel,Intel Iris Xe,8,256.0,15.6,498,286,371,461,0.8
Dell,Gaming,Intel,12,3.5,NVIDIA,NVIDIA RTX,32,512.0,15.6,4167,10305,7850,2787,2.82
Acer,Basic,AMD,4,2.0,Intel,Intel Iris Xe,4,128.0,15.6,812,218,456,150,3.04
HP,Basic,Intel,4,2.6,Intel,Intel UHD,4,128.0,15.6,1048,600,779,350,2.23
Razer,Student,Intel,6,2.2,Intel,Intel UHD,16,512.0,13.3,1349,874,1064,585,1.82
Acer,Student,Intel,6,2.5,AMD,AMD Radeon,8,256.0,15.6,1485,1075,1239,535,2.32
Dell,Professional,AMD,8,3.7,NVIDIA,NVIDIA RTX,32,512.0,15.6,2999,1642,2185,938,2.33
ASUS,Basic,Intel,4,2.5,AMD,AMD Radeon,4,128.0,15.6,1001,738,844,203,4.16
Dell,Professional,AMD,8,3.7,NVIDIA,NVIDIA GeForce,32,1024.0,14.0,2963,2872,2908,829,3.51
MSI,Professional,Intel,8,4.1,NVIDIA,NVIDIA GeForce,32,1024.0,15.6,3252,1447,2169,1348,1.61
ASUS,Student,Intel,4,2.5,Intel,Intel UHD,16,512.0,17.3,991,1224,1131,481,2.35
Lenovo,Professional,Intel,8,3.2,AMD,AMD Radeon,16,512.0,13.3,2554,2712,2648,1129,2.35
Acer,Professional,Intel,8,3.2,NVIDIA,NVIDIA RTX,16,512.0,16.0,2596,3313,3026,1508,2.01
Acer,Professional,Intel,8,3.1,NVIDIA,NVIDIA RTX,16,1024.0,14.0,2503,1488,1894,1145,1.65
Acer,Student,Intel,4,3.1,Intel,Intel Iris Xe,8,512.0,17.3,1241,1222,1230,889,1.38
HP,Gaming,AMD,12,4.4,AMD,AMD Radeon,16,1024.0,14.0,5278,11010,8717,1967,4.43
Dell,Student,Intel,6,2.1,AMD,AMD Radeon,8,256.0,14.0,1238,1413,1343,657,2.04
Dell,Basic,Intel,2,2.0,Intel,Intel UHD,4,128.0,13.3,408,313,351,198,1.77
Dell,Student,Intel,4,3.5,Intel,Intel UHD,16,512.0,13.3,1397,861,1075,653,1.65
Lenovo,Basic,Intel,2,2.3,AMD,AMD Radeon,4,256.0,16.0,458,203,305,323,0.94
Dell,Professional,Intel,8,2.7,AMD,AMD Radeon,32,1024.0,14.0,2186,2632,2454,1078,2.28
HP,Basic,Intel,2,2.8,AMD,AMD Radeon,4,256.0,15.6,558,388,456,354,1.29
Lenovo,Basic,Intel,2,1.8,Intel,Intel Iris Xe,8,128.0,15.6,354,247,289,536,0.54
Dell,Professional,Intel,8,3.5,AMD,AMD Radeon,16,512.0,15.6,2787,1308,1900,1837,1.03
Lenovo,Basic,Intel,4,1.9,Intel,Intel Iris Xe,4,256.0,16.0,762,252,456,318,1.43
Lenovo,Basic,Intel,4,1.8,AMD,AMD Radeon,8,256.0,13.3,725,400,530,324,1.64
Acer,Student,AMD,4,3.0,Intel,Intel UHD,8,512.0,14.0,1185,1220,1206,716,1.68
Lenovo,Basic,Intel,2,2.3,AMD,AMD Radeon,4,128.0,15.6,462,570,527,301,1.75
Razer,Basic,Intel,2,2.5,AMD,AMD Radeon,4,128.0,17.3,501,483,490,334,1.47
HP,Basic,AMD,2,2.0,AMD,AMD Radeon,4,128.0,14.0,409,582,513,358,1.43
HP,Student,Intel,6,2.4,Intel,Intel UHD,8,256.0,14.0,1417,1360,1383,398,3.47
HP,Basic,Intel,2,1.8,Intel,Intel UHD,8,128.0,16.0,367,372,370,350,1.06
ASUS,Professional,Intel,8,2.9,NVIDIA,NVIDIA RTX,32,512.0,15.6,2359,3466,3023,2113,1.43
HP,Gaming,Intel,16,3.3,NVIDIA,NVIDIA RTX,16,1024.0,15.6,5200,5950,5650,1922,2.94
Dell,Professional,AMD,8,3.0,NVIDIA,NVIDIA RTX,32,1024.0,15.6,2396,2076,2204,1201,1.84
ASUS,Student,Intel,4,3.2,Intel,Intel Iris Xe,8,256.0,15.6,1266,769,968,831,1.16
Razer,Student,AMD,6,2.4,AMD,AMD Radeon,16,512.0,13.3,1420,1359,1384,939,1.47
Acer,Student,Intel,6,3.1,AMD,AMD Radeon,8,256.0,14.0,1835,874,1259,723,1.74
Acer,Basic,Intel,2,2.7,Intel,Intel Iris Xe,4,128.0,16.0,530,636,594,244,2.43
HP,Gaming,Intel,8,3.4,NVIDIA,NVIDIA GeForce,32,2048.0,15.6,2746,10089,7151,1896,3.77
Apple,Student,AMD,4,2.9,Intel,Intel UHD,8,256.0,16.0,1142,599,816,500,1.63
Dell,Student,Intel,4,2.6,Intel,Intel UHD,8,512.0,15.6,1032,1008,1018,630,1.62
ASUS,Student,AMD,4,2.3,Intel,Intel UHD,8,512.0,15.6,911,868,886,890,1.0
HP,Gaming,Intel,8,5.1,NVIDIA,NVIDIA RTX,32,1024.0,16.0,4082,10819,8124,1155,7.03
Razer,Professional,AMD,6,3.8,NVIDIA,NVIDIA RTX,16,1024.0,15.6,2283,3506,3017,1537,1.96
HP,Professional,Intel,6,4.5,NVIDIA,NVIDIA RTX,32,512.0,14.0,2691,3296,3054,2262,1.35
ASUS,Student,AMD,6,2.6,Intel,Intel UHD,8,512.0,17.3,1571,763,1086,549,1.98
HP,Gaming,Intel,12,4.5,NVIDIA,NVIDIA GeForce,16,1024.0,15.6,5356,8576,7288,2238,3.26
Lenovo,Student,Intel,4,3.3,Intel,Intel Iris Xe,16,256.0,13.3,1306,841,1027,815,1.26
ASUS,Student,Intel,4,3.2,Intel,Intel UHD,8,512.0,14.0,1266,1069,1148,738,1.56
HP,Basic,Intel,4,2.5,AMD,AMD Radeon,4,128.0,14.0,1001,542,726,335,2.17
HP,Professional,Intel,12,3.4,NVIDIA,NVIDIA GeForce,32,1024.0,13.3,4109,2554,3176,1817,1.75
ASUS,Professional,AMD,8,4.5,NVIDIA,NVIDIA RTX,16,1024.0,15.6,3587,2413,2883,1947,1.48
MSI,Professional,Intel,8,2.9,AMD,AMD Radeon,32,1024.0,15.6,2285,2434,2374,2254,1.05
Dell,Student,Intel,6,3.4,AMD,AMD Radeon,8,512.0,14.0,2016,529,1124,780,1.44
Acer,Professional,AMD,6,4.5,AMD,AMD Radeon,32,512.0,14.0,2688,1574,2019,946,2.13
HP,Student,Intel,6,2.3,Intel,Intel Iris Xe,8,256.0,14.0,1386,626,930,622,1.5
Lenovo,Gaming,AMD,8,5.3,AMD,AMD Radeon,32,512.0,15.6,4241,5029,4714,2638,1.79
MSI,Basic,Intel,4,2.1,Intel,Intel UHD,8,256.0,15.6,828,470,613,357,1.72
Apple,Student,Intel,4,2.3,AMD,AMD Radeon,8,256.0,17.3,935,663,772,702,1.1
ASUS,Basic,Intel,4,2.2,Intel,Intel Iris Xe,4,128.0,14.0,860,212,471,387,1.22
Dell,Basic,AMD,4,2.4,Intel,Intel UHD,8,128.0,15.6,941,355,590,231,2.55
Lenovo,Student,AMD,6,2.9,AMD,AMD Radeon,8,512.0,13.3,1714,622,1059,657,1.61
Lenovo,Gaming,AMD,12,4.0,NVIDIA,NVIDIA GeForce,32,512.0,16.0,4791,9341,7521,3052,2.46
Lenovo,Basic,AMD,4,1.8,AMD,AMD Radeon,8,256.0,14.0,729,723,726,395,1.84
Lenovo,Professional,Intel,8,3.9,NVIDIA,NVIDIA RTX,16,1024.0,14.0,3126,2468,2731,1631,1.67
HP,Professional,Intel,12,4.1,AMD,AMD Radeon,32,512.0,16.0,4885,2208,3278,2329,1.41
HP,Basic,AMD,2,1.6,Intel,Intel UHD,4,256.0,14.0,324,535,450,348,1.29
Lenovo,Gaming,AMD,8,3.7,NVIDIA,NVIDIA RTX,16,1024.0,14.0,2972,10955,7762,2862,2.71
Acer,Professional,Intel,8,4.0,NVIDIA,NVIDIA RTX,16,1024.0,16.0,3230,2690,2906,1858,1.56
HP,Student,Intel,6,3.1,Intel,Intel UHD,8,512.0,16.0,1862,878,1272,589,2.16
Razer,Professional,Intel,8,4.2,NVIDIA,NVIDIA RTX,16,512.0,14.0,3359,1799,2423,2324,1.04
Dell,Gaming,AMD,12,3.1,NVIDIA,NVIDIA RTX,16,2048.0,16.0,3735,5900,5034,3848,1.31
HP,Professional,Intel,8,3.7,NVIDIA,NVIDIA GeForce,32,512.0,13.3,2989,3644,3382,1886,1.79
ASUS,Basic,AMD,4,2.2,Intel,Intel UHD,4,256.0,15.6,878,214,480,338,1.42
Dell,Student,AMD,4,3.1,AMD,AMD Radeon,16,256.0,15.6,1232,588,845,684,1.24
Dell,Student,Intel,6,3.4,Intel,Intel Iris Xe,8,256.0,15.6,2018,1102,1468,728,2.02
Apple,Student,AMD,4,2.2,Intel,Intel UHD,8,256.0,14.0,888,834,856,545,1.57
HP,Gaming,AMD,12,4.0,AMD,AMD Radeon,32,1024.0,16.0,4831,7564,6471,3689,1.75
Acer,Professional,Intel,8,4.4,AMD,AMD Radeon,32,1024.0,14.0,3523,2806,3093,1577,1.96
Apple,Professional,AMD,8,3.5,AMD,AMD Radeon,32,512.0,13.3,2824,2045,2357,2118,1.11
MSI,Basic,AMD,2,1.8,Intel,Intel Iris Xe,8,256.0,16.0,367,580,495,230,2.15
Dell,Student,AMD,6,3.2,AMD,AMD Radeon,8,256.0,15.6,1940,1085,1427,797,1.79
Lenovo,Gaming,Intel,16,5.5,NVIDIA,NVIDIA RTX,16,512.0,14.0,8729,8957,8866,1453,6.1
ASUS,Basic,Intel,2,1.6,AMD,AMD Radeon,8,128.0,15.6,323,759,584,287,2.03
Dell,Basic,Intel,4,1.7,Intel,Intel UHD,8,128.0,14.0,695,218,409,167,2.45
MSI,Student,Intel,6,3.0,Intel,Intel Iris Xe,16,256.0,15.6,1812,523,1039,611,1.7
HP,Gaming,Intel,12,5.4,NVIDIA,NVIDIA RTX,16,1024.0,15.6,6439,12752,10227,3264,3.13
Acer,Student,Intel,6,2.1,Intel,Intel UHD,8,512.0,13.3,1282,1477,1399,530,2.64
Dell,Gaming,AMD,8,3.6,NVIDIA,NVIDIA RTX,16,1024.0,15.6,2862,13503,9247,2273,4.07
Lenovo,Basic,Intel,2,2.4,AMD,AMD Radeon,4,256.0,13.3,472,231,328,203,1.62
Dell,Basic,Intel,4,1.9,Intel,Intel Iris Xe,4,128.0,15.6,746,374,523,443,1.18
Lenovo,Gaming,Intel,16,4.7,NVIDIA,NVIDIA RTX,16,1024.0,13.3,7581,5419,6284,3024,2.08
Dell,Professional,Intel,8,4.0,AMD,AMD Radeon,16,1024.0,15.6,3197,3879,3606,1735,2.08
Lenovo,Student,Intel,4,2.5,Intel,Intel Iris Xe,8,512.0,17.3,980,624,767,840,0.91
Acer,Professional,Intel,12,2.7,AMD,AMD Radeon,16,512.0,14.0,3237,3298,3273,1319,2.48
Dell,Student,Intel,6,2.5,AMD,AMD Radeon,8,512.0,14.0,1492,971,1179,934,1.26
Dell,Basic,Intel,4,1.7,Intel,Intel Iris Xe,8,128.0,17.3,683,728,710,395,1.8
HP,Basic,Intel,4,2.5,AMD,AMD Radeon,4,128.0,15.6,1002,664,799,419,1.91
Acer,Basic,Intel,4,2.4,Intel,Intel UHD,4,128.0,15.6,975,375,615,231,2.66
Dell,Student,Intel,6,2.3,AMD,AMD Radeon,8,512.0,15.6,1383,755,1006,727,1.38
Dell,Student,Intel,4,2.3,AMD,AMD Radeon,16,512.0,13.3,903,1105,1024,672,1.52
MSI,Professional,AMD,8,3.6,AMD,AMD Radeon,16,1024.0,15.6,2860,2067,2384,1103,2.16
Lenovo,Gaming,AMD,12,3.6,AMD,AMD Radeon,32,512.0,15.6,4372,13394,9785,2360,4.15
ASUS,Gaming,AMD,8,3.6,AMD,AMD Radeon,32,512.0,15.6,2885,6822,5247,3697,1.42
HP,Student,AMD,6,3.3,AMD,AMD Radeon,8,256.0,15.6,2000,989,1393,794,1.75
Dell,Professional,Intel,6,4.2,NVIDIA,NVIDIA RTX,16,512.0,16.0,2539,2046,2243,1014,2.21
Dell,Gaming,Intel,12,4.1,AMD,AMD Radeon,16,1024.0,13.3,4891,12897,9695,3692,2.63
MSI,Student,Intel,4,3.1,AMD,AMD Radeon,8,256.0,13.3,1248,1098,1158,823,1.41
Acer,Professional,Intel,8,3.4,NVIDIA,NVIDIA GeForce,16,512.0,15.6,2713,1933,2245,2217,1.01
Lenovo,Professional,Intel,8,4.4,NVIDIA,NVIDIA GeForce,16,1024.0,17.3,3512,1541,2329,2033,1.15
ASUS,Student,AMD,6,2.8,Intel,Intel Iris Xe,16,512.0,15.6,1667,1140,1350,291,4.64
MSI,Student,Intel,6,2.4,AMD,AMD Radeon,16,512.0,14.0,1439,1026,1191,649,1.84
Dell,Professional,AMD,6,2.8,NVIDIA,NVIDIA GeForce,16,1024.0,15.6,1652,3501,2761,1843,1.5
Apple,Basic,Intel,2,2.2,Intel,Intel Iris Xe,8,512.0,16.0,434,672,577,442,1.31
Acer,Basic,Intel,4,2.1,AMD,AMD Radeon,4,128.0,14.0,828,287,504,246,2.05
Lenovo,Basic,Intel,2,2.6,AMD,AMD Radeon,4,128.0,14.0,513,644,592,333,1.78
Acer,Basic,Intel,4,1.6,AMD,AMD Radeon,8,256.0,14.0,653,449,531,253,2.1
Dell,Basic,Intel,2,1.7,Intel,Intel Iris Xe,4,512.0,15.6,339,633,515,295,1.75
Lenovo,Professional,AMD,8,2.7,NVIDIA,NVIDIA GeForce,16,512.0,14.0,2165,2749,2515,830,3.03
ASUS,Basic,AMD,2,1.9,Intel,Intel UHD,4,128.0,13.3,389,399,395,312,1.27
HP,Gaming,AMD,8,4.5,NVIDIA,NVIDIA RTX,32,2048.0,15.6,3586,9676,7240,1275,5.68
Dell,Professional,Intel,8,4.2,NVIDIA,NVIDIA GeForce,32,512.0,15.6,3346,3666,3538,1579,2.24
MSI,Basic,AMD,2,2.2,Intel,Intel UHD,8,256.0,16.0,442,513,485,468,1.04
Acer,Professional,Intel,6,4.2,NVIDIA,NVIDIA RTX,32,1024.0,17.3,2539,1002,1617,1562,1.04
HP,Basic,AMD,2,2.3,AMD,AMD Radeon,4,128.0,14.0,461,438,447,435,1.03
Razer,Basic,Intel,2,2.5,Intel,Intel Iris Xe,8,256.0,15.6,503,375,426,259,1.64
Acer,Gaming,Intel,8,3.5,NVIDIA,NVIDIA GeForce,16,1024.0,15.6,2807,7961,5899,2612,2.26
Dell,Professional,AMD,6,4.2,NVIDIA,NVIDIA RTX,16,1024.0,14.0,2533,3699,3233,1189,2.72
Lenovo,Professional,Intel,8,2.6,NVIDIA,NVIDIA GeForce,16,512.0,15.6,2117,1195,1564,1651,0.95
Apple,Basic,Intel,2,2.0,Intel,Intel UHD,8,512.0,13.3,409,772,627,301,2.08
Razer,Professional,Intel,6,3.2,NVIDIA,NVIDIA GeForce,16,1024.0,15.6,1939,2958,2551,1756,1.45
Dell,Gaming,Intel,8,3.8,NVIDIA,NVIDIA GeForce,32,512.0,14.0,3055,7442,5687,3016,1.89
Lenovo,Basic,Intel,4,2.1,AMD,AMD Radeon,4,256.0,14.0,838,345,542,490,1.11
Lenovo,Gaming,Intel,12,3.1,NVIDIA,NVIDIA RTX,16,1024.0,14.0,3665,8217,6396,1461,4.38
HP,Gaming,AMD,8,4.6,AMD,AMD Radeon,32,512.0,14.0,3693,13320,9469,3002,3.15
ASUS,Basic,Intel,4,1.9,Intel,Intel UHD,4,512.0,16.0,750,391,535,403,1.33
ASUS,Student,Intel,6,2.4,Intel,Intel Iris Xe,8,256.0,13.3,1430,730,1010,869,1.16
ASUS,Basic,AMD,2,2.3,AMD,AMD Radeon,4,128.0,15.6,452,638,563,381,1.48
Acer,Gaming,Intel,12,3.5,AMD,AMD Radeon,16,2048.0,14.0,4211,10458,7959,1209,6.58
Lenovo,Student,AMD,4,2.6,AMD,AMD Radeon,16,256.0,17.3,1028,1102,1072,746,1.44
Acer,Student,Intel,4,3.5,AMD,AMD Radeon,8,512.0,13.3,1400,1176,1266,593,2.13
Lenovo,Gaming,Intel,16,3.2,NVIDIA,NVIDIA GeForce,16,512.0,17.3,5126,9179,7558,2982,2.53
HP,Basic,AMD,4,2.1,AMD,AMD Radeon,4,128.0,15.6,830,686,744,351,2.12
Dell,Student,Intel,6,3.3,Intel,Intel UHD,8,256.0,16.0,1964,1092,1441,612,2.35
Apple,Gaming,AMD,12,3.1,AMD,AMD Radeon,16,512.0,15.6,3705,5202,4603,1326,3.47
MSI,Student,Intel,6,2.4,AMD,AMD Radeon,8,512.0,15.6,1460,688,997,448,2.23
HP,Basic,Intel,4,2.4,AMD,AMD Radeon,8,128.0,16.0,972,680,797,430,1.85
ASUS,Professional,Intel,8,2.9,NVIDIA,NVIDIA RTX,16,1024.0,14.0,2328,1054,1564,1983,0.79
Dell,Student,Intel,4,2.5,Intel,Intel UHD,8,512.0,15.6,989,614,764,812,0.94
Razer,Student,Intel,6,2.6,Intel,Intel UHD,8,256.0,13.3,1566,647,1015,607,1.67
Dell,Student,Intel,4,2.5,AMD,AMD Radeon,16,512.0,13.3,992,1472,1280,846,1.51
HP,Professional,AMD,8,3.6,NVIDIA,NVIDIA GeForce,16,512.0,13.3,2852,1533,2061,2290,0.9
Lenovo,Student,Intel,6,2.1,Intel,Intel UHD,8,512.0,17.3,1239,1089,1149,672,1.71
Lenovo,Gaming,Intel,8,5.2,AMD,AMD Radeon,16,2048.0,14.0,4126,6985,5842,1360,4.3
Dell,Basic,Intel,4,2.5,AMD,AMD Radeon,4,128.0,16.0,986,353,607,320,1.9
ASUS,Student,Intel,6,2.3,AMD,AMD Radeon,8,512.0,16.0,1362,752,996,509,1.96
Lenovo,Student,Intel,4,2.1,AMD,AMD Radeon,16,512.0,14.0,829,947,900,494,1.82
HP,Student,Intel,6,3.3,AMD,AMD Radeon,16,256.0,14.0,1988,1219,1526,450,3.39
Dell,Gaming,AMD,12,5.0,NVIDIA,NVIDIA GeForce,16,512.0,15.6,6010,6689,6417,3918,1.64
HP,Basic,Intel,4,2.2,Intel,Intel Iris Xe,4,128.0,15.6,864,240,490,435,1.13
HP,Student,Intel,4,3.0,Intel,Intel UHD,8,256.0,15.6,1204,514,790,414,1.91
Acer,Student,Intel,4,3.1,AMD,AMD Radeon,16,256.0,15.6,1246,1086,1150,681,1.69
Lenovo,Student,Intel,4,2.6,Intel,Intel UHD,8,512.0,16.0,1034,1098,1072,863,1.24
HP,Student,Intel,6,3.1,Intel,Intel Iris Xe,16,512.0,17.3,1865,511,1053,518,2.03
Acer,Basic,Intel,2,2.1,Intel,Intel UHD,4,128.0,14.0,420,634,548,342,1.6
HP,Gaming,Intel,8,4.6,AMD,AMD Radeon,16,512.0,15.6,3700,9758,7335,3012,2.44
Dell,Basic,Intel,4,1.7,Intel,Intel UHD,8,128.0,16.0,698,470,562,324,1.73
ASUS,Basic,AMD,2,2.7,Intel,Intel UHD,8,256.0,15.6,530,652,604,306,1.97
HP,Student,Intel,4,2.3,Intel,Intel Iris Xe,8,256.0,16.0,930,592,727,987,0.74
HP,Basic,Intel,4,1.7,AMD,AMD Radeon,4,256.0,16.0,666,537,588,249,2.36
HP,Professional,Intel,8,2.9,NVIDIA,NVIDIA GeForce,16,512.0,15.6,2333,1815,2022,2347,0.86
Apple,Student,AMD,6,3.2,AMD,AMD Radeon,8,256.0,14.0,1932,588,1126,450,2.5
Lenovo,Gaming,AMD,12,3.1,AMD,AMD Radeon,16,1024.0,17.3,3730,7680,6100,3531,1.73
HP,Gaming,Intel,8,3.3,NVIDIA,NVIDIA RTX,32,2048.0,15.6,2610,5785,4515,3231,1.4
Lenovo,Professional,AMD,6,3.9,AMD,AMD Radeon,32,1024.0,15.6,2343,1853,2049,1233,1.66
Lenovo,Gaming,Intel,16,5.0,AMD,AMD Radeon,16,1024.0,15.6,7950,12188,10493,1938,5.41
Lenovo,Basic,Intel,2,2.1,Intel,Intel UHD,8,128.0,14.0,420,597,526,344,1.53
HP,Basic,Intel,2,2.5,Intel,Intel UHD,4,512.0,15.6,508,389,437,404,1.08
Acer,Professional,Intel,6,4.0,AMD,AMD Radeon,16,512.0,17.3,2400,1085,1611,1030,1.56
Acer,Student,Intel,4,2.1,AMD,AMD Radeon,8,512.0,13.3,833,873,857,813,1.05
HP,Professional,Intel,12,3.3,AMD,AMD Radeon,32,512.0,13.3,3926,2010,2776,1533,1.81
Lenovo,Student,Intel,4,3.0,AMD,AMD Radeon,8,512.0,15.6,1183,805,956,756,1.26
Dell,Basic,Intel,4,2.5,AMD,AMD Radeon,8,128.0,15.6,1007,562,740,383,1.93
Dell,Basic,Intel,2,2.1,Intel,Intel UHD,8,256.0,15.6,417,540,491,293,1.68
ASUS,Student,Intel,4,3.4,AMD,AMD Radeon,8,512.0,16.0,1380,842,1057,806,1.31
ASUS,Student,AMD,4,3.4,Intel,Intel UHD,8,256.0,16.0,1364,972,1129,623,1.81
HP,Professional,Intel,8,3.5,NVIDIA,NVIDIA RTX,32,512.0,15.6,2763,2974,2889,1125,2.57
Dell,Professional,AMD,8,4.3,NVIDIA,NVIDIA RTX,16,512.0,14.0,3414,2929,3123,2007,1.56
MSI,Student,AMD,6,3.0,AMD,AMD Radeon,8,512.0,13.3,1826,663,1128,514,2.19
Dell,Student,Intel,4,3.1,AMD,AMD Radeon,16,256.0,15.6,1257,1072,1146,914,1.25
Acer,Student,Intel,4,2.7,Intel,Intel UHD,8,256.0,15.6,1089,1149,1125,811,1.39
Lenovo,Student,AMD,4,2.7,AMD,AMD Radeon,8,256.0,16.0,1070,631,807,694,1.16
ASUS,Student,Intel,4,2.3,Intel,Intel Iris Xe,8,512.0,15.6,931,958,947,664,1.43
HP,Student,Intel,6,3.1,AMD,AMD Radeon,8,256.0,13.3,1868,1041,1372,846,1.62
Razer,Gaming,Intel,8,4.4,AMD,AMD Radeon,16,512.0,15.6,3546,11877,8545,2349,3.64
ASUS,Basic,Intel,4,2.3,Intel,Intel UHD,4,256.0,13.3,924,242,515,442,1.17
MSI,Basic,Intel,2,1.7,Intel,Intel Iris Xe,4,256.0,15.6,346,740,582,284,2.05
Acer,Student,Intel,4,2.1,AMD,AMD Radeon,8,256.0,13.3,856,791,817,840,0.97
Lenovo,Basic,AMD,4,2.0,Intel,Intel UHD,4,128.0,15.6,781,322,506,228,2.22
Acer,Professional,AMD,6,3.0,AMD,AMD Radeon,16,512.0,15.6,1794,1085,1368,1522,0.9
HP,Gaming,Intel,8,4.6,NVIDIA,NVIDIA GeForce,32,1024.0,17.3,3648,7051,5690,2452,2.32
Acer,Basic,Intel,2,2.3,Intel,Intel Iris Xe,8,128.0,14.0,460,241,329,202,1.63
Lenovo,Gaming,AMD,8,4.7,NVIDIA,NVIDIA GeForce,16,1024.0,17.3,3774,11247,8258,3674,2.25
Lenovo,Professional,Intel,12,2.5,NVIDIA,NVIDIA GeForce,16,512.0,16.0,3055,1256,1975,2017,0.98
ASUS,Basic,Intel,2,2.3,AMD,AMD Radeon,4,128.0,16.0,469,459,463,474,0.98
Dell,Student,Intel,6,2.4,AMD,AMD Radeon,16,512.0,14.0,1451,559,916,871,1.05
HP,Student,AMD,6,2.2,AMD,AMD Radeon,8,512.0,17.3,1300,571,862,418,2.06
Dell,Gaming,Intel,8,3.6,NVIDIA,NVIDIA GeForce,32,512.0,14.0,2901,7780,5828,1020,5.71
Acer,Professional,Intel,8,2.7,AMD,AMD Radeon,32,1024.0,15.6,2144,3457,2932,1795,1.63
HP,Gaming,AMD,8,4.5,AMD,AMD Radeon,16,512.0,15.6,3625,9792,7325,3203,2.29
Dell,Professional,AMD,8,3.1,NVIDIA,NVIDIA RTX,16,1024.0,15.6,2446,3568,3119,1711,1.82
HP,Professional,Intel,6,3.5,NVIDIA,NVIDIA GeForce,32,512.0,15.6,2076,3045,2657,1433,1.85
HP,Basic,Intel,2,2.3,Intel,Intel UHD,8,256.0,15.6,463,696,603,257,2.35
Lenovo,Professional,Intel,8,2.9,AMD,AMD Radeon,16,512.0,15.6,2327,2696,2549,1289,1.98
HP,Basic,Intel,4,2.6,AMD,AMD Radeon,4,128.0,14.0,1021,482,698,283,2.47
HP,Gaming,AMD,12,4.6,AMD,AMD Radeon,16,512.0,17.3,5462,6445,6052,2588,2.34
Dell,Basic,Intel,4,1.7,AMD,AMD Radeon,4,128.0,14.0,685,571,617,382,1.62
Dell,Professional,Intel,6,3.4,AMD,AMD Radeon,16,512.0,14.0,2030,2862,2529,2076,1.22
MSI,Student,Intel,4,2.8,AMD,AMD Radeon,8,512.0,15.6,1105,613,810,863,0.94
Apple,Gaming,AMD,12,3.2,NVIDIA,NVIDIA GeForce,32,1024.0,16.0,3798,8787,6791,2900,2.34
ASUS,Professional,AMD,12,4.3,AMD,AMD Radeon,32,512.0,17.3,5166,2033,3286,1237,2.66
Acer,Gaming,Intel,12,4.4,NVIDIA,NVIDIA RTX,16,2048.0,13.3,5323,14656,10923,1557,7.02
Acer,Basic,Intel,2,2.7,Intel,Intel UHD,4,256.0,14.0,543,427,473,479,0.99
ASUS,Basic,Intel,2,2.3,Intel,Intel Iris Xe,8,256.0,13.3,454,271,344,225,1.53
HP,Professional,AMD,8,4.5,AMD,AMD Radeon,16,512.0,14.0,3577,1454,2303,2100,1.1
MSI,Gaming,AMD,8,4.9,AMD,AMD Radeon,32,1024.0,15.6,3957,8782,6852,3232,2.12
Dell,Professional,Intel,8,2.9,AMD,AMD Radeon,32,1024.0,17.3,2312,2459,2400,1288,1.86
Lenovo,Basic,Intel,2,2.4,AMD,AMD Radeon,8,128.0,15.6,479,744,638,281,2.27
Lenovo,Student,Intel,6,3.3,AMD,AMD Radeon,8,256.0,15.6,1958,979,1370,742,1.85
Razer,Student,Intel,4,2.7,AMD,AMD Radeon,8,512.0,17.3,1063,1042,1050,758,1.39
ASUS,Professional,Intel,12,4.5,NVIDIA,NVIDIA GeForce,16,1024.0,15.6,5356,3650,4332,870,4.98
Apple,Basic,Intel,4,2.7,AMD,AMD Radeon,4,512.0,13.3,1068,400,667,385,1.73
HP,Basic,Intel,2,1.7,AMD,AMD Radeon,4,128.0,16.0,349,221,272,360,0.76
Lenovo,Student,Intel,6,3.2,Intel,Intel UHD,8,512.0,16.0,1946,1213,1507,733,2.06
Lenovo,Gaming,AMD,12,3.8,NVIDIA,NVIDIA RTX,16,1024.0,16.0,4538,14163,10313,3762,2.74
HP,Professional,Intel,8,2.8,NVIDIA,NVIDIA RTX,16,512.0,17.3,2276,2057,2145,1772,1.21
Acer,Professional,Intel,8,4.1,NVIDIA,NVIDIA GeForce,32,1024.0,17.3,3283,2047,2542,1599,1.59
Apple,Basic,AMD,2,2.8,Intel,Intel UHD,4,256.0,14.0,550,762,678,225,3.01
Acer,Gaming,Intel,16,5.0,AMD,AMD Radeon,32,512.0,15.6,8050,14542,11945,3350,3.57
Acer,Basic,Intel,2,2.0,Intel,Intel Iris Xe,4,256.0,15.6,400,248,309,199,1.55
ASUS,Gaming,AMD,8,5.3,AMD,AMD Radeon,32,1024.0,15.6,4248,12679,9306,2938,3.17
HP,Basic,AMD,2,2.7,AMD,AMD Radeon,8,128.0,15.6,544,667,618,329,1.88
Acer,Student,Intel,4,2.4,Intel,Intel Iris Xe,8,256.0,15.6,943,984,967,836,1.16
HP,Basic,Intel,2,2.2,Intel,Intel UHD,4,256.0,14.0,430,500,472,183,2.58
MSI,Gaming,AMD,8,3.1,AMD,AMD Radeon,16,2048.0,15.6,2512,10518,7315,3410,2.15
Dell,Student,Intel,6,3.3,Intel,Intel Iris Xe,16,256.0,13.3,2000,1259,1555,517,3.01
Dell,Basic,Intel,2,2.6,Intel,Intel Iris Xe,4,128.0,17.3,520,668,609,437,1.39
Apple,Basic,AMD,4,2.3,AMD,AMD Radeon,8,256.0,14.0,933,269,534,252,2.12
Dell,Professional,Intel,12,3.0,AMD,AMD Radeon,16,1024.0,15.6,3621,2973,3232,979,3.3
Dell,Student,Intel,6,3.3,AMD,AMD Radeon,8,512.0,15.6,1952,800,1261,653,1.93
HP,Professional,Intel,6,3.0,NVIDIA,NVIDIA GeForce,16,512.0,16.0,1785,1002,1315,1910,0.69
ASUS,Professional,Intel,6,2.6,NVIDIA,NVIDIA GeForce,16,1024.0,14.0,1547,1143,1304,1228,1.06
MSI,Basic,AMD,4,2.3,Intel,Intel Iris Xe,4,512.0,17.3,931,256,526,234,2.25
Dell,Student,AMD,4,3.1,AMD,AMD Radeon,8,256.0,14.0,1228,706,915,603,1.52
Dell,Professional,Intel,6,4.1,AMD,AMD Radeon,32,512.0,15.6,2431,2526,2488,1002,2.48
ASUS,Gaming,Intel,12,3.3,AMD,AMD Radeon,16,512.0,13.3,3982,12510,9099,3143,2.9
Lenovo,Professional,Intel,6,3.8,AMD,AMD Radeon,16,512.0,16.0,2308,1578,1870,1940,0.96
MSI,Basic,Intel,2,2.2,Intel,Intel UHD,4,128.0,15.6,446,544,505,274,1.84
Dell,Gaming,Intel,8,3.9,NVIDIA,NVIDIA RTX,32,1024.0,15.6,3145,9472,6941,3337,2.08
Lenovo,Basic,AMD,4,2.7,AMD,AMD Radeon,4,256.0,14.0,1088,282,605,376,1.61
ASUS,Basic,Intel,4,2.5,AMD,AMD Radeon,8,256.0,17.3,987,712,822,218,3.77
Lenovo,Gaming,Intel,8,3.2,NVIDIA,NVIDIA GeForce,32,1024.0,14.0,2547,13354,9031,2510,3.6
Acer,Basic,Intel,2,1.6,AMD,AMD Radeon,4,512.0,15.6,323,614,498,364,1.37
Dell,Gaming,AMD,8,5.3,NVIDIA,NVIDIA GeForce,16,1024.0,16.0,4256,14475,10387,3748,2.77
HP,Professional,AMD,8,2.7,AMD,AMD Radeon,16,512.0,13.3,2138,3506,2959,1638,1.81
Lenovo,Basic,Intel,2,2.1,Intel,Intel Iris Xe,8,256.0,16.0,426,596,528,435,1.21
Acer,Gaming,Intel,12,3.2,NVIDIA,NVIDIA GeForce,16,512.0,15.6,3821,5779,4996,1598,3.13
Dell,Basic,AMD,2,2.7,AMD,AMD Radeon,4,256.0,14.0,532,470,495,246,2.01
ASUS,Student,AMD,4,2.2,Intel,Intel Iris Xe,16,512.0,16.0,887,1085,1006,568,1.77
HP,Student,AMD,6,3.1,Intel,Intel UHD,8,512.0,16.0,1841,858,1252,671,1.87
Razer,Professional,Intel,8,2.9,NVIDIA,NVIDIA GeForce,16,512.0,16.0,2289,2875,2641,1030,2.56
ASUS,Basic,Intel,4,1.9,AMD,AMD Radeon,8,256.0,17.3,751,752,752,157,4.79
Lenovo,Student,AMD,4,3.0,Intel,Intel UHD,8,512.0,15.6,1202,1423,1335,901,1.48
Lenovo,Student,AMD,4,2.1,AMD,AMD Radeon,8,256.0,16.0,831,1477,1219,832,1.47
HP,Basic,AMD,2,2.0,Intel,Intel Iris Xe,8,128.0,17.3,394,232,297,314,0.95
ASUS,Basic,AMD,4,2.1,Intel,Intel UHD,4,128.0,15.6,831,593,688,287,2.4
Lenovo,Student,Intel,6,2.5,AMD,AMD Radeon,8,256.0,15.6,1525,628,987,642,1.54
Dell,Basic,Intel,2,2.0,Intel,Intel UHD,4,256.0,15.6,392,203,279,419,0.67
HP,Basic,Intel,2,1.7,Intel,Intel UHD,8,128.0,15.6,345,251,289,530,0.55
MSI,Basic,Intel,4,1.9,AMD,AMD Radeon,4,256.0,14.0,743,792,772,246,3.14
Lenovo,Professional,Intel,8,4.1,NVIDIA,NVIDIA GeForce,16,512.0,16.0,3270,2872,3031,1193,2.54
Lenovo,Gaming,Intel,12,4.7,AMD,AMD Radeon,32,1024.0,13.3,5673,6652,6261,2229,2.81
Lenovo,Basic,AMD,2,2.4,AMD,AMD Radeon,8,128.0,17.3,486,741,639,210,3.04
HP,Professional,Intel,6,4.2,NVIDIA,NVIDIA GeForce,32,512.0,16.0,2493,1941,2162,2428,0.89
ASUS,Student,Intel,6,2.8,Intel,Intel Iris Xe,8,512.0,15.6,1664,1144,1352,472,2.86
ASUS,Student,Intel,6,3.5,Intel,Intel UHD,8,256.0,16.0,2094,1212,1564,889,1.76
HP,Student,Intel,6,2.6,Intel,Intel Iris Xe,8,512.0,15.6,1530,1129,1290,602,2.14
Dell,Gaming,Intel,16,5.5,AMD,AMD Radeon,16,2048.0,15.6,8754,13691,11716,1327,8.83
Acer,Gaming,Intel,12,4.0,AMD,AMD Radeon,16,1024.0,15.6,4817,11417,8777,3470,2.53
Lenovo,Gaming,AMD,12,3.1,NVIDIA,NVIDIA GeForce,16,512.0,17.3,3719,11833,8588,3662,2.35
Dell,Basic,AMD,2,2.0,AMD,AMD Radeon,4,128.0,15.6,404,256,315,417,0.76
Acer,Professional,AMD,8,3.7,NVIDIA,NVIDIA GeForce,32,512.0,16.0,2928,3569,3312,2185,1.52
Razer,Student,Intel,6,2.8,Intel,Intel UHD,8,512.0,13.3,1655,1114,1330,730,1.82
HP,Gaming,AMD,8,3.3,NVIDIA,NVIDIA GeForce,16,512.0,15.6,2654,6778,5129,1266,4.05
Razer,Student,Intel,6,3.2,AMD,AMD Radeon,8,512.0,16.0,1916,727,1203,884,1.36
HP,Basic,Intel,2,1.8,Intel,Intel UHD,8,128.0,15.6,363,439,409,295,1.39
Acer,Student,Intel,6,3.3,Intel,Intel Iris Xe,8,256.0,15.6,2003,1177,1508,685,2.2
Lenovo,Student,Intel,4,3.0,AMD,AMD Radeon,8,256.0,13.3,1192,1008,1082,864,1.25
Razer,Professional,AMD,8,2.6,AMD,AMD Radeon,16,1024.0,14.0,2096,1595,1795,874,2.05
HP,Gaming,Intel,12,3.6,NVIDIA,NVIDIA RTX,16,1024.0,16.0,4281,6578,5659,3081,1.84
Razer,Student,Intel,6,2.4,AMD,AMD Radeon,8,512.0,15.6,1412,1390,1398,774,1.81
Acer,Professional,AMD,8,2.8,NVIDIA,NVIDIA RTX,16,512.0,15.6,2228,2617,2461,2251,1.09
Lenovo,Basic,Intel,2,2.7,AMD,AMD Radeon,4,256.0,14.0,550,582,569,299,1.9
Dell,Basic,Intel,2,2.4,Intel,Intel Iris Xe,8,512.0,15.6,483,472,477,373,1.28
Acer,Gaming,AMD,12,5.1,NVIDIA,NVIDIA RTX,32,1024.0,13.3,6119,8638,7630,1892,4.03
ASUS,Student,Intel,4,2.7,Intel,Intel UHD,16,512.0,14.0,1092,1285,1208,550,2.2
HP,Gaming,AMD,8,4.0,NVIDIA,NVIDIA RTX,16,512.0,15.6,3211,12605,8847,2787,3.17
ASUS,Professional,Intel,6,3.2,AMD,AMD Radeon,32,1024.0,14.0,1902,2934,2521,2287,1.1
Lenovo,Student,Intel,4,3.3,AMD,AMD Radeon,8,512.0,15.6,1308,989,1117,710,1.57
HP,Gaming,AMD,8,5.0,AMD,AMD Radeon,32,512.0,16.0,3983,7154,5886,1838,3.2
ASUS,Student,Intel,4,3.4,AMD,AMD Radeon,8,512.0,15.6,1366,500,847,830,1.02
Lenovo,Gaming,Intel,8,4.5,NVIDIA,NVIDIA RTX,16,512.0,17.3,3583,11822,8527,2758,3.09
ASUS,Basic,AMD,4,2.4,Intel,Intel UHD,4,128.0,14.0,979,308,577,320,1.8
HP,Gaming,AMD,12,4.1,AMD,AMD Radeon,32,2048.0,14.0,4912,14571,10708,3071,3.49
MSI,Gaming,Intel,12,4.5,AMD,AMD Radeon,16,1024.0,15.6,5459,14482,10873,1072,10.14
Lenovo,Basic,Intel,2,2.5,AMD,AMD Radeon,4,128.0,13.3,491,316,386,333,1.16
Apple,Professional,AMD,8,3.0,AMD,AMD Radeon,32,512.0,13.3,2384,3078,2800,1742,1.61
Dell,Gaming,Intel,12,4.2,NVIDIA,NVIDIA GeForce,32,1024.0,14.0,5082,9117,7503,1276,5.88
Acer,Professional,AMD,8,2.7,NVIDIA,NVIDIA RTX,32,512.0,16.0,2184,3968,3254,1263,2.58
Lenovo,Student,Intel,6,3.3,AMD,AMD Radeon,16,512.0,13.3,2002,1158,1496,777,1.93
Dell,Student,Intel,4,3.4,AMD,AMD Radeon,8,256.0,14.0,1346,602,900,830,1.08
MSI,Basic,Intel,2,1.9,Intel,Intel Iris Xe,8,256.0,15.6,379,475,437,361,1.21
HP,Basic,AMD,2,2.3,Intel,Intel Iris Xe,8,128.0,16.0,454,707,606,150,4.04
MSI,Professional,Intel,8,3.4,NVIDIA,NVIDIA GeForce,32,512.0,15.6,2702,2495,2578,1398,1.84
Lenovo,Basic,AMD,4,2.4,Intel,Intel UHD,4,128.0,17.3,950,204,503,150,3.35
Acer,Student,AMD,6,2.9,AMD,AMD Radeon,8,512.0,15.6,1737,860,1211,806,1.5
Dell,Gaming,Intel,12,3.6,NVIDIA,NVIDIA RTX,32,2048.0,15.6,4373,10670,8151,2558,3.19
HP,Basic,Intel,2,2.7,AMD,AMD Radeon,8,256.0,15.6,539,507,520,253,2.06
HP,Gaming,AMD,8,4.7,AMD,AMD Radeon,32,512.0,13.3,3789,13378,9542,3030,3.15
HP,Gaming,Intel,12,4.5,AMD,AMD Radeon,16,512.0,15.6,5434,9678,7981,2229,3.58
Lenovo,Student,Intel,6,2.5,Intel,Intel UHD,8,256.0,14.0,1523,669,1010,360,2.81
MSI,Basic,Intel,4,2.2,AMD,AMD Radeon,4,256.0,15.6,887,293,531,293,1.81
Razer,Professional,Intel,8,2.6,NVIDIA,NVIDIA RTX,32,1024.0,14.0,2103,3839,3145,891,3.53
Dell,Student,Intel,6,2.5,Intel,Intel UHD,8,512.0,17.3,1482,1371,1416,523,2.71
HP,Professional,Intel,12,3.5,NVIDIA,NVIDIA GeForce,32,1024.0,14.0,4253,1591,2656,1527,1.74
Lenovo,Student,Intel,4,3.3,Intel,Intel Iris Xe,8,256.0,15.6,1319,1117,1198,418,2.87
Lenovo,Student,Intel,4,2.3,Intel,Intel UHD,16,512.0,15.6,920,1220,1100,733,1.5
HP,Basic,AMD,2,2.4,Intel,Intel Iris Xe,4,128.0,15.6,477,540,515,237,2.17
Lenovo,Student,Intel,6,3.0,Intel,Intel Iris Xe,8,512.0,16.0,1790,982,1305,779,1.68
Dell,Student,Intel,4,3.1,AMD,AMD Radeon,16,512.0,16.0,1246,926,1054,534,1.97
ASUS,Professional,Intel,8,2.8,NVIDIA,NVIDIA GeForce,16,512.0,15.6,2258,1895,2040,1454,1.4
Lenovo,Basic,Intel,2,1.8,AMD,AMD Radeon,4,128.0,13.3,351,519,452,228,1.98
Lenovo,Basic,Intel,4,1.7,Intel,Intel Iris Xe,4,256.0,17.3,699,571,622,392,1.59
HP,Gaming,AMD,12,4.1,AMD,AMD Radeon,16,512.0,14.0,4883,6903,6095,940,6.48
ASUS,Student,AMD,4,2.2,AMD,AMD Radeon,16,256.0,16.0,870,1125,1023,642,1.59
Lenovo,Student,AMD,6,2.3,AMD,AMD Radeon,16,256.0,14.0,1403,1295,1338,995,1.34
Lenovo,Basic,AMD,2,2.3,Intel,Intel UHD,4,256.0,16.0,454,691,596,301,1.98
MSI,Gaming,AMD,12,4.8,AMD,AMD Radeon,32,1024.0,16.0,5729,7334,6692,1967,3.4
HP,Basic,AMD,4,1.9,AMD,AMD Radeon,4,128.0,13.3,769,216,437,483,0.9
Dell,Student,Intel,4,2.8,AMD,AMD Radeon,8,256.0,15.6,1125,531,768,685,1.12
Apple,Gaming,AMD,12,5.3,NVIDIA,NVIDIA RTX,32,512.0,14.0,6391,7057,6791,2422,2.8
Dell,Gaming,Intel,8,3.3,NVIDIA,NVIDIA RTX,16,512.0,17.3,2616,11220,7779,4061,1.92
ASUS,Basic,Intel,2,2.4,AMD,AMD Radeon,4,256.0,15.6,478,603,553,283,1.95
ASUS,Student,AMD,4,2.2,Intel,Intel UHD,8,256.0,15.6,886,539,678,456,1.49
ASUS,Basic,Intel,2,2.1,Intel,Intel UHD,8,256.0,17.3,428,509,477,472,1.01
Dell,Student,Intel,4,2.1,AMD,AMD Radeon,16,512.0,15.6,847,852,850,394,2.16
Lenovo,Student,Intel,6,2.0,AMD,AMD Radeon,16,256.0,17.3,1209,1490,1378,520,2.65
Dell,Student,Intel,4,3.1,Intel,Intel Iris Xe,16,512.0,15.6,1228,972,1074,778,1.38
Acer,Basic,Intel,4,2.3,Intel,Intel UHD,8,128.0,15.6,926,656,764,389,1.96
HP,Basic,Intel,2,2.5,AMD,AMD Radeon,8,128.0,17.3,510,308,389,422,0.92
Apple,Professional,Intel,8,3.9,AMD,AMD Radeon,16,512.0,15.6,3109,2638,2827,2067,1.37
MSI,Gaming,AMD,16,4.5,NVIDIA,NVIDIA GeForce,32,512.0,15.6,7141,9962,8834,3172,2.78
Dell,Basic,AMD,2,2.1,Intel,Intel Iris Xe,8,128.0,15.6,423,789,642,456,1.41
ASUS,Student,AMD,6,2.8,Intel,Intel Iris Xe,8,256.0,15.6,1709,829,1181,521,2.27
Lenovo,Basic,Intel,4,2.4,Intel,Intel UHD,8,512.0,13.3,961,498,683,249,2.74
HP,Gaming,AMD,16,4.6,NVIDIA,NVIDIA RTX,16,1024.0,15.6,7377,5356,6164,3968,1.55
MSI,Professional,Intel,6,3.7,NVIDIA,NVIDIA RTX,16,512.0,13.3,2201,2380,2308,2078,1.11
HP,Gaming,Intel,16,3.3,NVIDIA,NVIDIA RTX,32,1024.0,15.6,5317,10333,8327,2248,3.7
HP,Professional,Intel,12,3.3,AMD,AMD Radeon,32,512.0,15.6,3936,1846,2682,2386,1.12
HP,Professional,AMD,8,2.9,AMD,AMD Radeon,32,1024.0,14.0,2354,2420,2393,1909,1.25
ASUS,Gaming,Intel,12,5.0,NVIDIA,NVIDIA GeForce,16,1024.0,15.6,6033,7487,6906,1604,4.31
Lenovo,Professional,AMD,12,4.5,AMD,AMD Radeon,16,512.0,16.0,5394,1989,3351,1621,2.07
HP,Student,Intel,6,3.2,AMD,AMD Radeon,8,256.0,15.6,1908,689,1177,814,1.45
Lenovo,Student,Intel,4,2.0,Intel,Intel UHD,16,256.0,15.6,805,510,628,778,0.81
Lenovo,Student,Intel,4,2.4,Intel,Intel Iris Xe,16,256.0,13.3,968,1011,994,506,1.96
Lenovo,Student,Intel,4,2.1,Intel,Intel Iris Xe,8,512.0,15.6,834,1001,934,577,1.62
Dell,Professional,Intel,6,4.3,AMD,AMD Radeon,16,1024.0,13.3,2574,3646,3217,2357,1.36
ASUS,Student,AMD,4,3.3,AMD,AMD Radeon,8,256.0,15.6,1320,1146,1215,973,1.25
Lenovo,Gaming,AMD,12,5.1,NVIDIA,NVIDIA GeForce,16,512.0,14.0,6115,9879,8374,3101,2.7
Apple,Basic,AMD,2,1.7,AMD,AMD Radeon,4,256.0,17.3,350,371,363,259,1.4
Apple,Professional,AMD,12,3.2,NVIDIA,NVIDIA RTX,32,512.0,14.0,3819,3828,3824,1973,1.94
ASUS,Gaming,Intel,12,4.4,NVIDIA,NVIDIA RTX,32,512.0,13.3,5292,14367,10737,3458,3.1
Lenovo,Basic,Intel,4,2.5,AMD,AMD Radeon,4,128.0,15.6,1011,665,803,301,2.67
MSI,Gaming,Intel,16,4.2,AMD,AMD Radeon,16,1024.0,17.3,6780,7061,6948,2329,2.98
Lenovo,Professional,Intel,6,4.1,NVIDIA,NVIDIA GeForce,32,1024.0,14.0,2435,2419,2425,1089,2.23
MSI,Professional,Intel,8,3.3,NVIDIA,NVIDIA GeForce,16,512.0,14.0,2642,2640,2641,1207,2.19
ASUS,Basic,AMD,2,2.0,Intel,Intel UHD,4,512.0,13.3,407,452,434,275,1.58
Lenovo,Gaming,Intel,12,3.7,NVIDIA,NVIDIA RTX,32,1024.0,15.6,4478,6454,5664,3089,1.83
Dell,Professional,AMD,8,4.4,NVIDIA,NVIDIA GeForce,32,1024.0,15.6,3495,2869,3120,2103,1.48
Lenovo,Basic,AMD,2,2.1,AMD,AMD Radeon,4,128.0,15.6,422,490,463,260,1.78
Acer,Professional,Intel,6,3.7,AMD,AMD Radeon,16,512.0,15.6,2248,1765,1958,2436,0.8
MSI,Student,AMD,4,2.5,Intel,Intel Iris Xe,8,256.0,15.6,986,1384,1225,451,2.72
ASUS,Gaming,Intel,16,4.8,AMD,AMD Radeon,32,1024.0,17.3,7735,10283,9264,1804,5.14
Dell,Basic,Intel,4,1.7,Intel,Intel Iris Xe,4,256.0,13.3,660,700,684,296,2.31
MSI,Student,AMD,6,3.5,AMD,AMD Radeon,8,256.0,17.3,2073,1043,1455,579,2.51
Lenovo,Student,Intel,6,2.7,AMD,AMD Radeon,8,512.0,16.0,1646,1038,1281,897,1.43
HP,Professional,AMD,8,3.8,AMD,AMD Radeon,16,1024.0,15.6,3014,3796,3483,1660,2.1
Dell,Professional,AMD,8,2.6,NVIDIA,NVIDIA RTX,32,1024.0,15.6,2061,1514,1732,1453,1.19
HP,Student,AMD,6,3.4,AMD,AMD Radeon,8,256.0,15.6,2056,721,1255,715,1.76
HP,Basic,Intel,4,2.1,AMD,AMD Radeon,4,512.0,15.6,825,398,569,382,1.49
ASUS,Basic,Intel,4,2.0,Intel,Intel UHD,4,256.0,16.0,799,625,694,384,1.81
HP,Basic,Intel,2,2.7,Intel,Intel UHD,4,256.0,14.0,548,586,571,340,1.68
HP,Gaming,Intel,12,4.1,NVIDIA,NVIDIA GeForce,32,2048.0,17.3,4884,13446,10021,1276,7.85
Lenovo,Basic,Intel,4,1.9,Intel,Intel UHD,8,128.0,15.6,763,779,773,150,5.15
Dell,Professional,Intel,12,3.1,NVIDIA,NVIDIA GeForce,32,512.0,15.6,3683,2177,2779,2058,1.35
HP,Student,Intel,6,2.5,Intel,Intel UHD,8,256.0,15.6,1501,902,1141,518,2.2
Razer,Professional,Intel,8,3.1,NVIDIA,NVIDIA RTX,16,512.0,16.0,2503,1221,1734,1686,1.03
Razer,Gaming,Intel,16,4.0,NVIDIA,NVIDIA GeForce,16,512.0,14.0,6402,13540,10685,2714,3.94
HP,Gaming,Intel,12,4.4,NVIDIA,NVIDIA RTX,32,512.0,15.6,5273,7236,6451,3675,1.76
Lenovo,Professional,Intel,6,3.2,NVIDIA,NVIDIA GeForce,16,512.0,16.0,1925,3719,3002,1925,1.56
Lenovo,Professional,Intel,8,4.1,NVIDIA,NVIDIA GeForce,32,512.0,15.6,3252,2250,2651,2240,1.18
Acer,Student,Intel,4,3.0,Intel,Intel UHD,8,512.0,15.6,1217,874,1012,487,2.08
Apple,Professional,AMD,12,4.2,NVIDIA,NVIDIA GeForce,32,512.0,16.0,4982,3884,4324,1300,3.33
MSI,Professional,AMD,12,3.2,NVIDIA,NVIDIA GeForce,16,1024.0,14.0,3793,2003,2719,1127,2.41
Acer,Professional,Intel,6,4.4,NVIDIA,NVIDIA GeForce,32,1024.0,15.6,2667,3801,3348,1413,2.37
Acer,Student,Intel,6,3.0,Intel,Intel UHD,16,256.0,14.0,1827,855,1244,521,2.39
ASUS,Professional,Intel,12,4.4,AMD,AMD Radeon,32,1024.0,16.0,5287,3278,4081,2267,1.8
HP,Basic,Intel,2,2.5,AMD,AMD Radeon,4,256.0,15.6,493,396,435,321,1.36
ASUS,Basic,Intel,2,2.1,Intel,Intel UHD,4,128.0,15.6,427,693,587,468,1.25
HP,Basic,Intel,4,2.2,Intel,Intel Iris Xe,4,128.0,15.6,873,530,667,331,2.02
Dell,Professional,AMD,6,4.3,NVIDIA,NVIDIA RTX,32,512.0,15.6,2575,3330,3028,1890,1.6
Dell,Basic,Intel,4,2.0,Intel,Intel UHD,8,128.0,16.0,819,447,596,354,1.68
HP,Student,AMD,4,2.7,Intel,Intel UHD,8,512.0,14.0,1068,1385,1258,737,1.71
Lenovo,Basic,Intel,4,1.8,Intel,Intel UHD,4,128.0,14.0,704,755,735,241,3.05
MSI,Gaming,AMD,12,5.4,AMD,AMD Radeon,16,512.0,13.3,6459,9875,8509,1394,6.1
MSI,Student,AMD,4,2.5,Intel,Intel Iris Xe,16,256.0,15.6,984,746,841,822,1.02
ASUS,Gaming,Intel,16,4.4,NVIDIA,NVIDIA RTX,16,512.0,14.0,7120,12583,10398,2918,3.56
Apple,Student,Intel,4,2.1,Intel,Intel Iris Xe,8,256.0,15.6,849,1027,956,722,1.32
HP,Student,Intel,6,2.4,AMD,AMD Radeon,8,256.0,17.3,1464,1110,1251,717,1.74
Dell,Basic,AMD,2,1.7,AMD,AMD Radeon,4,256.0,13.3,345,380,366,287,1.28
Acer,Student,Intel,4,2.3,Intel,Intel UHD,8,512.0,15.6,911,1431,1223,640,1.91
HP,Basic,AMD,4,1.8,AMD,AMD Radeon,8,128.0,14.0,735,474,579,284,2.04
ASUS,Student,Intel,6,2.5,Intel,Intel Iris Xe,8,256.0,15.6,1479,1357,1406,594,2.37
Lenovo,Gaming,Intel,8,3.8,NVIDIA,NVIDIA RTX,32,2048.0,17.3,3074,8120,6102,2824,2.16
Acer,Student,Intel,4,2.8,Intel,Intel UHD,16,512.0,15.6,1132,1294,1229,501,2.45
Lenovo,Professional,AMD,6,3.5,NVIDIA,NVIDIA RTX,32,512.0,15.6,2086,1378,1661,1516,1.1
Lenovo,Student,AMD,6,3.3,Intel,Intel UHD,16,256.0,17.3,2003,1156,1495,670,2.23
ASUS,Student,Intel,6,2.3,AMD,AMD Radeon,8,512.0,16.0,1376,963,1129,803,1.41
HP,Professional,Intel,6,2.9,AMD,AMD Radeon,32,1024.0,15.6,1755,3745,2949,1449,2.04
Apple,Basic,Intel,2,2.7,Intel,Intel UHD,4,256.0,14.0,545,656,612,415,1.47
Acer,Gaming,AMD,12,5.2,AMD,AMD Radeon,16,512.0,15.6,6217,6582,6436,3068,2.1
HP,Basic,Intel,2,2.7,Intel,Intel UHD,4,128.0,15.6,531,286,384,414,0.93
MSI,Student,Intel,6,2.3,Intel,Intel Iris Xe,8,256.0,15.6,1400,1009,1166,460,2.53
Lenovo,Basic,Intel,4,2.7,AMD,AMD Radeon,8,512.0,15.6,1098,507,744,399,1.86
Acer,Professional,Intel,6,3.7,NVIDIA,NVIDIA GeForce,16,1024.0,15.6,2231,1704,1915,2042,0.94
Dell,Basic,Intel,4,1.8,AMD,AMD Radeon,4,512.0,13.3,722,255,442,440,1.0
MSI,Student,Intel,6,3.0,Intel,Intel UHD,8,512.0,14.0,1799,1034,1340,345,3.88
Razer,Basic,Intel,4,1.6,AMD,AMD Radeon,4,512.0,17.3,642,249,406,386,1.05
Dell,Gaming,AMD,12,4.0,AMD,AMD Radeon,32,1024.0,14.0,4757,10513,8211,2574,3.19
MSI,Gaming,AMD,12,3.5,NVIDIA,NVIDIA GeForce,32,2048.0,15.6,4216,10530,8004,2509,3.19
HP,Gaming,Intel,12,3.1,NVIDIA,NVIDIA RTX,32,1024.0,15.6,3723,13600,9649,1358,7.11
ASUS,Professional,Intel,6,3.0,AMD,AMD Radeon,16,512.0,16.0,1786,1041,1339,1161,1.15
Dell,Basic,Intel,4,2.8,AMD,AMD Radeon,8,128.0,14.0,1113,496,743,284,2.62
Lenovo,Student,AMD,4,3.2,Intel,Intel UHD,16,512.0,15.6,1271,719,940,612,1.54
Razer,Basic,Intel,4,1.8,AMD,AMD Radeon,4,256.0,16.0,732,398,531,215,2.47
HP,Student,Intel,6,2.9,AMD,AMD Radeon,16,512.0,14.0,1756,1378,1529,749,2.04
Apple,Basic,AMD,4,2.3,AMD,AMD Radeon,4,256.0,15.6,906,280,531,266,2.0
Lenovo,Professional,Intel,8,2.8,AMD,AMD Radeon,16,512.0,14.0,2250,3833,3200,1463,2.19
Lenovo,Gaming,Intel,8,3.0,NVIDIA,NVIDIA RTX,32,1024.0,13.3,2422,9512,6676,2124,3.14
Dell,Student,Intel,4,2.1,Intel,Intel UHD,8,256.0,13.3,854,639,725,463,1.57
Dell,Student,AMD,6,2.4,Intel,Intel UHD,8,256.0,15.6,1466,610,952,543,1.75
HP,Student,Intel,4,3.0,Intel,Intel UHD,16,256.0,15.6,1188,1387,1307,689,1.9
Lenovo,Student,Intel,6,2.8,AMD,AMD Radeon,16,512.0,15.6,1669,1193,1384,376,3.68
MSI,Student,Intel,4,2.3,Intel,Intel UHD,8,256.0,14.0,931,1396,1210,894,1.35
Lenovo,Student,Intel,6,2.8,Intel,Intel UHD,8,512.0,15.6,1684,956,1247,591,2.11
Dell,Basic,Intel,2,2.3,Intel,Intel UHD,4,128.0,14.0,458,759,639,490,1.3
Dell,Gaming,AMD,16,4.7,NVIDIA,NVIDIA GeForce,32,1024.0,15.6,7537,9753,8867,3754,2.36
Apple,Student,AMD,6,3.3,Intel,Intel Iris Xe,8,512.0,14.0,1977,601,1151,656,1.75
Lenovo,Professional,Intel,8,3.7,AMD,AMD Radeon,16,512.0,15.6,2936,2014,2383,1503,1.59
Apple,Gaming,AMD,12,3.6,NVIDIA,NVIDIA RTX,16,2048.0,15.6,4330,10583,8082,3538,2.28
Dell,Professional,AMD,12,3.2,NVIDIA,NVIDIA GeForce,32,1024.0,16.0,3896,1169,2260,824,2.74
Dell,Professional,Intel,12,4.0,NVIDIA,NVIDIA RTX,16,512.0,13.3,4757,3941,4267,1747,2.44
Lenovo,Basic,Intel,2,1.9,Intel,Intel UHD,8,128.0,16.0,374,398,388,346,1.12
ASUS,Professional,Intel,8,3.6,AMD,AMD Radeon,16,512.0,14.0,2840,3391,3171,1778,1.78
Lenovo,Student,Intel,6,3.0,Intel,Intel Iris Xe,16,512.0,13.3,1791,892,1252,789,1.59
ASUS,Basic,AMD,4,2.7,Intel,Intel Iris Xe,4,256.0,13.3,1088,739,878,251,3.5
ASUS,Gaming,Intel,8,3.4,NVIDIA,NVIDIA RTX,16,512.0,15.6,2691,13478,9163,1011,9.06
ASUS,Student,Intel,4,2.1,Intel,Intel UHD,8,512.0,13.3,824,1296,1107,366,3.02
Apple,Basic,Intel,4,2.0,AMD,AMD Radeon,4,256.0,16.0,812,779,792,482,1.64
Apple,Professional,AMD,8,4.0,NVIDIA,NVIDIA GeForce,16,1024.0,13.3,3189,2951,3046,1212,2.51
MSI,Professional,AMD,6,4.3,NVIDIA,NVIDIA GeForce,32,512.0,15.6,2602,2841,2745,1587,1.73
Dell,Basic,Intel,2,2.6,AMD,AMD Radeon,4,128.0,15.6,511,492,500,425,1.18
Dell,Professional,AMD,8,3.3,AMD,AMD Radeon,16,512.0,13.3,2640,1910,2202,1752,1.26
ASUS,Basic,AMD,4,2.2,AMD,AMD Radeon,4,512.0,14.0,884,362,571,507,1.13
HP,Gaming,AMD,16,4.2,NVIDIA,NVIDIA GeForce,16,1024.0,15.6,6655,8288,7635,2973,2.57
HP,Student,Intel,4,3.1,Intel,Intel Iris Xe,16,512.0,15.6,1257,1285,1274,523,2.44
Dell,Gaming,AMD,8,3.4,NVIDIA,NVIDIA GeForce,16,2048.0,17.3,2735,10408,7339,3082,2.38
Lenovo,Basic,Intel,4,1.8,AMD,AMD Radeon,4,128.0,16.0,726,301,471,460,1.02
Acer,Basic,AMD,4,2.4,Intel,Intel UHD,4,128.0,15.6,955,786,853,281,3.04
Lenovo,Basic,AMD,2,1.8,Intel,Intel Iris Xe,4,256.0,15.6,356,337,344,343,1.0
Apple,Student,AMD,4,3.3,Intel,Intel Iris Xe,8,512.0,13.3,1328,724,965,709,1.36
Acer,Student,Intel,6,2.5,Intel,Intel UHD,8,512.0,13.3,1484,1079,1241,471,2.63
Acer,Basic,AMD,2,1.9,AMD,AMD Radeon,4,512.0,14.0,378,349,360,421,0.86
Dell,Student,Intel,6,2.6,Intel,Intel UHD,16,512.0,13.3,1583,786,1105,799,1.38
Razer,Student,AMD,6,2.8,AMD,AMD Radeon,16,256.0,15.6,1683,1067,1313,635,2.07
HP,Student,Intel,6,3.3,Intel,Intel UHD,8,512.0,16.0,2004,504,1104,520,2.12
Apple,Gaming,AMD,8,3.8,AMD,AMD Radeon,16,2048.0,15.6,3049,12702,8841,1598,5.53
Lenovo,Professional,Intel,6,4.1,NVIDIA,NVIDIA RTX,16,1024.0,15.6,2485,2929,2752,2347,1.17
Lenovo,Student,AMD,6,2.3,AMD,AMD Radeon,8,512.0,16.0,1353,1398,1380,534,2.58
HP,Basic,Intel,2,1.6,Intel,Intel Iris Xe,4,128.0,13.3,325,344,336,301,1.12
Dell,Professional,Intel,12,2.6,NVIDIA,NVIDIA GeForce,32,1024.0,15.6,3174,1346,2077,1038,2.0
Dell,Gaming,Intel,12,3.7,NVIDIA,NVIDIA RTX,32,1024.0,13.3,4424,14857,10684,2136,5.0
Acer,Gaming,AMD,8,4.4,NVIDIA,NVIDIA RTX,16,1024.0,15.6,3531,14051,9843,2341,4.2
Lenovo,Student,Intel,6,2.7,Intel,Intel UHD,8,512.0,15.6,1650,1416,1510,440,3.43
Acer,Basic,Intel,2,2.0,Intel,Intel Iris Xe,4,256.0,16.0,403,561,497,199,2.5
ASUS,Student,Intel,4,2.4,AMD,AMD Radeon,8,512.0,15.6,954,1317,1172,616,1.9
Acer,Basic,Intel,2,2.8,Intel,Intel UHD,4,256.0,15.6,560,369,445,201,2.21
Lenovo,Basic,Intel,2,1.9,Intel,Intel Iris Xe,4,128.0,15.6,387,784,625,177,3.53
HP,Basic,Intel,4,2.3,Intel,Intel Iris Xe,8,256.0,16.0,930,745,819,300,2.73
Acer,Student,Intel,6,2.8,Intel,Intel Iris Xe,8,512.0,15.6,1699,757,1134,882,1.29
Apple,Professional,Intel,12,3.5,NVIDIA,NVIDIA GeForce,32,512.0,15.6,4178,3286,3643,1894,1.92
Lenovo,Professional,AMD,8,2.8,AMD,AMD Radeon,16,1024.0,13.3,2212,1711,1911,1086,1.76
HP,Student,Intel,6,2.6,Intel,Intel Iris Xe,8,256.0,15.6,1580,836,1133,891,1.27
ASUS,Gaming,Intel,12,5.4,NVIDIA,NVIDIA GeForce,16,1024.0,17.3,6500,11991,9795,2721,3.6
HP,Professional,Intel,12,3.2,NVIDIA,NVIDIA GeForce,16,1024.0,15.6,3851,1986,2732,1419,1.93
ASUS,Student,Intel,6,2.7,Intel,Intel UHD,8,256.0,15.6,1595,947,1206,671,1.8
Dell,Student,Intel,4,2.3,AMD,AMD Radeon,8,256.0,16.0,935,826,870,402,2.16
HP,Basic,Intel,2,1.7,AMD,AMD Radeon,8,128.0,14.0,346,628,515,206,2.5
HP,Basic,Intel,4,2.5,Intel,Intel UHD,4,256.0,13.3,984,706,817,384,2.13
HP,Gaming,Intel,8,4.9,NVIDIA,NVIDIA GeForce,32,1024.0,16.0,3892,6533,5476,3097,1.77
Lenovo,Professional,AMD,6,2.6,NVIDIA,NVIDIA RTX,32,1024.0,15.6,1543,2086,1869,2168,0.86
Lenovo,Professional,Intel,8,3.7,NVIDIA,NVIDIA GeForce,32,1024.0,14.0,2949,1196,1897,1486,1.28
Dell,Basic,Intel,4,2.5,Intel,Intel UHD,4,256.0,15.6,984,307,578,465,1.24
HP,Basic,Intel,2,1.9,AMD,AMD Radeon,4,128.0,17.3,375,503,452,312,1.45
Lenovo,Student,AMD,6,2.6,Intel,Intel Iris Xe,16,256.0,14.0,1535,1128,1291,762,1.69
Lenovo,Basic,Intel,2,2.3,AMD,AMD Radeon,8,128.0,15.6,465,316,376,428,0.88
ASUS,Basic,AMD,2,1.8,Intel,Intel UHD,4,256.0,15.6,365,380,374,283,1.32
Lenovo,Professional,Intel,12,3.8,NVIDIA,NVIDIA RTX,32,512.0,14.0,4508,1720,2835,1632,1.74
Lenovo,Gaming,Intel,16,4.0,NVIDIA,NVIDIA RTX,32,2048.0,15.6,6416,14646,11354,2572,4.41
Lenovo,Student,Intel,6,3.0,Intel,Intel Iris Xe,8,512.0,14.0,1805,1378,1549,794,1.95
Razer,Basic,AMD,2,2.3,AMD,AMD Radeon,4,256.0,13.3,452,769,642,451,1.42
Dell,Basic,AMD,2,2.4,Intel,Intel UHD,4,128.0,17.3,471,714,617,435,1.42
Lenovo,Student,Intel,6,2.2,AMD,AMD Radeon,8,512.0,14.0,1337,1258,1289,736,1.75
MSI,Professional,Intel,6,3.3,NVIDIA,NVIDIA RTX,16,512.0,15.6,1957,1622,1756,2334,0.75
ASUS,Gaming,Intel,12,3.5,NVIDIA,NVIDIA GeForce,16,2048.0,17.3,4186,13988,10067,1847,5.45
ASUS,Professional,AMD,8,4.4,AMD,AMD Radeon,32,1024.0,15.6,3541,1341,2221,1230,1.81
HP,Basic,Intel,4,2.1,AMD,AMD Radeon,4,128.0,17.3,859,245,491,162,3.03
ASUS,Basic,AMD,2,1.8,AMD,AMD Radeon,4,256.0,15.6,365,770,608,361,1.68
Dell,Student,Intel,6,2.9,AMD,AMD Radeon,8,512.0,16.0,1746,1313,1486,627,2.37
ASUS,Professional,Intel,6,2.8,NVIDIA,NVIDIA GeForce,16,512.0,15.6,1664,2115,1935,2354,0.82
HP,Basic,Intel,2,2.8,AMD,AMD Radeon,4,128.0,15.6,551,776,686,340,2.02
HP,Gaming,Intel,12,3.1,AMD,AMD Radeon,32,512.0,15.6,3712,6708,5510,1385,3.98
Dell,Student,Intel,4,2.0,AMD,AMD Radeon,16,512.0,15.6,806,511,629,480,1.31
Lenovo,Professional,Intel,6,3.9,NVIDIA,NVIDIA GeForce,32,512.0,16.0,2325,2469,2411,878,2.75
ASUS,Student,AMD,4,2.7,Intel,Intel UHD,8,512.0,17.3,1089,1080,1083,670,1.62
HP,Professional,Intel,6,3.8,AMD,AMD Radeon,16,512.0,16.0,2292,2843,2623,919,2.85
Lenovo,Basic,AMD,4,1.8,AMD,AMD Radeon,8,256.0,15.6,728,316,481,313,1.54
ASUS,Basic,Intel,2,1.7,AMD,AMD Radeon,8,128.0,17.3,347,409,384,454,0.85
Dell,Gaming,Intel,8,4.7,AMD,AMD Radeon,16,2048.0,16.0,3743,7198,5816,996,5.84
Dell,Gaming,Intel,8,3.9,NVIDIA,NVIDIA GeForce,16,2048.0,15.6,3130,8173,6156,3597,1.71
Apple,Gaming,Intel,12,4.4,NVIDIA,NVIDIA GeForce,16,2048.0,15.6,5317,5033,5146,2096,2.46
Dell,Student,Intel,4,2.9,Intel,Intel Iris Xe,8,256.0,16.0,1162,842,970,926,1.05
Lenovo,Student,Intel,4,2.4,Intel,Intel Iris Xe,8,512.0,13.3,970,1330,1186,411,2.89
Dell,Gaming,Intel,8,5.5,NVIDIA,NVIDIA RTX,32,1024.0,13.3,4364,8522,6859,2617,2.62
Dell,Gaming,Intel,12,3.4,AMD,AMD Radeon,16,2048.0,15.6,4042,14213,10145,3891,2.61
Lenovo,Basic,Intel,2,2.1,AMD,AMD Radeon,4,256.0,15.6,427,218,302,170,1.78
HP,Basic,Intel,4,2.8,Intel,Intel UHD,4,128.0,14.0,1119,286,619,429,1.44
Acer,Student,Intel,6,2.2,Intel,Intel UHD,8,256.0,13.3,1319,1017,1138,874,1.3
ASUS,Gaming,Intel,16,3.4,NVIDIA,NVIDIA GeForce,32,1024.0,14.0,5431,9575,7917,1995,3.97
Apple,Professional,Intel,6,2.6,AMD,AMD Radeon,16,512.0,17.3,1556,1777,1689,2061,0.82
HP,Professional,Intel,8,4.2,AMD,AMD Radeon,16,1024.0,16.0,3373,3143,3235,1344,2.41
HP,Professional,Intel,8,2.8,NVIDIA,NVIDIA RTX,16,512.0,17.3,2228,1718,1922,1512,1.27
Acer,Gaming,Intel,16,3.9,AMD,AMD Radeon,32,512.0,15.6,6168,5383,5697,3668,1.55
Lenovo,Student,Intel,6,3.0,AMD,AMD Radeon,16,256.0,16.0,1803,871,1244,523,2.38
ASUS,Student,Intel,4,2.9,AMD,AMD Radeon,8,256.0,17.3,1143,1115,1126,830,1.36
HP,Professional,Intel,6,3.1,NVIDIA,NVIDIA RTX,32,512.0,14.0,1841,3566,2876,1022,2.81
ASUS,Basic,AMD,2,2.5,AMD,AMD Radeon,4,256.0,15.6,508,491,498,224,2.22
Dell,Student,Intel,4,3.0,Intel,Intel UHD,8,256.0,17.3,1196,596,836,497,1.68
Acer,Gaming,Intel,12,4.0,NVIDIA,NVIDIA RTX,32,512.0,15.6,4832,11534,8854,3472,2.55
Dell,Basic,Intel,2,2.5,Intel,Intel UHD,4,256.0,14.0,494,615,567,348,1.63
ASUS,Basic,Intel,4,1.6,AMD,AMD Radeon,4,256.0,15.6,648,425,514,536,0.96
ASUS,Gaming,AMD,16,4.7,AMD,AMD Radeon,32,2048.0,14.0,7599,5775,6504,3147,2.07
HP,Student,Intel,6,2.4,Intel,Intel Iris Xe,8,512.0,13.3,1424,1309,1355,621,2.18
Acer,Student,AMD,6,2.2,AMD,AMD Radeon,8,512.0,15.6,1319,1040,1152,449,2.57
Dell,Student,Intel,6,3.4,Intel,Intel UHD,8,256.0,13.3,2048,1090,1473,429,3.43
Acer,Student,Intel,4,2.5,AMD,AMD Radeon,8,512.0,16.0,994,1381,1226,646,1.9
ASUS,Student,Intel,6,2.9,Intel,Intel Iris Xe,8,256.0,17.3,1734,1216,1423,469,3.03
Lenovo,Professional,AMD,12,3.3,NVIDIA,NVIDIA RTX,16,1024.0,15.6,3974,1227,2326,1304,1.78
Lenovo,Professional,AMD,8,4.3,NVIDIA,NVIDIA GeForce,16,512.0,15.6,3457,2600,2943,2172,1.35
Acer,Gaming,Intel,12,5.3,NVIDIA,NVIDIA GeForce,16,512.0,14.0,6315,9723,8360,1090,7.67
ASUS,Professional,Intel,6,3.5,NVIDIA,NVIDIA GeForce,16,1024.0,17.3,2120,2815,2537,1827,1.39
Apple,Basic,Intel,2,2.7,AMD,AMD Radeon,8,128.0,15.6,532,370,435,186,2.34
Lenovo,Gaming,Intel,12,5.5,NVIDIA,NVIDIA GeForce,32,2048.0,15.6,6558,13891,10958,2366,4.63
HP,Gaming,Intel,12,3.9,AMD,AMD Radeon,16,1024.0,16.0,4688,8352,6887,915,7.53
MSI,Professional,Intel,12,3.6,NVIDIA,NVIDIA RTX,16,512.0,15.6,4273,1812,2796,1745,1.6
Lenovo,Student,Intel,6,3.0,AMD,AMD Radeon,8,512.0,15.6,1808,1110,1389,718,1.93
HP,Student,Intel,4,2.6,Intel,Intel Iris Xe,8,512.0,13.3,1032,969,994,391,2.54
Lenovo,Basic,AMD,2,1.7,Intel,Intel UHD,4,256.0,14.0,344,788,611,328,1.86
Dell,Professional,Intel,6,3.9,AMD,AMD Radeon,16,1024.0,15.6,2330,2103,2194,1942,1.13
MSI,Professional,Intel,8,3.2,AMD,AMD Radeon,16,512.0,17.3,2588,3306,3019,1201,2.51
ASUS,Student,Intel,4,2.6,AMD,AMD Radeon,16,512.0,16.0,1059,1368,1245,794,1.57
Lenovo,Student,Intel,4,2.0,AMD,AMD Radeon,8,512.0,15.6,807,1403,1164,478,2.44
Lenovo,Student,Intel,6,3.2,Intel,Intel UHD,16,256.0,15.6,1929,993,1368,640,2.14
Acer,Student,Intel,4,2.5,Intel,Intel UHD,16,512.0,15.6,1008,995,1000,574,1.74
Dell,Gaming,AMD,12,3.5,NVIDIA,NVIDIA GeForce,32,512.0,17.3,4209,14482,10373,1257,8.25
Razer,Professional,Intel,8,4.0,NVIDIA,NVIDIA RTX,16,512.0,13.3,3166,3652,3458,2400,1.44
Dell,Basic,Intel,2,2.5,AMD,AMD Radeon,4,128.0,16.0,504,339,405,439,0.92
HP,Student,Intel,6,2.3,AMD,AMD Radeon,8,256.0,15.6,1362,1449,1414,621,2.28
Dell,Student,Intel,4,2.0,AMD,AMD Radeon,16,256.0,14.0,807,1378,1150,666,1.73
Lenovo,Student,AMD,4,3.0,Intel,Intel UHD,8,256.0,15.6,1191,725,911,595,1.53
Acer,Professional,Intel,8,4.4,NVIDIA,NVIDIA GeForce,16,1024.0,17.3,3533,2594,2970,1117,2.66
MSI,Gaming,AMD,12,4.2,NVIDIA,NVIDIA RTX,16,512.0,14.0,5013,5673,5409,2212,2.45
Acer,Professional,AMD,8,2.8,AMD,AMD Radeon,16,512.0,15.6,2259,2262,2261,2239,1.01
Dell,Professional,Intel,8,3.2,AMD,AMD Radeon,16,512.0,14.0,2561,1569,1965,2031,0.97
Dell,Student,AMD,6,2.6,Intel,Intel UHD,16,256.0,17.3,1555,1256,1375,704,1.95
HP,Student,Intel,6,2.8,AMD,AMD Radeon,8,512.0,13.3,1663,1440,1529,445,3.44
Dell,Professional,AMD,6,2.9,NVIDIA,NVIDIA GeForce,16,512.0,15.6,1754,3014,2510,1590,1.58
Dell,Student,Intel,4,3.2,Intel,Intel UHD,8,256.0,13.3,1272,711,935,818,1.14
Dell,Basic,AMD,4,2.1,AMD,AMD Radeon,4,128.0,15.6,829,306,516,340,1.52
Dell,Student,AMD,4,2.2,Intel,Intel Iris Xe,8,256.0,15.6,882,1119,1024,504,2.03
ASUS,Student,Intel,6,2.9,Intel,Intel UHD,16,256.0,13.3,1756,1326,1498,791,1.89
Dell,Professional,Intel,12,3.7,AMD,AMD Radeon,32,1024.0,15.6,4461,2116,3054,1357,2.25
Razer,Student,Intel,4,2.8,Intel,Intel UHD,8,512.0,16.0,1109,1238,1186,438,2.71
Dell,Professional,Intel,8,2.8,NVIDIA,NVIDIA GeForce,16,1024.0,15.6,2259,2698,2523,1771,1.42
Dell,Student,Intel,6,2.9,Intel,Intel Iris Xe,8,512.0,15.6,1717,1013,1294,747,1.73
Lenovo,Gaming,Intel,8,4.7,AMD,AMD Radeon,16,512.0,15.6,3753,10088,7554,3757,2.01
Dell,Gaming,Intel,16,5.3,NVIDIA,NVIDIA RTX,16,512.0,15.6,8409,6339,7167,2373,3.02
HP,Gaming,AMD,16,5.0,NVIDIA,NVIDIA RTX,32,1024.0,17.3,7961,7672,7787,3497,2.23
Razer,Professional,AMD,6,3.5,NVIDIA,NVIDIA GeForce,32,512.0,15.6,2076,3038,2653,1599,1.66
Lenovo,Student,Intel,4,3.1,Intel,Intel Iris Xe,8,512.0,15.6,1238,1496,1393,684,2.04
Lenovo,Gaming,Intel,8,3.9,NVIDIA,NVIDIA GeForce,16,2048.0,15.6,3159,9056,6697,2597,2.58
ASUS,Basic,Intel,2,2.5,AMD,AMD Radeon,4,128.0,15.6,491,726,632,211,3.0
Acer,Student,Intel,6,2.5,AMD,AMD Radeon,16,512.0,13.3,1516,1460,1483,820,1.81
MSI,Basic,Intel,4,2.4,Intel,Intel Iris Xe,4,128.0,14.0,965,400,626,330,1.9
Lenovo,Student,AMD,4,2.5,AMD,AMD Radeon,8,256.0,14.0,981,707,817,886,0.92
HP,Student,AMD,4,3.0,Intel,Intel UHD,8,256.0,13.3,1198,518,790,726,1.09
Razer,Gaming,AMD,8,4.4,NVIDIA,NVIDIA GeForce,16,2048.0,15.6,3505,13646,9590,1481,6.48
HP,Gaming,Intel,12,3.5,NVIDIA,NVIDIA GeForce,32,1024.0,16.0,4254,10758,8156,2638,3.09
ASUS,Professional,Intel,6,3.9,NVIDIA,NVIDIA GeForce,16,1024.0,17.3,2327,1352,1742,2218,0.79
MSI,Student,Intel,4,3.3,AMD,AMD Radeon,16,512.0,13.3,1318,773,991,904,1.1
Lenovo,Student,AMD,6,2.3,AMD,AMD Radeon,8,512.0,15.6,1365,1349,1356,833,1.63
MSI,Gaming,Intel,8,3.1,AMD,AMD Radeon,16,1024.0,15.6,2478,10524,7306,3398,2.15
Dell,Basic,AMD,4,2.7,AMD,AMD Radeon,4,256.0,16.0,1061,234,565,332,1.7
HP,Basic,Intel,2,2.3,Intel,Intel UHD,4,128.0,15.6,450,514,489,189,2.59
ASUS,Gaming,Intel,16,5.1,AMD,AMD Radeon,32,1024.0,15.6,8191,14367,11896,3582,3.32
HP,Student,Intel,4,2.3,AMD,AMD Radeon,8,512.0,13.3,929,824,866,499,1.74
HP,Professional,Intel,6,3.5,NVIDIA,NVIDIA GeForce,32,512.0,16.0,2080,3903,3174,963,3.3
Lenovo,Gaming,Intel,8,5.1,AMD,AMD Radeon,32,512.0,14.0,4042,6135,5298,1192,4.44
Acer,Gaming,Intel,8,3.2,AMD,AMD Radeon,32,512.0,15.6,2586,7704,5657,3732,1.52
Lenovo,Professional,Intel,6,3.0,AMD,AMD Radeon,32,1024.0,15.6,1779,2725,2346,1646,1.43
HP,Professional,AMD,6,3.0,NVIDIA,NVIDIA GeForce,16,512.0,13.3,1828,1774,1796,905,1.98
Acer,Student,Intel,6,2.4,Intel,Intel Iris Xe,8,512.0,15.6,1438,1424,1430,573,2.5
Dell,Basic,Intel,2,2.7,Intel,Intel Iris Xe,4,128.0,15.6,543,705,641,395,1.62
Dell,Basic,AMD,2,2.3,Intel,Intel Iris Xe,4,128.0,15.6,464,324,380,315,1.21
Dell,Gaming,Intel,12,5.2,NVIDIA,NVIDIA GeForce,32,2048.0,14.0,6239,6391,6330,1640,3.86
HP,Student,Intel,4,3.0,AMD,AMD Radeon,16,512.0,15.6,1191,1475,1361,873,1.56
Dell,Student,Intel,4,2.2,Intel,Intel UHD,8,512.0,14.0,890,892,891,370,2.41
Acer,Student,Intel,6,3.4,Intel,Intel Iris Xe,16,512.0,15.6,2018,907,1351,419,3.22
HP,Basic,Intel,2,1.7,AMD,AMD Radeon,4,256.0,13.3,347,281,307,424,0.72
HP,Student,Intel,6,3.4,AMD,AMD Radeon,8,256.0,14.0,2055,1032,1441,596,2.42
MSI,Professional,Intel,12,3.7,NVIDIA,NVIDIA RTX,16,512.0,14.0,4486,3164,3693,1334,2.77
HP,Gaming,AMD,12,3.2,NVIDIA,NVIDIA GeForce,16,1024.0,15.6,3791,5879,5044,2207,2.29
HP,Gaming,Intel,16,3.9,NVIDIA,NVIDIA RTX,32,512.0,14.0,6205,8342,7487,2122,3.53
HP,Student,Intel,6,2.1,AMD,AMD Radeon,8,256.0,15.6,1271,1249,1258,428,2.94
HP,Basic,AMD,2,2.8,AMD,AMD Radeon,8,128.0,13.3,555,240,366,273,1.34
Lenovo,Student,Intel,6,2.3,Intel,Intel Iris Xe,16,512.0,14.0,1360,806,1028,767,1.34
Dell,Gaming,Intel,16,5.2,NVIDIA,NVIDIA RTX,16,1024.0,14.0,8247,7304,7681,2845,2.7
Dell,Basic,Intel,4,2.5,AMD,AMD Radeon,8,128.0,16.0,1011,319,596,260,2.29
Razer,Student,Intel,4,3.5,AMD,AMD Radeon,8,512.0,16.0,1400,1240,1304,761,1.71
Apple,Basic,Intel,4,1.9,AMD,AMD Radeon,8,128.0,14.0,749,459,575,526,1.09
Lenovo,Basic,Intel,4,2.6,AMD,AMD Radeon,8,128.0,13.3,1046,495,716,429,1.67
MSI,Student,Intel,4,2.1,AMD,AMD Radeon,8,256.0,15.6,821,1278,1095,637,1.72
Acer,Student,Intel,6,2.9,AMD,AMD Radeon,8,512.0,15.6,1764,1154,1398,706,1.98
Lenovo,Student,Intel,4,3.0,AMD,AMD Radeon,8,256.0,13.3,1198,909,1024,736,1.39
Apple,Gaming,Intel,16,4.9,NVIDIA,NVIDIA RTX,16,512.0,15.6,7858,8536,8265,1726,4.79
Acer,Student,Intel,6,3.2,Intel,Intel Iris Xe,8,512.0,15.6,1932,1415,1622,532,3.05
Lenovo,Student,Intel,6,2.2,Intel,Intel UHD,8,512.0,15.6,1305,804,1004,441,2.28
Razer,Basic,Intel,4,2.2,Intel,Intel UHD,4,256.0,15.6,897,645,746,414,1.8
ASUS,Basic,Intel,2,2.2,AMD,AMD Radeon,8,128.0,15.6,444,233,317,331,0.96
ASUS,Basic,Intel,4,2.3,Intel,Intel UHD,4,512.0,15.6,933,320,565,547,1.03
Lenovo,Gaming,AMD,8,4.7,NVIDIA,NVIDIA GeForce,32,1024.0,14.0,3785,11630,8492,2827,3.0
Lenovo,Student,Intel,6,2.2,Intel,Intel Iris Xe,8,256.0,16.0,1309,1038,1146,732,1.57
Dell,Student,Intel,4,3.2,AMD,AMD Radeon,8,512.0,14.0,1280,542,838,790,1.06
Razer,Gaming,Intel,12,5.3,NVIDIA,NVIDIA GeForce,16,512.0,17.3,6335,8992,7929,1699,4.67
ASUS,Basic,Intel,2,2.1,Intel,Intel UHD,4,128.0,13.3,420,255,321,175,1.83
Lenovo,Gaming,AMD,8,3.3,NVIDIA,NVIDIA GeForce,32,512.0,17.3,2618,5525,4362,3306,1.32
ASUS,Student,AMD,6,2.2,AMD,AMD Radeon,8,256.0,15.6,1303,622,895,483,1.85
ASUS,Basic,Intel,4,1.9,AMD,AMD Radeon,4,256.0,15.6,760,452,575,373,1.54
ASUS,Professional,Intel,12,3.9,NVIDIA,NVIDIA GeForce,16,512.0,15.6,4645,3214,3786,2025,1.87
HP,Gaming,Intel,8,5.0,AMD,AMD Radeon,32,512.0,17.3,4038,8816,6905,2801,2.47
Razer,Gaming,AMD,12,4.1,NVIDIA,NVIDIA RTX,32,512.0,14.0,4883,11274,8717,2913,2.99
Lenovo,Student,Intel,4,2.7,AMD,AMD Radeon,8,512.0,14.0,1066,658,821,855,0.96
Acer,Gaming,Intel,8,3.7,AMD,AMD Radeon,32,512.0,17.3,2926,14535,9891,3052,3.24
Dell,Professional,AMD,8,4.5,NVIDIA,NVIDIA GeForce,16,1024.0,13.3,3586,1712,2462,1568,1.57
Acer,Professional,Intel,8,3.2,AMD,AMD Radeon,32,512.0,14.0,2568,3117,2897,2436,1.19
MSI,Basic,Intel,4,2.7,AMD,AMD Radeon,4,128.0,13.3,1092,449,706,294,2.4
Dell,Professional,Intel,6,4.2,NVIDIA,NVIDIA RTX,16,512.0,16.0,2506,1330,1800,2284,0.79
HP,Gaming,Intel,12,5.0,NVIDIA,NVIDIA GeForce,16,2048.0,15.6,6042,6668,6418,1760,3.65
MSI,Student,Intel,4,3.4,Intel,Intel Iris Xe,8,256.0,15.6,1360,973,1128,642,1.76
HP,Professional,Intel,8,3.3,NVIDIA,NVIDIA GeForce,16,512.0,16.0,2658,3080,2911,2429,1.2
Lenovo,Student,Intel,4,3.5,AMD,AMD Radeon,16,256.0,15.6,1395,791,1033,527,1.96
Dell,Professional,AMD,6,3.5,NVIDIA,NVIDIA GeForce,16,512.0,14.0,2096,1095,1496,1064,1.41
HP,Gaming,Intel,8,4.8,NVIDIA,NVIDIA RTX,16,512.0,14.0,3831,13747,9780,1930,5.07
ASUS,Gaming,Intel,8,3.2,NVIDIA,NVIDIA GeForce,32,512.0,15.6,2541,11089,7670,3135,2.45
Acer,Student,Intel,6,2.5,AMD,AMD Radeon,8,512.0,14.0,1505,1058,1237,473,2.62
Razer,Basic,Intel,4,2.5,AMD,AMD Radeon,4,128.0,13.3,1011,545,731,489,1.49
Dell,Student,Intel,6,3.4,AMD,AMD Radeon,8,256.0,16.0,2016,930,1364,505,2.7
MSI,Basic,Intel,2,2.4,AMD,AMD Radeon,4,512.0,17.3,487,691,609,329,1.85
Dell,Basic,Intel,2,2.1,Intel,Intel Iris Xe,4,256.0,13.3,427,353,382,342,1.12
Razer,Professional,Intel,12,4.4,AMD,AMD Radeon,32,1024.0,17.3,5291,1602,3077,845,3.64
Acer,Basic,Intel,2,2.7,AMD,AMD Radeon,4,128.0,14.0,536,542,540,481,1.12
Lenovo,Professional,Intel,6,2.7,AMD,AMD Radeon,16,512.0,14.0,1595,2496,2135,1457,1.47
Dell,Professional,Intel,12,3.6,AMD,AMD Radeon,32,1024.0,14.0,4358,2697,3361,1718,1.96
ASUS,Gaming,AMD,12,5.3,NVIDIA,NVIDIA RTX,32,512.0,16.0,6376,8258,7505,1091,6.88
Razer,Student,Intel,4,3.1,Intel,Intel UHD,8,256.0,13.3,1252,1043,1127,533,2.11
MSI,Student,AMD,4,3.4,Intel,Intel UHD,8,256.0,16.0,1364,857,1060,349,3.04
Dell,Basic,Intel,2,1.8,AMD,AMD Radeon,4,256.0,15.6,351,568,482,425,1.13
MSI,Gaming,Intel,12,4.0,NVIDIA,NVIDIA GeForce,16,1024.0,13.3,4847,12481,9427,1379,6.84
Razer,Basic,Intel,2,2.1,AMD,AMD Radeon,4,256.0,17.3,415,637,548,499,1.1
Razer,Student,Intel,4,3.1,AMD,AMD Radeon,8,256.0,15.6,1257,895,1040,597,1.74
Lenovo,Professional,AMD,6,4.1,NVIDIA,NVIDIA RTX,32,1024.0,13.3,2484,2317,2384,825,2.89
Lenovo,Professional,Intel,8,3.6,NVIDIA,NVIDIA RTX,16,512.0,14.0,2880,3147,3040,1001,3.04
Dell,Professional,Intel,12,2.7,NVIDIA,NVIDIA RTX,32,512.0,15.6,3282,2511,2819,1001,2.82
Apple,Student,AMD,4,2.9,AMD,AMD Radeon,8,512.0,17.3,1151,867,981,933,1.05
Lenovo,Student,AMD,6,3.2,AMD,AMD Radeon,8,512.0,14.0,1918,708,1192,310,3.85
Dell,Gaming,Intel,12,4.7,AMD,AMD Radeon,32,1024.0,14.0,5675,9861,8187,2251,3.64
Dell,Basic,Intel,2,2.8,AMD,AMD Radeon,8,128.0,15.6,551,649,610,294,2.07
HP,Professional,AMD,8,3.3,NVIDIA,NVIDIA GeForce,32,512.0,15.6,2644,3210,2983,2124,1.4
Dell,Student,Intel,4,2.9,Intel,Intel UHD,16,256.0,14.0,1178,1058,1106,532,2.08
MSI,Basic,Intel,2,1.7,Intel,Intel Iris Xe,4,512.0,13.3,346,616,508,507,1.0
Lenovo,Gaming,Intel,12,3.6,NVIDIA,NVIDIA GeForce,32,2048.0,17.3,4284,9965,7692,3190,2.41
Lenovo,Professional,Intel,6,2.7,NVIDIA,NVIDIA GeForce,16,1024.0,17.3,1631,2846,2360,1206,1.96
HP,Professional,Intel,8,3.1,AMD,AMD Radeon,32,512.0,15.6,2473,3317,2980,1591,1.87
Apple,Gaming,Intel,16,4.6,AMD,AMD Radeon,32,1024.0,16.0,7327,6616,6901,2939,2.35
Dell,Professional,Intel,6,4.2,NVIDIA,NVIDIA RTX,16,1024.0,13.3,2490,3593,3152,1512,2.08
HP,Professional,Intel,6,4.1,NVIDIA,NVIDIA GeForce,16,512.0,14.0,2453,2714,2610,1193,2.19
Razer,Gaming,AMD,12,4.2,NVIDIA,NVIDIA RTX,32,512.0,17.3,5031,14826,10908,1156,9.44
Dell,Professional,Intel,6,4.2,AMD,AMD Radeon,32,1024.0,17.3,2501,3448,3069,1248,2.46
Dell,Student,Intel,4,2.3,AMD,AMD Radeon,16,512.0,13.3,916,1162,1063,682,1.56
Razer,Basic,Intel,2,2.0,Intel,Intel UHD,4,128.0,13.3,390,541,481,188,2.56
ASUS,Basic,AMD,4,2.3,Intel,Intel UHD,4,128.0,13.3,909,567,704,250,2.82
HP,Basic,Intel,4,1.9,Intel,Intel UHD,8,128.0,15.6,774,771,772,384,2.01
MSI,Basic,AMD,4,2.1,Intel,Intel Iris Xe,4,512.0,15.6,850,344,547,447,1.22
ASUS,Basic,AMD,2,2.3,Intel,Intel UHD,4,128.0,15.6,464,596,543,329,1.65
Lenovo,Professional,Intel,8,3.8,AMD,AMD Radeon,32,1024.0,13.3,3071,3645,3416,1274,2.68
HP,Basic,AMD,2,2.5,AMD,AMD Radeon,4,512.0,16.0,500,675,605,418,1.45
ASUS,Student,Intel,4,2.1,AMD,AMD Radeon,8,512.0,13.3,842,678,744,547,1.36
Dell,Basic,Intel,2,2.7,AMD,AMD Radeon,4,128.0,15.6,533,765,672,421,1.6
MSI,Gaming,AMD,12,4.2,NVIDIA,NVIDIA GeForce,16,2048.0,15.6,5034,11563,8951,3279,2.73
HP,Student,AMD,6,2.7,AMD,AMD Radeon,8,256.0,13.3,1642,846,1164,425,2.74
HP,Professional,AMD,8,3.5,NVIDIA,NVIDIA RTX,32,512.0,14.0,2773,3901,3450,1934,1.78
Lenovo,Professional,AMD,8,3.1,AMD,AMD Radeon,16,1024.0,17.3,2457,2751,2633,2386,1.1
Razer,Basic,Intel,4,2.5,Intel,Intel UHD,4,128.0,16.0,1002,596,758,354,2.14
Lenovo,Basic,Intel,4,1.8,AMD,AMD Radeon,4,256.0,13.3,729,575,637,236,2.7
HP,Basic,Intel,4,1.8,AMD,AMD Radeon,4,128.0,15.6,740,318,487,554,0.88
Dell,Basic,AMD,2,2.0,AMD,AMD Radeon,8,128.0,15.6,398,325,354,420,0.84
Apple,Student,Intel,6,3.3,Intel,Intel UHD,8,256.0,13.3,2001,761,1257,529,2.38
MSI,Basic,Intel,2,1.9,Intel,Intel Iris Xe,4,512.0,15.6,379,444,418,290,1.44
HP,Basic,Intel,2,2.5,Intel,Intel UHD,4,256.0,17.3,503,217,332,193,1.72
Dell,Basic,AMD,2,2.6,AMD,AMD Radeon,4,128.0,14.0,526,488,504,315,1.6
HP,Basic,Intel,2,2.7,AMD,AMD Radeon,8,128.0,13.3,542,306,400,246,1.63
ASUS,Gaming,AMD,8,3.5,AMD,AMD Radeon,32,1024.0,15.6,2807,8404,6165,1735,3.55
ASUS,Professional,AMD,8,4.1,NVIDIA,NVIDIA GeForce,16,512.0,13.3,3288,1777,2382,1856,1.28
Lenovo,Professional,Intel,8,3.2,NVIDIA,NVIDIA RTX,16,512.0,16.0,2557,3059,2858,2090,1.37
ASUS,Gaming,Intel,16,3.0,AMD,AMD Radeon,32,512.0,15.6,4804,5942,5487,2587,2.12
ASUS,Professional,AMD,8,4.1,NVIDIA,NVIDIA GeForce,16,1024.0,13.3,3291,1602,2277,1412,1.61
Dell,Professional,AMD,6,3.7,AMD,AMD Radeon,16,1024.0,15.6,2206,1916,2032,1418,1.43
Acer,Basic,AMD,4,2.7,AMD,AMD Radeon,4,128.0,15.6,1099,313,627,367,1.71
ASUS,Professional,Intel,8,3.0,NVIDIA,NVIDIA RTX,32,1024.0,16.0,2395,2239,2301,982,2.34
MSI,Gaming,AMD,8,5.1,NVIDIA,NVIDIA GeForce,16,1024.0,16.0,4042,10466,7896,2736,2.89
HP,Gaming,AMD,12,3.1,NVIDIA,NVIDIA GeForce,32,1024.0,13.3,3760,9704,7327,2268,3.23
Lenovo,Gaming,Intel,12,3.5,NVIDIA,NVIDIA RTX,32,1024.0,14.0,4150,9293,7236,3545,2.04
Acer,Basic,AMD,4,1.6,AMD,AMD Radeon,4,128.0,15.6,646,390,492,314,1.57
Lenovo,Student,Intel,4,3.5,Intel,Intel UHD,8,512.0,14.0,1397,1182,1268,880,1.44
Dell,Basic,Intel,4,1.7,AMD,AMD Radeon,4,512.0,16.0,662,772,728,244,2.98
ASUS,Professional,Intel,6,3.5,NVIDIA,NVIDIA GeForce,16,1024.0,16.0,2076,1300,1610,1914,0.84
ASUS,Student,AMD,6,2.6,AMD,AMD Radeon,8,512.0,15.6,1574,1297,1408,494,2.85
ASUS,Professional,Intel,8,4.2,NVIDIA,NVIDIA GeForce,32,1024.0,13.3,3367,3869,3668,1216,3.02
HP,Basic,AMD,4,2.1,AMD,AMD Radeon,4,256.0,13.3,857,770,805,330,2.44
Dell,Student,Intel,4,2.0,AMD,AMD Radeon,16,512.0,15.6,801,1310,1106,748,1.48
Dell,Professional,Intel,8,4.2,NVIDIA,NVIDIA GeForce,16,1024.0,16.0,3357,3475,3428,1243,2.76
HP,Student,AMD,4,2.2,Intel,Intel UHD,8,512.0,15.6,883,1380,1181,643,1.84
Lenovo,Professional,Intel,8,3.4,AMD,AMD Radeon,32,512.0,15.6,2742,1823,2190,1018,2.15
Dell,Professional,Intel,8,4.2,AMD,AMD Radeon,16,512.0,13.3,3329,1233,2072,1991,1.04
Acer,Professional,Intel,8,2.9,AMD,AMD Radeon,16,512.0,15.6,2321,2935,2689,1768,1.52
ASUS,Professional,Intel,12,3.7,NVIDIA,NVIDIA RTX,16,512.0,15.6,4424,3000,3569,1922,1.86
HP,Professional,Intel,12,3.7,AMD,AMD Radeon,32,1024.0,15.6,4395,3684,3969,814,4.88
Dell,Gaming,Intel,8,4.0,NVIDIA,NVIDIA GeForce,32,1024.0,14.0,3183,12558,8808,1836,4.8
Lenovo,Student,AMD,6,3.4,AMD,AMD Radeon,8,512.0,15.6,2045,772,1281,880,1.46
Dell,Basic,Intel,4,2.6,AMD,AMD Radeon,4,256.0,14.0,1058,711,850,418,2.03
Dell,Student,Intel,4,2.6,AMD,AMD Radeon,8,512.0,14.0,1021,1108,1073,501,2.14
Lenovo,Professional,AMD,8,2.8,NVIDIA,NVIDIA GeForce,16,1024.0,13.3,2226,3566,3030,2032,1.49
ASUS,Student,Intel,4,2.0,AMD,AMD Radeon,8,256.0,17.3,812,655,718,595,1.21
ASUS,Gaming,Intel,16,3.9,NVIDIA,NVIDIA RTX,16,2048.0,15.6,6284,6774,6578,1451,4.53
Acer,Gaming,Intel,8,5.0,AMD,AMD Radeon,16,1024.0,14.0,4039,13936,9977,3684,2.71
Lenovo,Basic,Intel,2,2.7,Intel,Intel Iris Xe,4,256.0,16.0,550,280,388,226,1.72
Razer,Gaming,Intel,8,3.2,AMD,AMD Radeon,32,2048.0,13.3,2526,12955,8783,2518,3.49
ASUS,Gaming,Intel,12,3.1,AMD,AMD Radeon,32,512.0,15.6,3668,7498,5966,4004,1.49
HP,Gaming,AMD,8,5.3,NVIDIA,NVIDIA RTX,16,2048.0,14.0,4270,11546,8636,1453,5.94
HP,Student,Intel,6,2.3,AMD,AMD Radeon,8,512.0,15.6,1404,1456,1435,812,1.77
Dell,Basic,AMD,2,1.8,Intel,Intel UHD,4,256.0,14.0,368,714,575,400,1.44
Lenovo,Professional,Intel,6,3.7,NVIDIA,NVIDIA RTX,32,1024.0,15.6,2190,2308,2261,1714,1.32
Dell,Student,Intel,6,2.7,Intel,Intel UHD,8,512.0,16.0,1644,931,1217,595,2.05
Acer,Gaming,Intel,8,5.4,AMD,AMD Radeon,32,1024.0,14.0,4339,6368,5556,3147,1.77
ASUS,Professional,AMD,12,2.9,NVIDIA,NVIDIA GeForce,16,1024.0,15.6,3460,2608,2949,728,4.05
HP,Student,Intel,4,2.9,Intel,Intel UHD,8,256.0,15.6,1176,511,777,454,1.71
HP,Gaming,AMD,12,5.2,AMD,AMD Radeon,32,1024.0,14.0,6195,10782,8947,2492,3.59
Razer,Gaming,Intel,12,4.6,AMD,AMD Radeon,16,1024.0,16.0,5575,12850,9940,1172,8.48
ASUS,Professional,Intel,8,3.8,NVIDIA,NVIDIA GeForce,32,1024.0,13.3,3025,2638,2793,1991,1.4
Lenovo,Basic,AMD,4,1.6,Intel,Intel UHD,8,128.0,15.6,645,575,603,363,1.66
Dell,Basic,Intel,2,1.8,AMD,AMD Radeon,4,128.0,15.6,369,714,576,488,1.18
Dell,Professional,Intel,8,3.3,AMD,AMD Radeon,32,512.0,14.0,2601,1436,1902,1654,1.15
ASUS,Student,AMD,4,3.3,AMD,AMD Radeon,16,512.0,15.6,1303,775,986,547,1.8
Dell,Gaming,Intel,12,5.0,NVIDIA,NVIDIA GeForce,32,512.0,15.6,5945,5144,5464,1356,4.03
Dell,Gaming,Intel,8,4.5,NVIDIA,NVIDIA RTX,32,512.0,17.3,3580,12514,8941,2658,3.36
Lenovo,Gaming,Intel,16,3.7,AMD,AMD Radeon,32,512.0,16.0,5925,12093,9626,2597,3.71
Lenovo,Student,AMD,4,3.1,Intel,Intel UHD,8,256.0,15.6,1246,997,1097,616,1.78
HP,Basic,Intel,4,1.9,AMD,AMD Radeon,4,256.0,16.0,769,636,689,518,1.33
Lenovo,Gaming,Intel,12,4.7,NVIDIA,NVIDIA GeForce,16,1024.0,17.3,5604,5656,5635,2216,2.54
Lenovo,Professional,Intel,6,4.1,NVIDIA,NVIDIA GeForce,16,512.0,15.6,2481,1560,1928,1099,1.75
Dell,Gaming,AMD,16,3.4,AMD,AMD Radeon,32,512.0,14.0,5475,7908,6935,2395,2.9
Acer,Professional,AMD,8,4.4,NVIDIA,NVIDIA RTX,16,512.0,14.0,3535,2012,2621,1520,1.72
Apple,Student,Intel,6,3.1,Intel,Intel UHD,16,512.0,17.3,1884,1416,1604,731,2.19
Dell,Professional,AMD,6,2.9,NVIDIA,NVIDIA RTX,16,512.0,16.0,1770,1379,1535,2124,0.72
Apple,Student,Intel,4,3.5,AMD,AMD Radeon,8,256.0,17.3,1385,841,1059,500,2.12
ASUS,Basic,AMD,2,2.4,AMD,AMD Radeon,8,256.0,15.6,485,745,641,455,1.41
Lenovo,Basic,AMD,4,2.3,Intel,Intel Iris Xe,8,128.0,15.6,914,544,692,449,1.54
Razer,Gaming,Intel,8,4.1,NVIDIA,NVIDIA GeForce,32,512.0,14.0,3298,10780,7787,2556,3.05
ASUS,Basic,AMD,2,2.5,Intel,Intel UHD,4,512.0,13.3,492,431,456,401,1.14
HP,Professional,Intel,8,2.6,AMD,AMD Radeon,32,512.0,13.3,2073,1092,1484,808,1.84
Lenovo,Student,Intel,4,3.1,AMD,AMD Radeon,16,256.0,16.0,1234,1421,1346,441,3.05
HP,Student,AMD,4,2.1,AMD,AMD Radeon,8,512.0,17.3,858,883,873,506,1.73
Razer,Student,AMD,4,3.3,AMD,AMD Radeon,8,256.0,17.3,1322,544,855,470,1.82
HP,Basic,Intel,2,1.7,AMD,AMD Radeon,4,128.0,16.0,345,245,285,216,1.32
Acer,Gaming,Intel,16,4.5,NVIDIA,NVIDIA RTX,32,1024.0,16.0,7183,14833,11773,1900,6.2
Lenovo,Student,Intel,6,2.1,Intel,Intel UHD,8,512.0,16.0,1232,1364,1311,714,1.84
Dell,Gaming,AMD,8,4.1,NVIDIA,NVIDIA RTX,32,1024.0,15.6,3250,11353,8112,2868,2.83
ASUS,Basic,Intel,4,2.3,AMD,AMD Radeon,8,128.0,13.3,928,639,755,295,2.56
ASUS,Professional,Intel,6,3.7,NVIDIA,NVIDIA RTX,32,512.0,15.6,2244,1311,1684,1573,1.07
HP,Professional,AMD,6,4.2,AMD,AMD Radeon,32,1024.0,15.6,2534,1093,1669,1092,1.53
HP,Professional,Intel,6,4.4,NVIDIA,NVIDIA RTX,32,512.0,16.0,2649,3195,2976,1715,1.74
Lenovo,Professional,AMD,6,4.3,NVIDIA,NVIDIA GeForce,16,512.0,16.0,2601,1608,2005,1074,1.87
Dell,Gaming,Intel,12,4.1,NVIDIA,NVIDIA RTX,16,512.0,15.6,4922,7835,6670,1256,5.31
Lenovo,Basic,Intel,2,2.0,AMD,AMD Radeon,4,256.0,17.3,401,212,288,462,0.62
Dell,Student,AMD,6,2.3,AMD,AMD Radeon,16,256.0,17.3,1406,833,1062,503,2.11
HP,Student,AMD,4,2.2,AMD,AMD Radeon,16,256.0,13.3,880,724,786,565,1.39
HP,Professional,Intel,8,3.1,NVIDIA,NVIDIA GeForce,16,512.0,17.3,2506,3155,2895,1319,2.19
Acer,Basic,AMD,2,1.6,AMD,AMD Radeon,4,128.0,15.6,330,303,314,461,0.68
Razer,Basic,Intel,2,2.8,AMD,AMD Radeon,4,128.0,13.3,557,271,385,260,1.48
Razer,Student,Intel,4,3.2,Intel,Intel UHD,8,512.0,16.0,1274,766,969,423,2.29
Lenovo,Student,AMD,4,3.1,AMD,AMD Radeon,8,512.0,15.6,1224,684,900,538,1.67
HP,Gaming,AMD,8,3.1,NVIDIA,NVIDIA RTX,16,1024.0,17.3,2445,6964,5157,1815,2.84
MSI,Gaming,AMD,12,4.8,NVIDIA,NVIDIA RTX,16,1024.0,15.6,5755,10265,8461,1875,4.51
Razer,Basic,AMD,2,1.9,Intel,Intel Iris Xe,8,256.0,16.0,382,731,591,362,1.63
ASUS,Basic,AMD,2,1.7,AMD,AMD Radeon,4,512.0,13.3,337,778,602,443,1.36
Lenovo,Basic,AMD,4,1.8,AMD,AMD Radeon,4,128.0,15.6,707,239,426,271,1.57
MSI,Professional,Intel,12,3.0,NVIDIA,NVIDIA RTX,16,1024.0,15.6,3565,2226,2762,2372,1.16
Apple,Student,AMD,4,2.6,AMD,AMD Radeon,16,512.0,15.6,1041,1050,1046,889,1.18
ASUS,Gaming,Intel,8,3.8,AMD,AMD Radeon,16,1024.0,15.6,3055,5196,4340,3059,1.42
HP,Student,Intel,4,2.4,Intel,Intel Iris Xe,8,512.0,15.6,975,537,712,612,1.16
ASUS,Basic,Intel,4,1.8,AMD,AMD Radeon,4,128.0,14.0,722,282,458,450,1.02
Lenovo,Basic,Intel,2,2.0,Intel,Intel UHD,4,128.0,15.6,394,378,385,282,1.37
Razer,Gaming,Intel,12,4.1,NVIDIA,NVIDIA GeForce,32,512.0,15.6,4863,7175,6250,1815,3.44
Dell,Professional,Intel,6,2.6,NVIDIA,NVIDIA RTX,16,512.0,15.6,1590,3211,2562,2102,1.22
Lenovo,Professional,Intel,8,3.8,AMD,AMD Radeon,32,512.0,15.6,3070,2900,2968,1359,2.18
Lenovo,Professional,Intel,6,4.2,NVIDIA,NVIDIA RTX,16,512.0,15.6,2530,3262,2969,2073,1.43
Lenovo,Student,AMD,6,2.3,Intel,Intel UHD,8,256.0,14.0,1380,926,1107,773,1.43
Acer,Gaming,Intel,12,3.6,AMD,AMD Radeon,16,1024.0,16.0,4302,12882,9450,3183,2.97
ASUS,Professional,Intel,8,3.3,AMD,AMD Radeon,32,512.0,15.6,2603,3568,3182,1259,2.53
HP,Basic,Intel,4,1.9,Intel,Intel UHD,4,128.0,14.0,780,634,692,443,1.56
Dell,Gaming,Intel,16,4.4,AMD,AMD Radeon,16,2048.0,14.0,7028,11220,9543,2890,3.3
Lenovo,Professional,Intel,6,4.0,NVIDIA,NVIDIA RTX,32,512.0,16.0,2386,2321,2347,1829,1.28
Razer,Gaming,Intel,8,4.9,NVIDIA,NVIDIA GeForce,16,2048.0,15.6,3931,13827,9869,3310,2.98
Dell,Gaming,Intel,8,4.1,AMD,AMD Radeon,32,1024.0,15.6,3314,12419,8777,3014,2.91
HP,Student,Intel,6,2.4,AMD,AMD Radeon,8,256.0,14.0,1418,1263,1325,625,2.12
ASUS,Basic,AMD,4,2.3,AMD,AMD Radeon,4,256.0,14.0,926,631,749,322,2.33
Lenovo,Professional,Intel,12,4.1,NVIDIA,NVIDIA RTX,32,512.0,14.0,4938,3949,4344,1276,3.4
ASUS,Gaming,Intel,8,3.2,NVIDIA,NVIDIA GeForce,16,512.0,15.6,2568,14537,9749,3429,2.84
Razer,Student,Intel,4,2.5,Intel,Intel UHD,8,512.0,14.0,1012,830,903,863,1.05
Dell,Gaming,AMD,16,3.5,NVIDIA,NVIDIA GeForce,16,1024.0,13.3,5587,8183,7144,1142,6.26
Lenovo,Gaming,Intel,8,4.1,NVIDIA,NVIDIA RTX,16,512.0,14.0,3265,8229,6244,2212,2.82
MSI,Basic,Intel,4,2.4,Intel,Intel UHD,4,128.0,16.0,968,633,767,275,2.79
MSI,Professional,AMD,8,2.9,NVIDIA,NVIDIA GeForce,32,512.0,13.3,2307,3315,2912,2518,1.16
Lenovo,Gaming,Intel,8,3.4,NVIDIA,NVIDIA RTX,16,512.0,16.0,2712,13211,9011,1570,5.74
Dell,Professional,Intel,8,3.5,NVIDIA,NVIDIA RTX,16,512.0,16.0,2836,3330,3133,1291,2.43
Lenovo,Gaming,Intel,12,4.7,AMD,AMD Radeon,32,2048.0,17.3,5669,9595,8024,1021,7.86
Acer,Basic,Intel,2,2.6,Intel,Intel UHD,8,256.0,15.6,518,437,469,292,1.61
Apple,Student,Intel,4,3.0,Intel,Intel UHD,16,512.0,15.6,1198,1382,1308,610,2.14
HP,Gaming,AMD,12,4.1,AMD,AMD Radeon,32,1024.0,13.3,4934,6354,5786,1416,4.09
HP,Professional,Intel,6,3.2,NVIDIA,NVIDIA GeForce,16,1024.0,14.0,1890,2260,2112,1926,1.1
Lenovo,Student,Intel,6,2.6,AMD,AMD Radeon,8,512.0,17.3,1563,1331,1424,591,2.41
Dell,Gaming,AMD,8,4.0,NVIDIA,NVIDIA RTX,16,1024.0,15.6,3172,9389,6902,1751,3.94
HP,Professional,Intel,8,3.6,NVIDIA,NVIDIA GeForce,32,1024.0,14.0,2867,2344,2554,1287,1.98
ASUS,Professional,AMD,6,3.7,NVIDIA,NVIDIA RTX,32,512.0,14.0,2232,3473,2976,2209,1.35
Acer,Basic,Intel,2,2.1,AMD,AMD Radeon,4,128.0,16.0,428,759,626,449,1.39
HP,Professional,Intel,8,2.9,NVIDIA,NVIDIA GeForce,16,512.0,15.6,2340,3037,2758,2281,1.21
Dell,Gaming,AMD,16,3.9,NVIDIA,NVIDIA GeForce,32,512.0,15.6,6259,9169,8005,2037,3.93
MSI,Student,Intel,4,2.1,AMD,AMD Radeon,16,512.0,15.6,843,1483,1227,814,1.51
Lenovo,Professional,Intel,12,4.1,AMD,AMD Radeon,16,1024.0,15.6,4897,2317,3349,2229,1.5
Acer,Professional,Intel,6,3.2,NVIDIA,NVIDIA RTX,32,1024.0,13.3,1936,2404,2217,1007,2.2
MSI,Basic,AMD,4,2.5,Intel,Intel Iris Xe,4,256.0,15.6,988,286,567,351,1.62
HP,Basic,AMD,4,2.3,Intel,Intel UHD,8,128.0,16.0,923,423,623,438,1.42
ASUS,Professional,AMD,12,2.7,AMD,AMD Radeon,16,1024.0,14.0,3252,1423,2155,2486,0.87
Lenovo,Student,AMD,6,2.0,AMD,AMD Radeon,8,512.0,16.0,1218,1261,1244,833,1.49
HP,Basic,Intel,4,2.0,Intel,Intel Iris Xe,8,256.0,16.0,811,484,615,446,1.38
Acer,Student,Intel,6,2.9,Intel,Intel UHD,8,512.0,14.0,1769,686,1119,467,2.4
HP,Professional,Intel,12,3.5,AMD,AMD Radeon,16,512.0,15.6,4197,3264,3637,884,4.11
HP,Gaming,Intel,12,3.9,AMD,AMD Radeon,16,2048.0,15.6,4731,14348,10501,3575,2.94
HP,Student,AMD,6,2.2,Intel,Intel UHD,16,512.0,15.6,1346,789,1012,721,1.4
Lenovo,Professional,AMD,12,3.1,AMD,AMD Radeon,16,1024.0,14.0,3764,1268,2267,2241,1.01
Apple,Gaming,Intel,12,5.5,AMD,AMD Radeon,32,512.0,14.0,6556,11837,9724,3959,2.46
Razer,Gaming,Intel,8,3.7,NVIDIA,NVIDIA GeForce,32,2048.0,17.3,2978,6919,5342,1823,2.93
Dell,Student,AMD,6,3.1,Intel,Intel Iris Xe,8,256.0,13.3,1871,848,1257,425,2.96
Razer,Student,Intel,6,2.8,Intel,Intel UHD,8,256.0,16.0,1703,789,1155,918,1.26
Lenovo,Student,Intel,4,3.3,Intel,Intel Iris Xe,16,256.0,14.0,1311,1225,1259,682,1.85
Lenovo,Gaming,Intel,12,4.9,AMD,AMD Radeon,32,1024.0,16.0,5840,12662,9933,2657,3.74
HP,Professional,Intel,12,4.2,NVIDIA,NVIDIA GeForce,16,512.0,13.3,5051,1265,2780,2327,1.19
Lenovo,Student,AMD,6,2.7,AMD,AMD Radeon,16,256.0,15.6,1594,1245,1384,691,2.0
MSI,Professional,Intel,12,3.9,NVIDIA,NVIDIA GeForce,32,512.0,15.6,4709,2424,3338,947,3.52
ASUS,Student,Intel,6,3.0,AMD,AMD Radeon,8,256.0,13.3,1779,1500,1611,392,4.11
Dell,Gaming,Intel,12,3.2,AMD,AMD Radeon,16,512.0,15.6,3887,14155,10048,3594,2.8
Lenovo,Student,Intel,6,2.7,Intel,Intel UHD,8,256.0,17.3,1594,995,1235,876,1.41
HP,Professional,Intel,6,4.4,NVIDIA,NVIDIA GeForce,16,512.0,15.6,2645,1329,1855,1835,1.01
Dell,Professional,AMD,8,3.5,NVIDIA,NVIDIA GeForce,32,512.0,14.0,2791,3219,3048,1970,1.55
Apple,Gaming,Intel,8,3.8,NVIDIA,NVIDIA RTX,16,512.0,16.0,3006,8749,6451,3384,1.91
Dell,Professional,AMD,8,2.8,NVIDIA,NVIDIA RTX,32,1024.0,16.0,2209,2582,2433,1606,1.51
Dell,Professional,AMD,6,3.5,AMD,AMD Radeon,16,1024.0,16.0,2108,1116,1513,2145,0.71
Lenovo,Student,AMD,4,2.1,AMD,AMD Radeon,8,256.0,17.3,828,1333,1131,578,1.96
Lenovo,Gaming,AMD,12,3.2,NVIDIA,NVIDIA RTX,32,512.0,15.6,3871,6741,5593,3200,1.75
ASUS,Gaming,AMD,16,3.9,AMD,AMD Radeon,16,1024.0,15.6,6183,5756,5927,1169,5.07
MSI,Gaming,AMD,8,3.6,NVIDIA,NVIDIA GeForce,16,1024.0,15.6,2882,14511,9860,2335,4.22
HP,Professional,Intel,6,3.9,AMD,AMD Radeon,32,1024.0,13.3,2359,2175,2249,2182,1.03
Dell,Basic,AMD,4,1.7,AMD,AMD Radeon,4,256.0,15.6,668,716,697,187,3.73
HP,Basic,AMD,2,2.0,AMD,AMD Radeon,4,256.0,14.0,408,624,538,457,1.18
HP,Basic,Intel,2,1.7,AMD,AMD Radeon,4,128.0,17.3,330,342,337,150,2.25
HP,Professional,Intel,8,3.1,NVIDIA,NVIDIA RTX,32,1024.0,17.3,2496,2570,2541,1886,1.35
HP,Gaming,Intel,12,4.4,AMD,AMD Radeon,16,512.0,16.0,5286,11069,8756,1047,8.36
Dell,Basic,Intel,2,2.1,Intel,Intel UHD,8,256.0,15.6,415,480,454,377,1.2
Acer,Professional,Intel,12,2.8,NVIDIA,NVIDIA RTX,32,1024.0,15.6,3368,2257,2701,1596,1.69
Dell,Student,Intel,4,2.4,Intel,Intel UHD,8,512.0,13.3,975,1152,1081,505,2.14
HP,Basic,Intel,4,2.4,Intel,Intel UHD,4,128.0,15.6,953,626,757,510,1.48
Razer,Student,Intel,6,2.1,Intel,Intel UHD,16,512.0,14.0,1267,1266,1267,513,2.47
Acer,Student,Intel,4,2.6,AMD,AMD Radeon,8,512.0,14.0,1022,1003,1010,600,1.68
Apple,Basic,AMD,4,2.0,Intel,Intel Iris Xe,4,256.0,15.6,797,455,592,506,1.17
HP,Gaming,Intel,8,5.0,AMD,AMD Radeon,32,1024.0,16.0,4024,13888,9942,1678,5.92
HP,Student,Intel,6,2.9,Intel,Intel Iris Xe,8,512.0,13.3,1720,1430,1546,803,1.93
ASUS,Professional,AMD,12,3.3,NVIDIA,NVIDIA GeForce,16,1024.0,14.0,4012,1658,2600,1137,2.29
Dell,Gaming,Intel,8,4.7,NVIDIA,NVIDIA RTX,16,512.0,15.6,3774,10527,7826,2233,3.5
Lenovo,Professional,Intel,8,3.9,AMD,AMD Radeon,16,512.0,13.3,3090,2688,2848,2085,1.37
HP,Student,Intel,4,2.2,Intel,Intel Iris Xe,8,512.0,15.6,889,959,931,521,1.79
HP,Student,Intel,6,3.2,Intel,Intel Iris Xe,16,512.0,13.3,1908,580,1111,614,1.81
ASUS,Student,AMD,6,2.1,Intel,Intel UHD,8,512.0,15.6,1272,1104,1171,738,1.59
HP,Student,Intel,4,2.5,AMD,AMD Radeon,8,256.0,14.0,993,1368,1218,563,2.16
Lenovo,Professional,Intel,8,4.2,AMD,AMD Radeon,32,512.0,14.0,3361,3007,3149,824,3.82
Apple,Basic,Intel,2,2.4,Intel,Intel Iris Xe,8,128.0,13.3,473,560,525,193,2.72
Acer,Student,Intel,4,2.4,Intel,Intel Iris Xe,8,512.0,17.3,975,545,717,496,1.45
Lenovo,Student,Intel,6,2.1,AMD,AMD Radeon,8,512.0,15.6,1253,594,858,486,1.77
ASUS,Professional,Intel,8,2.7,NVIDIA,NVIDIA GeForce,16,1024.0,14.0,2171,1901,2009,1305,1.54
Lenovo,Student,Intel,4,3.1,AMD,AMD Radeon,8,512.0,15.6,1231,1253,1244,844,1.47
Dell,Basic,AMD,2,1.9,AMD,AMD Radeon,8,256.0,15.6,379,674,556,243,2.29
Dell,Student,Intel,6,2.8,AMD,AMD Radeon,16,256.0,14.0,1689,1403,1518,913,1.66
MSI,Student,Intel,4,2.9,Intel,Intel Iris Xe,8,256.0,14.0,1152,723,895,721,1.24
HP,Student,Intel,6,3.3,AMD,AMD Radeon,8,512.0,14.0,2006,896,1340,871,1.54
ASUS,Basic,Intel,2,2.0,AMD,AMD Radeon,4,128.0,15.6,392,755,610,259,2.36
MSI,Professional,Intel,6,4.2,NVIDIA,NVIDIA RTX,16,1024.0,15.6,2500,2512,2507,1678,1.49
Lenovo,Gaming,Intel,8,5.2,NVIDIA,NVIDIA GeForce,32,1024.0,14.0,4194,5702,5099,3006,1.7
Acer,Professional,AMD,12,3.0,NVIDIA,NVIDIA GeForce,16,1024.0,14.0,3653,1355,2274,1392,1.63
MSI,Professional,Intel,8,4.4,NVIDIA,NVIDIA RTX,32,512.0,16.0,3493,1233,2137,1969,1.09
ASUS,Gaming,Intel,8,3.2,AMD,AMD Radeon,16,1024.0,15.6,2548,13957,9393,1963,4.79
MSI,Basic,Intel,2,2.6,Intel,Intel Iris Xe,8,128.0,15.6,513,462,482,260,1.85
HP,Student,Intel,6,3.3,Intel,Intel UHD,8,256.0,16.0,1968,937,1349,875,1.54
Acer,Professional,Intel,8,2.7,AMD,AMD Radeon,16,1024.0,17.3,2167,3296,2844,2370,1.2
Lenovo,Student,AMD,6,3.2,AMD,AMD Radeon,8,512.0,15.6,1896,1067,1399,603,2.32
ASUS,Student,AMD,6,2.3,Intel,Intel UHD,8,256.0,13.3,1384,1012,1161,842,1.38
Acer,Basic,AMD,2,2.4,Intel,Intel Iris Xe,8,256.0,14.0,490,559,531,237,2.24
HP,Gaming,Intel,8,4.2,AMD,AMD Radeon,16,1024.0,15.6,3349,6476,5225,1573,3.32
HP,Gaming,Intel,16,4.2,NVIDIA,NVIDIA GeForce,16,2048.0,14.0,6672,6768,6730,1025,6.57
HP,Professional,AMD,12,2.5,NVIDIA,NVIDIA RTX,32,1024.0,15.6,3059,1711,2250,1998,1.13
HP,Student,Intel,4,3.2,AMD,AMD Radeon,8,512.0,16.0,1281,1075,1158,906,1.28
ASUS,Gaming,Intel,16,4.1,AMD,AMD Radeon,16,1024.0,13.3,6609,8229,7581,1868,4.06
Lenovo,Basic,AMD,2,2.1,Intel,Intel UHD,8,512.0,13.3,413,601,525,422,1.24
Lenovo,Professional,Intel,6,2.8,NVIDIA,NVIDIA GeForce,32,512.0,14.0,1669,2185,1979,1977,1.0
ASUS,Professional,Intel,12,3.5,NVIDIA,NVIDIA GeForce,16,1024.0,15.6,4195,2024,2892,1399,2.07
Acer,Gaming,Intel,8,5.3,NVIDIA,NVIDIA GeForce,16,512.0,16.0,4211,14435,10345,2884,3.59
Lenovo,Student,Intel,4,3.3,Intel,Intel Iris Xe,8,256.0,15.6,1333,1081,1181,844,1.4
HP,Professional,AMD,8,2.5,AMD,AMD Radeon,16,1024.0,15.6,2024,3426,2865,1653,1.73
HP,Basic,Intel,2,2.3,AMD,AMD Radeon,8,128.0,15.6,459,501,484,456,1.06
ASUS,Professional,AMD,8,3.5,NVIDIA,NVIDIA RTX,16,1024.0,16.0,2826,1568,2071,2451,0.84
ASUS,Basic,AMD,2,2.4,AMD,AMD Radeon,4,128.0,16.0,472,253,341,259,1.32
Lenovo,Student,Intel,4,3.3,AMD,AMD Radeon,8,256.0,17.3,1338,553,867,489,1.77
Apple,Student,AMD,6,2.4,Intel,Intel Iris Xe,8,256.0,14.0,1428,1435,1432,421,3.4
HP,Student,AMD,4,2.4,Intel,Intel Iris Xe,8,512.0,16.0,960,940,948,626,1.51
HP,Professional,Intel,8,4.4,AMD,AMD Radeon,16,512.0,16.0,3494,1647,2386,1735,1.38
MSI,Professional,Intel,12,3.9,NVIDIA,NVIDIA GeForce,16,512.0,16.0,4719,2426,3343,1401,2.39
Dell,Basic,Intel,4,2.2,AMD,AMD Radeon,4,256.0,16.0,877,451,622,423,1.47
Lenovo,Basic,Intel,2,2.2,Intel,Intel Iris Xe,8,128.0,15.6,446,352,390,325,1.2
Dell,Professional,AMD,12,4.1,AMD,AMD Radeon,16,1024.0,16.0,4964,2881,3714,1238,3.0
Dell,Basic,AMD,2,2.2,Intel,Intel UHD,4,256.0,15.6,432,580,521,495,1.05
HP,Student,AMD,4,2.1,AMD,AMD Radeon,8,256.0,13.3,834,1050,964,600,1.61
ASUS,Student,Intel,6,2.1,Intel,Intel UHD,16,256.0,15.6,1255,637,884,543,1.63
Lenovo,Basic,Intel,2,1.9,AMD,AMD Radeon,8,256.0,13.3,390,488,449,365,1.23
Dell,Professional,AMD,8,4.4,AMD,AMD Radeon,32,1024.0,15.6,3490,1219,2127,1895,1.12
Apple,Gaming,AMD,12,4.4,AMD,AMD Radeon,32,512.0,15.6,5339,11165,8835,1138,7.76
Lenovo,Student,Intel,6,2.3,AMD,AMD Radeon,16,512.0,17.3,1363,1436,1407,479,2.94
ASUS,Professional,Intel,6,2.7,AMD,AMD Radeon,32,512.0,14.0,1604,2872,2364,1991,1.19
ASUS,Gaming,Intel,12,3.2,NVIDIA,NVIDIA RTX,32,512.0,16.0,3794,8167,6418,3915,1.64
Lenovo,Student,Intel,6,2.2,AMD,AMD Radeon,16,256.0,15.6,1328,756,985,500,1.97
ASUS,Student,Intel,6,2.6,AMD,AMD Radeon,8,512.0,16.0,1546,1349,1428,589,2.42
Dell,Basic,Intel,2,2.3,AMD,AMD Radeon,8,512.0,13.3,467,219,318,223,1.43
ASUS,Gaming,AMD,12,4.9,NVIDIA,NVIDIA GeForce,32,1024.0,15.6,5873,8540,7473,3945,1.89
Lenovo,Student,AMD,4,3.3,Intel,Intel UHD,8,512.0,15.6,1322,1032,1148,432,2.66
Apple,Professional,AMD,6,3.2,AMD,AMD Radeon,16,512.0,15.6,1922,1729,1806,1852,0.98
Razer,Professional,AMD,6,2.7,NVIDIA,NVIDIA RTX,16,1024.0,14.0,1591,1935,1797,1517,1.18
ASUS,Student,AMD,6,2.7,Intel,Intel Iris Xe,16,512.0,15.6,1644,1375,1482,753,1.97
HP,Basic,Intel,4,2.0,AMD,AMD Radeon,4,512.0,15.6,786,280,483,486,0.99
ASUS,Basic,AMD,4,2.5,AMD,AMD Radeon,4,128.0,13.3,1002,656,794,259,3.07
Apple,Gaming,AMD,12,4.7,NVIDIA,NVIDIA GeForce,32,2048.0,15.6,5587,9489,7928,1131,7.01
HP,Basic,Intel,4,2.7,AMD,AMD Radeon,4,128.0,15.6,1085,681,843,454,1.86
Lenovo,Professional,Intel,12,2.6,NVIDIA,NVIDIA GeForce,32,512.0,15.6,3173,2137,2552,1337,1.91
Dell,Student,Intel,4,3.1,Intel,Intel Iris Xe,8,512.0,16.0,1234,1103,1155,681,1.7
Dell,Student,Intel,4,2.0,Intel,Intel UHD,8,512.0,14.0,809,1337,1125,471,2.39
Lenovo,Student,Intel,6,3.1,AMD,AMD Radeon,8,256.0,14.0,1870,781,1216,697,1.74
Lenovo,Basic,Intel,4,2.7,AMD,AMD Radeon,4,256.0,16.0,1064,273,589,208,2.83
ASUS,Basic,Intel,4,2.5,Intel,Intel UHD,4,128.0,15.6,1000,431,659,578,1.14
Lenovo,Basic,AMD,4,1.7,AMD,AMD Radeon,8,256.0,15.6,686,570,616,325,1.9
Dell,Professional,AMD,8,3.7,NVIDIA,NVIDIA RTX,16,512.0,15.6,2982,2841,2897,2428,1.19
HP,Basic,AMD,2,2.3,AMD,AMD Radeon,4,512.0,15.6,456,762,639,399,1.6
ASUS,Professional,AMD,8,3.3,AMD,AMD Radeon,16,512.0,13.3,2617,3413,3094,2288,1.35
ASUS,Professional,Intel,8,3.5,AMD,AMD Radeon,16,512.0,14.0,2770,3055,2941,1980,1.49
ASUS,Gaming,Intel,12,5.3,NVIDIA,NVIDIA RTX,32,1024.0,13.3,6402,13965,10940,1423,7.69
ASUS,Student,Intel,4,2.7,AMD,AMD Radeon,8,256.0,15.6,1086,1464,1313,919,1.43
ASUS,Gaming,Intel,12,3.6,AMD,AMD Radeon,16,512.0,14.0,4285,11555,8647,3952,2.19
HP,Basic,Intel,4,2.7,Intel,Intel Iris Xe,4,256.0,13.3,1074,373,654,190,3.44
Dell,Professional,Intel,8,4.4,AMD,AMD Radeon,32,512.0,15.6,3486,2212,2721,1426,1.91
Lenovo,Student,Intel,4,3.4,Intel,Intel UHD,8,512.0,13.3,1357,1336,1344,636,2.11
Lenovo,Professional,AMD,6,4.4,AMD,AMD Radeon,16,512.0,15.6,2623,2606,2612,842,3.1
ASUS,Basic,AMD,4,2.0,Intel,Intel Iris Xe,4,128.0,16.0,796,354,531,392,1.35
Dell,Student,Intel,4,3.0,Intel,Intel UHD,8,512.0,17.3,1219,1279,1255,623,2.01
Acer,Student,Intel,4,3.5,AMD,AMD Radeon,16,512.0,15.6,1399,1151,1250,977,1.28
ASUS,Professional,AMD,8,2.8,NVIDIA,NVIDIA GeForce,32,512.0,15.6,2240,2024,2110,1949,1.08
MSI,Basic,AMD,2,2.1,AMD,AMD Radeon,4,128.0,15.6,428,528,488,269,1.81
HP,Student,AMD,4,3.5,Intel,Intel Iris Xe,8,256.0,15.6,1393,1336,1359,764,1.78
Dell,Student,AMD,4,3.5,Intel,Intel UHD,8,512.0,13.3,1398,1049,1189,651,1.83
HP,Professional,AMD,8,3.0,NVIDIA,NVIDIA RTX,16,512.0,15.6,2440,2048,2205,1976,1.12
HP,Gaming,AMD,12,3.3,AMD,AMD Radeon,32,512.0,16.0,3934,10638,7956,2196,3.62
Acer,Student,AMD,4,2.0,Intel,Intel UHD,16,256.0,15.6,811,878,851,679,1.25
Dell,Gaming,AMD,16,5.4,NVIDIA,NVIDIA GeForce,32,512.0,14.0,8669,10733,9908,2864,3.46
Razer,Professional,AMD,6,3.5,NVIDIA,NVIDIA RTX,32,1024.0,16.0,2096,2637,2421,2445,0.99
Razer,Professional,AMD,8,3.4,NVIDIA,NVIDIA GeForce,32,1024.0,15.6,2706,1991,2277,2236,1.02
HP,Basic,AMD,4,2.4,Intel,Intel UHD,8,512.0,15.6,954,364,600,258,2.33
Lenovo,Gaming,Intel,12,4.5,NVIDIA,NVIDIA GeForce,16,512.0,15.6,5411,5216,5294,3648,1.45
HP,Student,Intel,4,3.4,Intel,Intel Iris Xe,8,256.0,17.3,1372,546,876,509,1.72
Lenovo,Student,Intel,4,2.7,AMD,AMD Radeon,8,512.0,15.6,1063,1129,1102,532,2.07
HP,Basic,Intel,4,2.0,AMD,AMD Radeon,4,512.0,16.0,781,710,738,258,2.86
Dell,Gaming,AMD,12,4.9,NVIDIA,NVIDIA GeForce,16,2048.0,13.3,5884,9472,8037,1530,5.25
HP,Basic,Intel,4,1.8,AMD,AMD Radeon,4,256.0,15.6,714,233,425,450,0.94
Dell,Professional,AMD,6,3.4,AMD,AMD Radeon,16,512.0,13.3,2015,1999,2005,1264,1.59
HP,Professional,AMD,8,4.0,NVIDIA,NVIDIA GeForce,32,1024.0,16.0,3176,1632,2250,1375,1.64
Lenovo,Basic,Intel,2,1.9,Intel,Intel UHD,4,256.0,14.0,377,646,539,291,1.85
ASUS,Gaming,Intel,16,4.0,NVIDIA,NVIDIA RTX,16,1024.0,16.0,6392,13256,10511,3760,2.8
Lenovo,Gaming,Intel,8,3.2,AMD,AMD Radeon,16,1024.0,14.0,2537,8618,6186,1059,5.84
HP,Professional,AMD,8,4.3,AMD,AMD Radeon,16,1024.0,16.0,3431,3404,3415,1514,2.26
ASUS,Basic,AMD,4,2.0,AMD,AMD Radeon,4,128.0,13.3,807,352,534,381,1.4
Apple,Gaming,Intel,8,3.1,NVIDIA,NVIDIA GeForce,32,2048.0,14.0,2450,14903,9922,3539,2.8
Dell,Gaming,Intel,8,5.4,AMD,AMD Radeon,32,512.0,16.0,4285,7913,6462,2148,3.01
ASUS,Basic,AMD,2,2.4,AMD,AMD Radeon,4,128.0,15.6,474,677,596,318,1.87
Lenovo,Basic,Intel,4,1.7,Intel,Intel UHD,4,256.0,13.3,668,674,672,228,2.95
Razer,Basic,Intel,2,2.3,Intel,Intel UHD,4,512.0,15.6,452,354,393,395,0.99
Dell,Professional,Intel,6,3.6,NVIDIA,NVIDIA GeForce,32,512.0,15.6,2189,3813,3163,2392,1.32
Lenovo,Gaming,Intel,12,4.1,NVIDIA,NVIDIA RTX,16,512.0,14.0,4873,6865,6068,1963,3.09
Lenovo,Student,AMD,4,2.1,AMD,AMD Radeon,16,512.0,17.3,821,798,807,542,1.49
HP,Gaming,AMD,16,4.7,AMD,AMD Radeon,16,2048.0,15.6,7489,13935,11357,2320,4.9
Acer,Gaming,Intel,8,3.5,NVIDIA,NVIDIA GeForce,32,512.0,16.0,2778,8802,6392,3633,1.76
HP,Professional,Intel,6,4.4,NVIDIA,NVIDIA GeForce,32,512.0,14.0,2657,1176,1768,1552,1.14
HP,Gaming,AMD,12,4.9,NVIDIA,NVIDIA GeForce,32,512.0,15.6,5906,8849,7672,3282,2.34
Lenovo,Gaming,AMD,16,5.4,NVIDIA,NVIDIA GeForce,16,2048.0,15.6,8582,10939,9997,3908,2.56
HP,Student,Intel,4,2.3,Intel,Intel Iris Xe,16,512.0,13.3,925,553,702,428,1.64
ASUS,Basic,Intel,2,2.1,Intel,Intel UHD,8,128.0,14.0,412,742,610,290,2.1
Acer,Basic,Intel,2,2.8,AMD,AMD Radeon,4,128.0,15.6,552,596,579,409,1.42
Lenovo,Student,AMD,6,2.9,AMD,AMD Radeon,16,512.0,16.0,1713,1107,1349,754,1.79
HP,Professional,AMD,6,2.7,AMD,AMD Radeon,16,512.0,15.6,1602,3268,2602,1180,2.21
Lenovo,Basic,Intel,2,1.7,Intel,Intel UHD,8,256.0,15.6,341,753,588,534,1.1
Lenovo,Basic,Intel,4,1.7,AMD,AMD Radeon,4,256.0,14.0,692,440,541,475,1.14
Acer,Gaming,AMD,8,3.8,AMD,AMD Radeon,32,512.0,17.3,3023,12362,8626,2104,4.1
HP,Student,Intel,6,2.7,AMD,AMD Radeon,8,512.0,14.0,1647,956,1232,698,1.77
HP,Professional,Intel,6,3.0,NVIDIA,NVIDIA GeForce,32,1024.0,13.3,1800,2191,2035,1499,1.36
Lenovo,Gaming,Intel,12,3.0,AMD,AMD Radeon,32,1024.0,13.3,3600,11203,8162,3017,2.71
Lenovo,Student,Intel,6,3.0,AMD,AMD Radeon,8,256.0,16.0,1774,1450,1580,477,3.31
Acer,Student,Intel,6,2.7,AMD,AMD Radeon,8,256.0,15.6,1590,734,1077,856,1.26
Dell,Student,Intel,6,2.8,AMD,AMD Radeon,8,512.0,13.3,1681,668,1073,381,2.82
Dell,Professional,Intel,8,2.8,NVIDIA,NVIDIA RTX,16,512.0,14.0,2265,1377,1733,1535,1.13
Acer,Basic,Intel,4,2.5,AMD,AMD Radeon,4,128.0,16.0,996,505,701,288,2.43
Dell,Student,Intel,6,3.1,Intel,Intel Iris Xe,8,256.0,16.0,1870,737,1191,628,1.9
Lenovo,Student,Intel,6,2.9,Intel,Intel Iris Xe,8,512.0,16.0,1727,1337,1493,886,1.69
HP,Student,AMD,4,2.1,AMD,AMD Radeon,16,512.0,14.0,832,841,837,437,1.92
HP,Gaming,AMD,8,3.6,AMD,AMD Radeon,16,1024.0,14.0,2882,7733,5793,3398,1.7
ASUS,Gaming,Intel,8,3.7,AMD,AMD Radeon,32,512.0,14.0,2964,8292,6161,2400,2.57
Dell,Gaming,AMD,12,4.9,AMD,AMD Radeon,32,1024.0,14.0,5873,6500,6249,2017,3.1
Acer,Gaming,AMD,12,5.5,AMD,AMD Radeon,32,512.0,16.0,6584,11139,9317,2042,4.56
HP,Basic,Intel,2,1.7,AMD,AMD Radeon,4,256.0,14.0,343,228,274,300,0.91
Lenovo,Gaming,Intel,8,5.2,NVIDIA,NVIDIA GeForce,32,2048.0,13.3,4179,9398,7311,3262,2.24
Dell,Professional,Intel,6,3.7,NVIDIA,NVIDIA RTX,32,512.0,16.0,2208,3229,2821,1937,1.46
Lenovo,Gaming,Intel,8,4.6,AMD,AMD Radeon,16,1024.0,14.0,3716,5429,4744,1626,2.92
Lenovo,Basic,Intel,4,2.0,AMD,AMD Radeon,4,128.0,13.3,786,743,760,268,2.84
HP,Student,Intel,6,2.6,AMD,AMD Radeon,16,256.0,17.3,1571,1210,1354,877,1.54
Lenovo,Student,Intel,4,2.2,Intel,Intel Iris Xe,8,512.0,13.3,871,1177,1055,921,1.15
Lenovo,Basic,Intel,2,1.7,AMD,AMD Radeon,8,256.0,15.6,345,705,561,305,1.84
Dell,Basic,Intel,4,2.7,AMD,AMD Radeon,4,256.0,14.0,1078,644,817,447,1.83
Dell,Professional,Intel,8,2.8,NVIDIA,NVIDIA GeForce,16,512.0,13.3,2210,3400,2924,1231,2.38
Dell,Student,Intel,4,3.3,Intel,Intel Iris Xe,8,256.0,15.6,1305,1373,1346,842,1.6
Lenovo,Student,Intel,4,2.4,AMD,AMD Radeon,16,512.0,15.6,973,1295,1166,711,1.64
HP,Student,AMD,6,3.3,AMD,AMD Radeon,8,512.0,14.0,1964,693,1201,799,1.5
Dell,Basic,Intel,2,1.9,Intel,Intel UHD,4,128.0,15.6,389,289,329,469,0.7
MSI,Professional,AMD,6,4.0,NVIDIA,NVIDIA GeForce,16,512.0,15.6,2372,1028,1566,1584,0.99
Razer,Basic,Intel,2,2.1,AMD,AMD Radeon,8,512.0,13.3,428,499,471,429,1.1
Apple,Student,AMD,6,2.2,Intel,Intel Iris Xe,8,512.0,15.6,1298,1449,1389,919,1.51
HP,Basic,AMD,2,2.4,AMD,AMD Radeon,8,256.0,17.3,473,778,656,198,3.31
Lenovo,Gaming,Intel,8,4.7,AMD,AMD Radeon,16,2048.0,15.6,3725,13191,9404,1603,5.87
HP,Basic,Intel,4,2.3,Intel,Intel Iris Xe,4,128.0,15.6,923,796,846,252,3.36
Lenovo,Gaming,AMD,8,3.3,AMD,AMD Radeon,32,1024.0,13.3,2670,6870,5190,1045,4.97
Acer,Gaming,Intel,8,4.9,NVIDIA,NVIDIA RTX,16,1024.0,17.3,3944,13230,9516,3705,2.57
Lenovo,Student,Intel,6,2.3,AMD,AMD Radeon,8,256.0,15.6,1377,1458,1425,818,1.74
Lenovo,Student,Intel,4,2.2,Intel,Intel Iris Xe,8,512.0,17.3,898,1167,1059,475,2.23
Acer,Professional,Intel,8,4.0,NVIDIA,NVIDIA RTX,32,1024.0,14.0,3171,3287,3241,1804,1.8
Lenovo,Basic,AMD,4,2.4,Intel,Intel UHD,4,512.0,13.3,949,259,535,396,1.35
HP,Student,AMD,4,3.3,Intel,Intel Iris Xe,16,512.0,14.0,1306,1234,1262,879,1.44
HP,Gaming,AMD,16,4.7,NVIDIA,NVIDIA RTX,16,512.0,17.3,7478,14645,11778,1421,8.29
HP,Student,Intel,6,3.0,Intel,Intel UHD,16,512.0,15.6,1774,564,1048,461,2.27
Dell,Gaming,Intel,16,5.4,NVIDIA,NVIDIA RTX,32,1024.0,13.3,8675,11250,10220,2810,3.64
Lenovo,Gaming,AMD,8,3.7,AMD,AMD Radeon,32,1024.0,14.0,2945,7745,5825,3695,1.58
ASUS,Basic,Intel,2,1.8,Intel,Intel UHD,8,256.0,13.3,356,280,311,299,1.04
Lenovo,Student,AMD,6,2.7,AMD,AMD Radeon,8,512.0,15.6,1620,951,1218,532,2.29
Apple,Student,AMD,6,3.5,Intel,Intel Iris Xe,16,256.0,14.0,2074,527,1146,735,1.56
Acer,Professional,Intel,12,4.1,NVIDIA,NVIDIA GeForce,16,1024.0,15.6,4967,2889,3720,929,4.0
HP,Professional,Intel,6,4.2,NVIDIA,NVIDIA RTX,32,512.0,16.0,2510,3282,2973,1758,1.69
HP,Basic,Intel,4,2.6,AMD,AMD Radeon,4,256.0,15.6,1027,511,717,486,1.48
Apple,Basic,AMD,2,1.9,AMD,AMD Radeon,4,128.0,13.3,387,335,356,393,0.91
Dell,Professional,Intel,6,3.7,AMD,AMD Radeon,16,512.0,15.6,2246,1317,1689,1847,0.91
MSI,Professional,AMD,8,2.9,AMD,AMD Radeon,16,512.0,14.0,2319,2338,2331,2086,1.12
Acer,Professional,AMD,8,3.7,AMD,AMD Radeon,16,1024.0,14.0,2948,3243,3125,2134,1.46
Lenovo,Basic,Intel,2,1.9,Intel,Intel Iris Xe,4,128.0,13.3,383,375,378,457,0.83
Dell,Basic,Intel,4,2.4,Intel,Intel Iris Xe,4,256.0,15.6,943,328,574,234,2.45
HP,Student,Intel,6,3.0,Intel,Intel UHD,8,512.0,14.0,1792,1238,1459,496,2.94
HP,Basic,Intel,2,2.1,Intel,Intel Iris Xe,8,128.0,14.0,429,593,527,445,1.18
HP,Basic,Intel,4,1.9,Intel,Intel Iris Xe,8,256.0,14.0,755,230,440,225,1.96
Acer,Basic,AMD,2,2.1,AMD,AMD Radeon,4,128.0,13.3,418,620,539,412,1.31
Dell,Professional,Intel,6,3.3,NVIDIA,NVIDIA GeForce,16,1024.0,15.6,1958,2022,1997,1272,1.57
ASUS,Student,Intel,4,2.6,Intel,Intel Iris Xe,8,512.0,14.0,1043,1258,1172,680,1.72
Acer,Gaming,Intel,12,4.2,NVIDIA,NVIDIA RTX,32,2048.0,17.3,5084,6706,6057,1442,4.2
Lenovo,Gaming,Intel,12,3.7,NVIDIA,NVIDIA GeForce,32,512.0,15.6,4466,7803,6468,1132,5.71
HP,Professional,Intel,12,3.6,AMD,AMD Radeon,16,1024.0,17.3,4344,2517,3248,1033,3.14
ASUS,Gaming,Intel,16,3.6,NVIDIA,NVIDIA RTX,16,512.0,15.6,5750,14138,10783,2255,4.78
Apple,Gaming,Intel,8,4.9,AMD,AMD Radeon,16,1024.0,14.0,3935,11235,8315,1530,5.43
ASUS,Student,Intel,4,2.9,Intel,Intel Iris Xe,8,256.0,13.3,1166,1332,1266,527,2.4
ASUS,Student,Intel,6,2.7,Intel,Intel UHD,8,256.0,14.0,1644,801,1139,873,1.3
Lenovo,Gaming,Intel,12,4.5,NVIDIA,NVIDIA RTX,32,1024.0,13.3,5458,12858,9898,2413,4.1
Dell,Student,Intel,4,2.1,AMD,AMD Radeon,8,512.0,16.0,825,1272,1093,851,1.28
Lenovo,Student,Intel,4,3.2,AMD,AMD Radeon,16,512.0,17.3,1266,1096,1164,627,1.86
HP,Student,AMD,6,3.1,Intel,Intel UHD,8,256.0,14.0,1871,1070,1390,618,2.25
HP,Gaming,Intel,16,3.5,AMD,AMD Radeon,32,1024.0,16.0,5607,12182,9552,3018,3.17
Lenovo,Basic,Intel,2,2.8,Intel,Intel Iris Xe,4,128.0,16.0,556,381,451,220,2.05
Lenovo,Student,Intel,6,3.3,AMD,AMD Radeon,8,256.0,16.0,1975,991,1385,581,2.38
Razer,Student,Intel,6,3.4,Intel,Intel Iris Xe,8,512.0,14.0,2059,1325,1618,521,3.11
Razer,Professional,AMD,6,3.8,AMD,AMD Radeon,32,512.0,14.0,2281,3404,2955,1436,2.06
Acer,Professional,Intel,6,3.9,NVIDIA,NVIDIA GeForce,16,512.0,14.0,2317,2844,2633,2181,1.21
Acer,Gaming,Intel,16,4.3,NVIDIA,NVIDIA RTX,32,512.0,13.3,6912,5759,6220,1475,4.22
Dell,Student,Intel,6,3.1,AMD,AMD Radeon,8,512.0,14.0,1833,1381,1561,832,1.88
Dell,Professional,Intel,12,4.2,NVIDIA,NVIDIA RTX,16,1024.0,16.0,5005,1768,3063,921,3.33
HP,Gaming,Intel,8,4.4,NVIDIA,NVIDIA GeForce,32,1024.0,15.6,3520,10054,7440,1468,5.07
Lenovo,Professional,AMD,6,3.7,AMD,AMD Radeon,16,512.0,15.6,2248,2080,2147,1889,1.14
Acer,Basic,Intel,4,2.4,AMD,AMD Radeon,8,512.0,16.0,977,417,641,276,2.32
Dell,Basic,AMD,2,2.6,Intel,Intel Iris Xe,4,512.0,13.3,513,400,445,344,1.29
ASUS,Gaming,Intel,12,3.8,AMD,AMD Radeon,32,1024.0,16.0,4619,5007,4852,3654,1.33
Dell,Gaming,Intel,8,4.2,NVIDIA,NVIDIA RTX,16,1024.0,15.6,3386,10448,7623,1898,4.02
Lenovo,Professional,Intel,8,2.9,NVIDIA,NVIDIA RTX,16,1024.0,13.3,2341,1523,1850,786,2.35
ASUS,Gaming,Intel,12,4.5,NVIDIA,NVIDIA RTX,32,1024.0,14.0,5424,8713,7397,3527,2.1
Dell,Basic,AMD,2,1.7,AMD,AMD Radeon,4,128.0,13.3,335,223,268,491,0.55
Dell,Basic,Intel,4,2.2,AMD,AMD Radeon,4,128.0,15.6,891,413,604,482,1.25
ASUS,Basic,AMD,2,1.8,Intel,Intel UHD,8,128.0,14.0,361,336,346,586,0.59
Dell,Basic,Intel,2,2.0,Intel,Intel Iris Xe,4,128.0,14.0,402,476,447,510,0.88
HP,Basic,Intel,4,2.3,Intel,Intel UHD,4,128.0,14.0,928,375,596,415,1.44
Acer,Student,AMD,6,2.7,Intel,Intel Iris Xe,8,512.0,17.3,1642,1397,1495,496,3.01
HP,Gaming,Intel,12,4.7,NVIDIA,NVIDIA RTX,16,1024.0,15.6,5676,11179,8978,3825,2.35
Dell,Basic,Intel,4,1.9,AMD,AMD Radeon,4,128.0,14.0,749,386,531,373,1.42
HP,Basic,AMD,4,2.0,AMD,AMD Radeon,4,256.0,16.0,800,752,771,387,1.99
Dell,Gaming,AMD,12,5.5,NVIDIA,NVIDIA GeForce,32,2048.0,15.6,6558,7162,6920,3324,2.08
Lenovo,Professional,Intel,6,2.9,NVIDIA,NVIDIA RTX,16,1024.0,13.3,1759,2671,2306,1276,1.81
MSI,Gaming,Intel,16,5.1,NVIDIA,NVIDIA GeForce,32,1024.0,13.3,8213,6110,6951,1713,4.06
Apple,Student,Intel,4,2.4,Intel,Intel Iris Xe,8,512.0,15.6,959,1118,1055,672,1.57
Dell,Student,AMD,4,2.6,Intel,Intel Iris Xe,8,256.0,15.6,1057,1413,1270,806,1.58
Acer,Student,Intel,4,2.0,AMD,AMD Radeon,16,256.0,17.3,807,1336,1125,686,1.64
HP,Gaming,AMD,8,4.9,NVIDIA,NVIDIA GeForce,16,1024.0,16.0,3918,13866,9887,1762,5.61
HP,Gaming,Intel,16,3.1,NVIDIA,NVIDIA RTX,16,2048.0,15.6,4908,5591,5318,1629,3.26
Acer,Basic,Intel,2,1.6,AMD,AMD Radeon,4,256.0,16.0,324,247,278,368,0.76
Dell,Professional,Intel,6,2.8,AMD,AMD Radeon,32,1024.0,13.3,1686,1569,1616,943,1.71
Dell,Basic,AMD,2,2.6,AMD,AMD Radeon,4,256.0,13.3,514,783,675,344,1.96
HP,Student,Intel,6,2.3,AMD,AMD Radeon,8,256.0,15.6,1372,884,1080,462,2.34
Acer,Student,AMD,6,3.2,AMD,AMD Radeon,16,512.0,15.6,1947,1105,1442,631,2.29
HP,Basic,Intel,2,2.0,AMD,AMD Radeon,8,512.0,13.3,396,415,408,446,0.91
MSI,Gaming,Intel,12,4.4,NVIDIA,NVIDIA GeForce,16,512.0,15.6,5296,10024,8133,1930,4.21
Razer,Professional,Intel,12,4.1,NVIDIA,NVIDIA GeForce,16,1024.0,13.3,4924,1022,2583,1408,1.83
Apple,Basic,AMD,4,2.0,Intel,Intel Iris Xe,8,128.0,16.0,788,593,671,290,2.31
HP,Basic,Intel,4,2.3,AMD,AMD Radeon,4,128.0,17.3,938,310,561,240,2.34
Apple,Basic,Intel,2,1.6,Intel,Intel Iris Xe,4,512.0,16.0,326,208,255,392,0.65
Dell,Student,Intel,4,3.3,AMD,AMD Radeon,16,256.0,13.3,1305,725,957,409,2.34
HP,Gaming,AMD,12,3.1,NVIDIA,NVIDIA GeForce,16,2048.0,15.6,3672,10539,7792,2270,3.43
Dell,Basic,AMD,4,2.6,AMD,AMD Radeon,4,512.0,13.3,1022,617,779,214,3.64
HP,Student,Intel,4,2.4,Intel,Intel UHD,8,256.0,14.0,972,1155,1082,518,2.09
Acer,Basic,Intel,4,1.9,Intel,Intel UHD,4,512.0,13.3,747,543,624,318,1.96
Razer,Basic,Intel,2,1.8,AMD,AMD Radeon,4,128.0,15.6,362,228,281,245,1.15
Apple,Student,Intel,6,2.7,Intel,Intel Iris Xe,8,512.0,14.0,1610,703,1066,480,2.22
HP,Student,Intel,4,2.7,AMD,AMD Radeon,8,512.0,17.3,1070,1483,1318,748,1.76
Dell,Student,AMD,4,2.4,Intel,Intel Iris Xe,8,512.0,13.3,945,716,808,882,0.92
ASUS,Student,Intel,6,2.1,AMD,AMD Radeon,8,512.0,15.6,1238,581,844,494,1.71
Lenovo,Basic,AMD,4,1.9,Intel,Intel UHD,4,512.0,15.6,759,431,563,444,1.27
Acer,Student,AMD,4,2.6,AMD,AMD Radeon,8,256.0,13.3,1050,889,953,428,2.23
Acer,Gaming,Intel,12,3.1,AMD,AMD Radeon,32,2048.0,15.6,3681,10139,7556,2658,2.84
HP,Student,Intel,6,3.1,Intel,Intel Iris Xe,8,512.0,14.0,1853,1239,1484,489,3.03
Acer,Student,Intel,4,2.4,Intel,Intel Iris Xe,16,256.0,16.0,955,1158,1076,832,1.29
Lenovo,Professional,AMD,6,3.7,AMD,AMD Radeon,32,512.0,15.6,2207,2515,2392,2255,1.06
Lenovo,Gaming,Intel,8,5.2,NVIDIA,NVIDIA GeForce,16,1024.0,15.6,4188,11102,8337,3365,2.48
Dell,Professional,Intel,8,4.1,AMD,AMD Radeon,16,512.0,15.6,3268,1927,2463,1207,2.04
Lenovo,Basic,Intel,2,2.5,Intel,Intel UHD,4,256.0,15.6,496,368,419,396,1.06
Lenovo,Gaming,AMD,8,4.5,NVIDIA,NVIDIA GeForce,16,512.0,15.6,3594,5261,4594,1097,4.19
MSI,Basic,Intel,2,2.7,Intel,Intel UHD,4,256.0,15.6,545,453,490,508,0.96
Acer,Student,Intel,4,2.6,Intel,Intel UHD,16,512.0,14.0,1024,888,942,830,1.13
HP,Professional,AMD,8,3.7,AMD,AMD Radeon,16,512.0,14.0,2972,1544,2115,1324,1.6
HP,Student,Intel,6,2.4,AMD,AMD Radeon,16,256.0,13.3,1418,1143,1253,788,1.59
Lenovo,Basic,Intel,2,2.6,AMD,AMD Radeon,4,128.0,15.6,512,616,575,200,2.88
ASUS,Student,AMD,4,3.2,AMD,AMD Radeon,16,512.0,15.6,1291,747,965,747,1.29
HP,Basic,AMD,4,1.8,Intel,Intel UHD,4,128.0,15.6,731,636,674,503,1.34
Lenovo,Basic,Intel,2,2.0,AMD,AMD Radeon,4,512.0,14.0,402,362,378,337,1.12
HP,Professional,AMD,6,3.5,AMD,AMD Radeon,32,512.0,13.3,2104,1875,1967,2201,0.89
Dell,Student,Intel,6,3.4,AMD,AMD Radeon,8,512.0,15.6,2023,1153,1501,467,3.21
Dell,Professional,Intel,6,2.6,AMD,AMD Radeon,32,512.0,14.0,1587,2951,2405,1418,1.7
Dell,Professional,Intel,12,4.2,NVIDIA,NVIDIA RTX,32,512.0,15.6,5048,2431,3478,1275,2.73
HP,Student,AMD,6,3.2,AMD,AMD Radeon,8,512.0,15.6,1912,830,1263,429,2.94
ASUS,Gaming,AMD,12,3.3,NVIDIA,NVIDIA GeForce,16,512.0,16.0,4010,11163,8302,1400,5.93
Razer,Gaming,Intel,8,4.4,NVIDIA,NVIDIA GeForce,16,512.0,15.6,3496,11138,8081,2505,3.23
Acer,Professional,Intel,8,3.2,AMD,AMD Radeon,32,1024.0,17.3,2574,3716,3259,2498,1.3
Dell,Professional,AMD,6,3.6,AMD,AMD Radeon,16,1024.0,17.3,2181,1814,1961,1412,1.39
ASUS,Professional,Intel,8,3.6,NVIDIA,NVIDIA GeForce,32,512.0,14.0,2888,1711,2181,2339,0.93
ASUS,Professional,Intel,8,3.8,NVIDIA,NVIDIA GeForce,16,512.0,16.0,3007,1734,2243,1832,1.22
ASUS,Gaming,Intel,16,3.1,NVIDIA,NVIDIA GeForce,32,1024.0,14.0,5002,13489,10094,1052,9.6
HP,Professional,Intel,8,4.4,NVIDIA,NVIDIA GeForce,16,1024.0,15.6,3490,1087,2048,1975,1.04
Lenovo,Professional,AMD,12,3.1,AMD,AMD Radeon,32,512.0,15.6,3767,2826,3202,1480,2.16
ASUS,Gaming,AMD,8,3.7,NVIDIA,NVIDIA RTX,32,512.0,14.0,2976,13823,9485,3471,2.73
HP,Basic,Intel,2,1.8,Intel,Intel UHD,4,256.0,15.6,359,580,492,267,1.84
Dell,Gaming,Intel,12,3.7,AMD,AMD Radeon,32,512.0,13.3,4487,11840,8899,1910,4.66
Lenovo,Student,Intel,4,3.3,Intel,Intel UHD,16,512.0,17.3,1332,1066,1172,637,1.84
HP,Gaming,AMD,12,5.3,NVIDIA,NVIDIA RTX,16,1024.0,16.0,6417,11968,9747,1676,5.82
HP,Basic,AMD,2,1.8,Intel,Intel UHD,4,128.0,15.6,358,211,270,481,0.56
HP,Student,Intel,6,3.3,Intel,Intel Iris Xe,8,512.0,15.6,1970,678,1195,412,2.9
Lenovo,Gaming,Intel,8,3.1,NVIDIA,NVIDIA RTX,16,512.0,13.3,2477,12450,8461,1840,4.6
HP,Basic,Intel,4,1.8,Intel,Intel UHD,4,128.0,16.0,739,480,583,368,1.58
Apple,Student,AMD,4,2.3,AMD,AMD Radeon,16,512.0,15.6,909,1079,1011,814,1.24
MSI,Student,Intel,6,2.2,Intel,Intel UHD,8,512.0,14.0,1333,1361,1349,817,1.65
ASUS,Student,Intel,6,2.3,AMD,AMD Radeon,8,512.0,15.6,1397,1239,1302,744,1.75
Lenovo,Gaming,Intel,12,4.1,NVIDIA,NVIDIA GeForce,16,1024.0,14.0,4947,9526,7694,1100,6.99
ASUS,Basic,Intel,2,2.7,Intel,Intel Iris Xe,8,256.0,14.0,543,355,430,171,2.51
Dell,Gaming,Intel,8,3.8,AMD,AMD Radeon,16,1024.0,15.6,3050,6689,5233,2700,1.94
Dell,Basic,Intel,4,2.5,AMD,AMD Radeon,4,128.0,15.6,988,234,536,318,1.69
HP,Student,AMD,4,2.3,Intel,Intel UHD,8,512.0,16.0,921,1216,1098,629,1.75
ASUS,Gaming,Intel,16,5.5,NVIDIA,NVIDIA RTX,16,1024.0,14.0,8742,10355,9710,1473,6.59
Razer,Professional,Intel,8,2.7,NVIDIA,NVIDIA GeForce,16,512.0,16.0,2171,3905,3211,1809,1.78
Acer,Gaming,Intel,8,3.8,AMD,AMD Radeon,16,512.0,15.6,3040,6422,5069,2492,2.03
ASUS,Student,Intel,4,2.1,AMD,AMD Radeon,8,256.0,15.6,850,1205,1063,588,1.81
Lenovo,Gaming,Intel,12,4.9,NVIDIA,NVIDIA GeForce,16,1024.0,13.3,5853,6380,6169,1651,3.74
HP,Gaming,Intel,16,4.5,NVIDIA,NVIDIA RTX,16,512.0,16.0,7137,12728,10491,2767,3.79
Dell,Gaming,Intel,12,4.8,AMD,AMD Radeon,16,512.0,14.0,5762,13947,10673,3052,3.5
Lenovo,Professional,Intel,8,4.2,NVIDIA,NVIDIA GeForce,32,512.0,14.0,3396,1267,2119,2029,1.04
Dell,Professional,Intel,6,3.8,NVIDIA,NVIDIA GeForce,32,512.0,14.0,2305,2403,2364,852,2.77
Lenovo,Professional,AMD,6,2.6,AMD,AMD Radeon,32,512.0,15.6,1548,1936,1781,2363,0.75
HP,Basic,Intel,2,2.1,AMD,AMD Radeon,4,256.0,17.3,424,722,603,434,1.39
Lenovo,Student,Intel,4,2.8,AMD,AMD Radeon,8,512.0,13.3,1138,1253,1207,582,2.07
Apple,Basic,AMD,4,1.8,AMD,AMD Radeon,8,256.0,13.3,726,257,445,254,1.75
HP,Basic,AMD,4,2.6,AMD,AMD Radeon,8,128.0,15.6,1053,386,653,231,2.83
Dell,Gaming,Intel,12,3.1,NVIDIA,NVIDIA RTX,32,512.0,14.0,3702,9553,7213,1424,5.07
ASUS,Student,AMD,6,3.0,AMD,AMD Radeon,16,512.0,14.0,1778,730,1149,711,1.62
Dell,Student,Intel,6,2.3,AMD,AMD Radeon,8,256.0,15.6,1386,1344,1361,708,1.92
Dell,Gaming,AMD,12,4.2,NVIDIA,NVIDIA RTX,16,1024.0,15.6,4993,14560,10733,1599,6.71
ASUS,Basic,Intel,2,2.3,AMD,AMD Radeon,4,256.0,16.0,451,322,373,335,1.11
HP,Basic,Intel,2,1.7,Intel,Intel Iris Xe,4,256.0,15.6,346,393,374,282,1.33
Lenovo,Gaming,AMD,8,3.6,NVIDIA,NVIDIA GeForce,16,1024.0,14.0,2903,9387,6793,2391,2.84
HP,Basic,Intel,2,1.9,Intel,Intel Iris Xe,4,128.0,17.3,386,375,379,337,1.12
Dell,Basic,AMD,2,2.5,Intel,Intel Iris Xe,8,128.0,13.3,500,784,670,171,3.92
ASUS,Professional,Intel,6,3.4,AMD,AMD Radeon,32,512.0,14.0,2037,2232,2154,2343,0.92
Lenovo,Student,Intel,4,2.5,AMD,AMD Radeon,8,256.0,17.3,1008,830,901,610,1.48
ASUS,Basic,Intel,4,2.2,AMD,AMD Radeon,8,512.0,17.3,864,346,553,247,2.24
Dell,Student,Intel,4,2.1,Intel,Intel Iris Xe,16,512.0,13.3,854,1121,1014,716,1.42
Razer,Basic,Intel,2,2.4,Intel,Intel UHD,4,256.0,13.3,471,240,333,328,1.02
Lenovo,Gaming,Intel,12,4.5,NVIDIA,NVIDIA GeForce,16,512.0,13.3,5398,14442,10824,2721,3.98
ASUS,Professional,AMD,12,2.5,NVIDIA,NVIDIA RTX,16,512.0,16.0,3001,2058,2435,1845,1.32
MSI,Student,Intel,4,2.6,Intel,Intel UHD,8,256.0,15.6,1052,1432,1280,744,1.72
ASUS,Student,Intel,4,3.3,AMD,AMD Radeon,16,512.0,15.6,1301,1018,1131,821,1.38
Dell,Professional,Intel,8,2.6,NVIDIA,NVIDIA GeForce,32,512.0,14.0,2106,1999,2042,1193,1.71
HP,Student,Intel,4,3.4,Intel,Intel Iris Xe,16,256.0,15.6,1348,1367,1359,539,2.52
HP,Gaming,Intel,16,5.2,AMD,AMD Radeon,32,1024.0,15.6,8279,10566,9651,3413,2.83
Apple,Student,Intel,4,2.6,Intel,Intel UHD,8,256.0,14.0,1047,977,1005,581,1.73
Dell,Gaming,Intel,8,4.3,NVIDIA,NVIDIA RTX,32,1024.0,14.0,3430,8873,6696,1532,4.37
Lenovo,Student,AMD,6,2.7,AMD,AMD Radeon,16,256.0,13.3,1610,1175,1349,635,2.12
Dell,Basic,Intel,4,1.8,Intel,Intel Iris Xe,4,256.0,15.6,711,594,641,358,1.79
Lenovo,Student,AMD,4,3.4,Intel,Intel UHD,8,512.0,15.6,1353,1304,1323,519,2.55
HP,Student,Intel,6,2.4,AMD,AMD Radeon,16,512.0,15.6,1440,718,1006,783,1.28
Dell,Gaming,Intel,12,4.1,AMD,AMD Radeon,16,512.0,15.6,4978,11317,8781,1225,7.17
Lenovo,Basic,AMD,2,1.8,AMD,AMD Radeon,4,512.0,17.3,363,694,562,376,1.49
Lenovo,Student,AMD,4,2.9,Intel,Intel Iris Xe,8,512.0,14.0,1178,864,990,872,1.14
Dell,Student,Intel,6,2.3,AMD,AMD Radeon,8,512.0,17.3,1366,982,1136,759,1.5
HP,Professional,Intel,8,3.0,NVIDIA,NVIDIA RTX,16,512.0,15.6,2382,3978,3340,1459,2.29
MSI,Basic,Intel,2,1.8,AMD,AMD Radeon,8,256.0,13.3,362,405,388,396,0.98
Lenovo,Basic,Intel,4,2.6,AMD,AMD Radeon,4,128.0,15.6,1037,640,799,332,2.41
Acer,Student,AMD,6,3.3,Intel,Intel Iris Xe,8,512.0,17.3,1956,604,1145,753,1.52
Razer,Professional,Intel,6,3.9,NVIDIA,NVIDIA GeForce,32,512.0,15.6,2369,3725,3182,1326,2.4
ASUS,Gaming,AMD,12,4.2,NVIDIA,NVIDIA RTX,16,512.0,15.6,4985,6375,5819,2410,2.41
Dell,Professional,Intel,8,2.5,NVIDIA,NVIDIA GeForce,16,1024.0,16.0,2027,3069,2652,2066,1.28
HP,Professional,Intel,8,4.0,NVIDIA,NVIDIA RTX,32,1024.0,14.0,3236,1798,2373,1214,1.95
Dell,Professional,Intel,8,3.9,NVIDIA,NVIDIA GeForce,16,1024.0,15.6,3152,1819,2352,863,2.73
Lenovo,Basic,AMD,2,2.5,AMD,AMD Radeon,4,512.0,13.3,503,314,390,483,0.81
HP,Student,Intel,6,2.1,Intel,Intel Iris Xe,8,256.0,15.6,1281,711,939,651,1.44
Lenovo,Student,Intel,6,2.4,AMD,AMD Radeon,8,256.0,15.6,1419,1033,1188,476,2.5
Dell,Basic,Intel,2,1.6,AMD,AMD Radeon,8,128.0,15.6,327,619,502,387,1.3
Dell,Basic,Intel,4,1.8,Intel,Intel UHD,4,256.0,15.6,713,432,544,364,1.49
Dell,Student,Intel,4,2.5,Intel,Intel Iris Xe,8,512.0,14.0,1013,612,772,966,0.8
HP,Gaming,Intel,12,3.1,NVIDIA,NVIDIA RTX,16,2048.0,16.0,3724,14340,10094,1707,5.91
Dell,Gaming,AMD,12,3.5,NVIDIA,NVIDIA GeForce,32,2048.0,15.6,4231,11350,8502,3802,2.24
HP,Gaming,AMD,12,4.1,NVIDIA,NVIDIA RTX,32,512.0,14.0,4882,13680,10161,1681,6.04
ASUS,Professional,AMD,8,3.5,NVIDIA,NVIDIA GeForce,16,1024.0,14.0,2840,1317,1926,1417,1.36
Lenovo,Gaming,AMD,16,4.5,NVIDIA,NVIDIA GeForce,16,512.0,17.3,7272,7229,7246,2948,2.46
Razer,Student,Intel,4,2.7,Intel,Intel UHD,8,512.0,14.0,1077,1343,1237,794,1.56
Acer,Professional,AMD,12,2.6,NVIDIA,NVIDIA GeForce,16,512.0,16.0,3081,3229,3170,1042,3.04
Razer,Professional,Intel,8,2.7,NVIDIA,NVIDIA GeForce,16,1024.0,16.0,2126,1841,1955,1631,1.2
Razer,Gaming,Intel,12,4.0,NVIDIA,NVIDIA RTX,32,1024.0,15.6,4766,13728,10143,1674,6.06
ASUS,Professional,AMD,8,4.5,AMD,AMD Radeon,16,1024.0,15.6,3577,2743,3076,1625,1.89
ASUS,Professional,AMD,8,3.2,NVIDIA,NVIDIA GeForce,32,512.0,15.6,2573,2392,2465,1374,1.79
Lenovo,Gaming,Intel,8,3.9,NVIDIA,NVIDIA GeForce,32,2048.0,16.0,3158,10353,7475,2378,3.14
ASUS,Student,Intel,4,2.5,AMD,AMD Radeon,16,256.0,14.0,996,818,889,886,1.0
ASUS,Professional,Intel,6,3.0,NVIDIA,NVIDIA GeForce,16,1024.0,17.3,1800,1109,1385,2348,0.59
Lenovo,Gaming,Intel,12,4.9,NVIDIA,NVIDIA RTX,32,1024.0,15.6,5924,12956,10143,1756,5.78
MSI,Professional,Intel,12,3.3,NVIDIA,NVIDIA GeForce,16,512.0,15.6,3954,2442,3047,1738,1.75
Dell,Gaming,Intel,16,3.2,NVIDIA,NVIDIA GeForce,32,1024.0,17.3,5053,6903,6163,3427,1.8
Dell,Professional,Intel,8,3.8,AMD,AMD Radeon,16,512.0,17.3,3007,1511,2110,2265,0.93
Acer,Gaming,Intel,8,3.0,AMD,AMD Radeon,32,1024.0,16.0,2404,14269,9523,2010,4.74
HP,Gaming,AMD,8,4.7,AMD,AMD Radeon,32,512.0,15.6,3720,9157,6982,3232,2.16
HP,Professional,AMD,6,4.4,AMD,AMD Radeon,16,1024.0,15.6,2620,2255,2401,1457,1.65
HP,Basic,Intel,2,2.7,Intel,Intel UHD,4,128.0,15.6,548,596,577,325,1.78
Dell,Gaming,AMD,16,3.7,AMD,AMD Radeon,32,1024.0,14.0,5920,6280,6136,1037,5.92
ASUS,Professional,Intel,8,3.4,NVIDIA,NVIDIA GeForce,32,1024.0,15.6,2750,2858,2815,1255,2.24
Dell,Professional,Intel,8,2.6,NVIDIA,NVIDIA GeForce,16,512.0,15.6,2093,3189,2750,1004,2.74
Acer,Student,Intel,4,2.8,Intel,Intel UHD,16,512.0,17.3,1116,1430,1304,538,2.42
Lenovo,Professional,Intel,8,2.8,NVIDIA,NVIDIA GeForce,32,1024.0,14.0,2241,1361,1713,2312,0.74
Lenovo,Student,Intel,4,3.0,Intel,Intel UHD,8,512.0,14.0,1207,1359,1298,472,2.75
Dell,Basic,Intel,4,2.6,Intel,Intel UHD,4,512.0,17.3,1031,629,790,285,2.77
MSI,Professional,Intel,8,3.7,NVIDIA,NVIDIA GeForce,16,1024.0,15.6,2953,3301,3162,1074,2.94
Dell,Gaming,AMD,12,5.3,AMD,AMD Radeon,32,512.0,14.0,6390,10856,9069,3114,2.91
Dell,Student,Intel,6,3.0,AMD,AMD Radeon,8,256.0,15.6,1774,558,1044,752,1.39
Dell,Gaming,Intel,12,5.5,NVIDIA,NVIDIA RTX,32,2048.0,17.3,6573,10345,8836,3022,2.92
Lenovo,Student,AMD,6,2.9,AMD,AMD Radeon,8,256.0,16.0,1758,758,1158,457,2.53
HP,Student,AMD,4,2.2,Intel,Intel Iris Xe,16,256.0,15.6,884,1069,995,579,1.72
HP,Student,Intel,4,2.7,AMD,AMD Radeon,16,512.0,15.6,1093,1342,1243,714,1.74
Lenovo,Gaming,AMD,8,4.4,NVIDIA,NVIDIA RTX,16,512.0,14.0,3546,8158,6313,1645,3.84
Lenovo,Basic,Intel,4,2.0,AMD,AMD Radeon,4,128.0,17.3,805,464,600,202,2.97
Dell,Professional,Intel,6,2.8,AMD,AMD Radeon,32,1024.0,14.0,1687,1128,1352,1010,1.34
ASUS,Student,Intel,4,2.1,AMD,AMD Radeon,8,256.0,16.0,827,882,860,601,1.43
Lenovo,Basic,Intel,2,2.1,Intel,Intel UHD,4,256.0,17.3,423,664,568,391,1.45
Lenovo,Basic,Intel,2,2.2,Intel,Intel UHD,4,256.0,15.6,442,477,463,289,1.6
Dell,Professional,AMD,8,4.3,AMD,AMD Radeon,32,512.0,15.6,3401,3713,3588,1514,2.37
Dell,Professional,Intel,12,4.2,NVIDIA,NVIDIA RTX,16,512.0,15.6,5004,2841,3707,1983,1.87
Razer,Professional,Intel,8,2.5,AMD,AMD Radeon,16,512.0,15.6,2014,3174,2710,1489,1.82
HP,Professional,AMD,8,4.1,NVIDIA,NVIDIA GeForce,16,1024.0,16.0,3302,3230,3259,1104,2.95
MSI,Gaming,Intel,8,3.1,AMD,AMD Radeon,32,2048.0,17.3,2459,12953,8755,1103,7.94
Razer,Gaming,Intel,8,4.0,AMD,AMD Radeon,16,1024.0,15.6,3231,12742,8938,2794,3.2
Razer,Basic,Intel,2,1.8,AMD,AMD Radeon,8,256.0,15.6,367,470,429,500,0.86
Dell,Gaming,Intel,16,3.2,NVIDIA,NVIDIA GeForce,16,512.0,15.6,5169,7949,6837,3935,1.74
Dell,Basic,AMD,2,2.5,AMD,AMD Radeon,4,512.0,13.3,506,457,477,417,1.14
Lenovo,Professional,Intel,6,2.6,NVIDIA,NVIDIA GeForce,16,512.0,15.6,1569,1634,1608,1326,1.21
Lenovo,Professional,AMD,12,3.3,NVIDIA,NVIDIA GeForce,32,1024.0,13.3,3954,3352,3593,1641,2.19
HP,Student,Intel,6,2.7,Intel,Intel UHD,16,512.0,16.0,1622,823,1143,695,1.64
HP,Professional,AMD,8,3.3,NVIDIA,NVIDIA RTX,32,1024.0,16.0,2630,2611,2618,1171,2.24
HP,Professional,AMD,12,2.8,AMD,AMD Radeon,32,1024.0,15.6,3335,3553,3466,2063,1.68
Lenovo,Professional,Intel,6,3.0,NVIDIA,NVIDIA RTX,32,1024.0,14.0,1781,1709,1737,1421,1.22
Lenovo,Student,AMD,6,3.5,AMD,AMD Radeon,8,256.0,15.6,2096,814,1327,655,2.03
MSI,Basic,Intel,2,1.7,Intel,Intel UHD,8,128.0,17.3,333,618,504,285,1.77
ASUS,Basic,AMD,4,2.7,AMD,AMD Radeon,8,512.0,15.6,1087,381,664,437,1.52
Acer,Professional,AMD,8,3.3,AMD,AMD Radeon,32,512.0,15.6,2609,1529,1961,1586,1.24
ASUS,Basic,Intel,2,1.9,Intel,Intel UHD,4,128.0,16.0,378,516,461,278,1.66
Dell,Student,AMD,4,2.7,Intel,Intel UHD,8,512.0,13.3,1089,573,780,763,1.02
Lenovo,Student,AMD,4,2.5,AMD,AMD Radeon,8,512.0,16.0,1017,1490,1301,648,2.01
Dell,Student,Intel,4,3.1,Intel,Intel UHD,16,512.0,15.6,1228,575,836,686,1.22
Apple,Professional,Intel,12,4.2,NVIDIA,NVIDIA GeForce,32,512.0,16.0,4997,2487,3491,2424,1.44
ASUS,Student,AMD,6,2.8,Intel,Intel Iris Xe,8,512.0,15.6,1707,555,1016,897,1.13
Acer,Professional,Intel,8,3.2,NVIDIA,NVIDIA GeForce,16,512.0,15.6,2537,1980,2203,885,2.49
ASUS,Basic,Intel,2,2.4,Intel,Intel UHD,4,256.0,17.3,477,449,460,314,1.46
HP,Professional,Intel,6,4.1,NVIDIA,NVIDIA RTX,16,1024.0,17.3,2438,1075,1620,1186,1.37
ASUS,Gaming,AMD,12,3.0,AMD,AMD Radeon,32,512.0,16.0,3607,6178,5149,2335,2.21
ASUS,Professional,Intel,6,3.5,AMD,AMD Radeon,16,512.0,16.0,2106,3759,3098,843,3.67
HP,Gaming,Intel,8,4.8,NVIDIA,NVIDIA GeForce,16,512.0,15.6,3878,7552,6082,3078,1.98
Acer,Professional,Intel,12,3.9,AMD,AMD Radeon,16,1024.0,15.6,4652,2988,3654,2207,1.66
ASUS,Professional,Intel,8,3.7,AMD,AMD Radeon,16,512.0,14.0,2989,3994,3592,1690,2.13
Acer,Student,Intel,4,3.1,AMD,AMD Radeon,8,256.0,14.0,1234,719,925,802,1.15
Apple,Basic,Intel,2,2.3,Intel,Intel UHD,4,128.0,13.3,469,773,651,316,2.06
Lenovo,Student,AMD,6,2.6,AMD,AMD Radeon,8,256.0,14.0,1541,572,959,713,1.35
Razer,Student,AMD,6,2.7,AMD,AMD Radeon,8,512.0,15.6,1637,1047,1283,469,2.74
HP,Student,Intel,4,2.1,Intel,Intel Iris Xe,8,512.0,14.0,832,1107,997,488,2.04
HP,Gaming,Intel,16,3.4,AMD,AMD Radeon,16,1024.0,14.0,5454,12759,9837,3282,3.0
HP,Gaming,Intel,16,4.3,AMD,AMD Radeon,32,1024.0,13.3,6810,9573,8468,1592,5.32
Dell,Gaming,Intel,12,3.9,AMD,AMD Radeon,32,512.0,15.6,4700,6536,5802,2929,1.98
Lenovo,Gaming,Intel,12,4.0,AMD,AMD Radeon,16,1024.0,15.6,4740,7760,6552,1581,4.14
ASUS,Professional,AMD,6,3.3,NVIDIA,NVIDIA GeForce,32,512.0,14.0,1954,1975,1966,1869,1.05
Dell,Basic,Intel,4,2.4,AMD,AMD Radeon,8,128.0,14.0,957,209,508,366,1.39
Lenovo,Student,Intel,6,3.5,AMD,AMD Radeon,16,512.0,15.6,2086,1394,1671,449,3.72
ASUS,Gaming,Intel,8,4.0,AMD,AMD Radeon,32,2048.0,13.3,3180,13567,9412,1953,4.82
Lenovo,Student,Intel,6,3.0,Intel,Intel Iris Xe,16,512.0,14.0,1816,634,1107,651,1.7
HP,Student,Intel,4,2.7,AMD,AMD Radeon,16,256.0,13.3,1086,981,1023,876,1.17
Apple,Professional,AMD,6,2.5,AMD,AMD Radeon,16,512.0,15.6,1505,1373,1426,869,1.64
ASUS,Basic,AMD,2,2.3,AMD,AMD Radeon,8,256.0,14.0,461,791,659,302,2.18
ASUS,Professional,Intel,12,4.2,AMD,AMD Radeon,16,512.0,13.3,5041,3801,4297,1725,2.49
HP,Student,AMD,4,2.4,AMD,AMD Radeon,8,512.0,15.6,971,518,699,752,0.93
HP,Gaming,AMD,16,3.2,NVIDIA,NVIDIA GeForce,32,512.0,16.0,5062,10018,8036,1644,4.89
Lenovo,Professional,Intel,8,4.5,AMD,AMD Radeon,16,512.0,15.6,3587,1565,2374,2019,1.18
Apple,Professional,Intel,8,4.0,NVIDIA,NVIDIA GeForce,32,1024.0,15.6,3187,3149,3164,2487,1.27
Dell,Professional,Intel,8,3.6,NVIDIA,NVIDIA GeForce,16,512.0,14.0,2906,3493,3259,865,3.77
MSI,Professional,Intel,12,4.0,AMD,AMD Radeon,16,512.0,17.3,4768,2491,3401,1854,1.83
Lenovo,Student,AMD,6,2.4,AMD,AMD Radeon,8,256.0,14.0,1468,636,969,628,1.54
Dell,Gaming,Intel,8,3.6,AMD,AMD Radeon,16,1024.0,16.0,2887,13900,9495,2424,3.92
Dell,Professional,Intel,12,4.0,AMD,AMD Radeon,32,512.0,14.0,4829,1305,2715,2162,1.26
Razer,Student,Intel,4,2.0,Intel,Intel Iris Xe,16,512.0,15.6,817,1315,1116,696,1.6
ASUS,Professional,AMD,12,3.8,NVIDIA,NVIDIA RTX,32,512.0,14.0,4526,1157,2505,1820,1.38
Dell,Professional,Intel,8,3.7,NVIDIA,NVIDIA RTX,16,512.0,13.3,2946,2106,2442,1475,1.66
Dell,Professional,Intel,8,3.7,AMD,AMD Radeon,16,1024.0,15.6,2994,3437,3260,1606,2.03
ASUS,Basic,Intel,2,2.8,Intel,Intel UHD,4,128.0,15.6,556,784,693,465,1.49
Acer,Student,AMD,4,3.3,AMD,AMD Radeon,16,512.0,15.6,1311,864,1043,513,2.03
MSI,Professional,Intel,6,3.1,AMD,AMD Radeon,32,1024.0,13.3,1841,1944,1903,2380,0.8
Lenovo,Basic,Intel,2,2.3,AMD,AMD Radeon,4,128.0,13.3,465,507,490,363,1.35
Apple,Professional,Intel,12,3.5,AMD,AMD Radeon,32,1024.0,17.3,4216,1094,2343,1587,1.48
Razer,Gaming,Intel,16,4.5,NVIDIA,NVIDIA GeForce,32,1024.0,15.6,7237,9628,8671,3867,2.24
Lenovo,Student,AMD,6,2.5,AMD,AMD Radeon,16,512.0,15.6,1488,1271,1358,422,3.22
Lenovo,Basic,AMD,2,2.4,AMD,AMD Radeon,4,128.0,13.3,478,686,603,481,1.25
Lenovo,Student,Intel,4,2.2,AMD,AMD Radeon,8,512.0,17.3,863,1395,1183,656,1.8
Acer,Gaming,Intel,8,4.2,AMD,AMD Radeon,32,1024.0,14.0,3359,9542,7069,1643,4.3
HP,Student,Intel,6,3.3,AMD,AMD Radeon,16,512.0,13.3,1967,1326,1582,423,3.74
Lenovo,Professional,Intel,6,2.9,NVIDIA,NVIDIA GeForce,16,1024.0,16.0,1738,1547,1624,1401,1.16
ASUS,Basic,Intel,4,2.4,AMD,AMD Radeon,4,128.0,15.6,977,362,608,438,1.39
ASUS,Student,Intel,6,2.3,Intel,Intel Iris Xe,16,512.0,14.0,1406,1336,1364,598,2.28
Dell,Student,Intel,6,2.6,AMD,AMD Radeon,8,512.0,13.3,1550,714,1048,669,1.57
Lenovo,Basic,AMD,2,2.3,AMD,AMD Radeon,4,256.0,17.3,463,752,636,491,1.3
Apple,Professional,Intel,6,4.3,AMD,AMD Radeon,32,512.0,15.6,2594,1286,1809,1250,1.45
Razer,Basic,Intel,2,1.7,AMD,AMD Radeon,4,128.0,16.0,343,775,602,510,1.18
HP,Basic,Intel,2,2.2,Intel,Intel Iris Xe,4,256.0,15.6,445,593,534,385,1.39
Dell,Gaming,Intel,12,4.2,AMD,AMD Radeon,16,2048.0,15.6,5011,11799,9084,1337,6.79
Acer,Professional,AMD,6,3.7,AMD,AMD Radeon,16,512.0,16.0,2195,3237,2821,1124,2.51
Lenovo,Student,AMD,4,2.4,Intel,Intel Iris Xe,8,512.0,14.0,964,948,955,676,1.41
MSI,Gaming,Intel,16,5.3,NVIDIA,NVIDIA GeForce,16,512.0,14.0,8422,9807,9253,1940,4.77
Dell,Gaming,Intel,12,3.5,AMD,AMD Radeon,16,512.0,17.3,4174,5220,4802,1635,2.94
HP,Professional,Intel,6,3.5,NVIDIA,NVIDIA GeForce,16,512.0,13.3,2103,1215,1570,2441,0.64
Dell,Gaming,Intel,8,4.4,AMD,AMD Radeon,16,1024.0,15.6,3492,9915,7346,3365,2.18
Lenovo,Basic,Intel,2,2.3,AMD,AMD Radeon,4,256.0,15.6,452,733,621,150,4.14
ASUS,Professional,Intel,8,2.7,AMD,AMD Radeon,32,1024.0,14.0,2142,1100,1517,917,1.65
Lenovo,Student,Intel,4,2.7,AMD,AMD Radeon,8,512.0,13.3,1081,1325,1228,626,1.96
Lenovo,Gaming,Intel,16,3.9,AMD,AMD Radeon,32,1024.0,16.0,6238,7572,7038,2700,2.61
HP,Basic,Intel,4,1.8,Intel,Intel UHD,4,128.0,14.0,714,670,688,409,1.68
Acer,Professional,Intel,6,2.6,AMD,AMD Radeon,32,1024.0,14.0,1561,3912,2972,1995,1.49
Apple,Gaming,AMD,12,5.3,AMD,AMD Radeon,16,1024.0,17.3,6412,12465,10044,3889,2.58
Dell,Gaming,Intel,8,3.2,AMD,AMD Radeon,32,2048.0,16.0,2528,14759,9867,2457,4.02
Acer,Student,AMD,4,2.8,Intel,Intel UHD,8,256.0,14.0,1116,967,1027,836,1.23
ASUS,Student,Intel,6,2.7,AMD,AMD Radeon,8,256.0,15.6,1591,970,1219,973,1.25
ASUS,Professional,Intel,6,3.4,NVIDIA,NVIDIA GeForce,32,512.0,13.3,2037,1597,1773,2313,0.77
ASUS,Basic,Intel,4,2.2,Intel,Intel UHD,4,512.0,17.3,890,296,534,321,1.66
Dell,Basic,Intel,2,2.2,Intel,Intel Iris Xe,4,256.0,15.6,437,340,379,434,0.87
ASUS,Professional,Intel,6,3.6,NVIDIA,NVIDIA RTX,16,512.0,17.3,2143,2517,2368,1848,1.28
Acer,Professional,Intel,6,3.3,AMD,AMD Radeon,32,512.0,16.0,1958,2811,2470,2339,1.06
Lenovo,Gaming,AMD,8,4.9,NVIDIA,NVIDIA GeForce,16,1024.0,15.6,3902,7000,5761,2411,2.39
Dell,Gaming,Intel,16,3.8,AMD,AMD Radeon,32,1024.0,15.6,6036,7249,6764,1072,6.31
HP,Student,Intel,6,3.1,AMD,AMD Radeon,16,512.0,15.6,1868,916,1297,501,2.59
HP,Gaming,Intel,12,4.4,AMD,AMD Radeon,32,512.0,15.6,5273,6660,6105,1220,5.0
Acer,Student,AMD,4,2.1,AMD,AMD Radeon,8,256.0,13.3,848,1242,1085,621,1.75
ASUS,Professional,Intel,8,4.0,NVIDIA,NVIDIA RTX,32,512.0,15.6,3219,3114,3156,2305,1.37
Lenovo,Student,Intel,6,3.3,AMD,AMD Radeon,8,512.0,14.0,1980,833,1292,752,1.72
Lenovo,Basic,AMD,2,1.8,AMD,AMD Radeon,4,128.0,17.3,364,233,285,383,0.74
ASUS,Professional,Intel,8,3.2,AMD,AMD Radeon,16,1024.0,15.6,2536,1069,1656,2511,0.66
Dell,Gaming,Intel,8,3.4,AMD,AMD Radeon,16,512.0,16.0,2739,9729,6933,3307,2.1
HP,Professional,Intel,6,4.3,NVIDIA,NVIDIA RTX,32,512.0,14.0,2590,2491,2531,871,2.91
Dell,Gaming,AMD,8,4.2,NVIDIA,NVIDIA GeForce,16,2048.0,14.0,3385,14175,9859,2687,3.67
Apple,Professional,Intel,12,3.1,NVIDIA,NVIDIA RTX,16,1024.0,15.6,3769,2300,2888,2086,1.38
Lenovo,Gaming,AMD,8,3.2,NVIDIA,NVIDIA GeForce,16,1024.0,17.3,2569,7217,5358,1728,3.1
HP,Gaming,Intel,16,3.9,NVIDIA,NVIDIA RTX,32,512.0,15.6,6206,14867,11403,1747,6.53
Lenovo,Basic,Intel,2,2.2,Intel,Intel Iris Xe,4,512.0,14.0,436,226,310,401,0.77
Apple,Gaming,Intel,8,4.9,NVIDIA,NVIDIA GeForce,32,512.0,13.3,3953,8286,6553,1672,3.92
Lenovo,Basic,AMD,4,1.6,Intel,Intel Iris Xe,8,256.0,13.3,647,451,529,371,1.43
Dell,Student,Intel,6,2.4,AMD,AMD Radeon,8,256.0,14.0,1436,1002,1176,774,1.52
Dell,Professional,Intel,8,4.2,NVIDIA,NVIDIA RTX,32,512.0,15.6,3394,2800,3038,1026,2.96
HP,Professional,AMD,8,3.9,NVIDIA,NVIDIA GeForce,16,1024.0,15.6,3142,3541,3382,1719,1.97
Razer,Basic,AMD,4,2.6,Intel,Intel Iris Xe,4,256.0,13.3,1043,491,712,376,1.89
ASUS,Gaming,Intel,12,5.4,AMD,AMD Radeon,32,512.0,15.6,6511,13174,10509,1390,7.56
HP,Gaming,Intel,12,4.7,AMD,AMD Radeon,16,512.0,14.0,5687,5012,5282,1141,4.63
Lenovo,Gaming,Intel,16,5.1,AMD,AMD Radeon,16,2048.0,14.0,8197,12350,10689,2014,5.31
Acer,Professional,Intel,8,4.0,NVIDIA,NVIDIA GeForce,16,1024.0,15.6,3189,2160,2571,2330,1.1
Lenovo,Student,Intel,6,2.7,AMD,AMD Radeon,8,256.0,16.0,1608,1003,1245,446,2.79
HP,Basic,Intel,4,1.8,Intel,Intel UHD,4,256.0,14.0,711,419,535,296,1.81
Dell,Basic,Intel,2,1.8,AMD,AMD Radeon,4,256.0,15.6,357,689,556,457,1.22
Dell,Professional,Intel,8,3.5,AMD,AMD Radeon,32,1024.0,15.6,2837,3532,3254,2059,1.58
Lenovo,Student,Intel,6,3.1,Intel,Intel Iris Xe,16,256.0,14.0,1864,1359,1561,513,3.04
Acer,Student,AMD,6,2.1,AMD,AMD Radeon,8,256.0,13.3,1275,758,965,643,1.5
ASUS,Basic,Intel,4,2.7,AMD,AMD Radeon,4,128.0,15.6,1094,635,818,211,3.88
Razer,Gaming,Intel,8,4.0,AMD,AMD Radeon,16,512.0,15.6,3165,13763,9524,3070,3.1
Lenovo,Gaming,AMD,12,4.8,AMD,AMD Radeon,16,1024.0,13.3,5768,7789,6981,1789,3.9
HP,Gaming,Intel,12,4.8,AMD,AMD Radeon,16,1024.0,15.6,5712,9440,7949,2300,3.46
Apple,Gaming,Intel,12,4.3,NVIDIA,NVIDIA RTX,16,2048.0,14.0,5167,6797,6145,2767,2.22
Razer,Student,Intel,6,2.2,Intel,Intel UHD,16,512.0,16.0,1304,1228,1258,522,2.41
HP,Professional,AMD,8,3.4,NVIDIA,NVIDIA RTX,32,1024.0,14.0,2694,1258,1832,1285,1.43
Acer,Student,Intel,4,2.3,AMD,AMD Radeon,16,256.0,14.0,905,1235,1103,418,2.64
HP,Gaming,Intel,12,3.7,NVIDIA,NVIDIA RTX,16,512.0,13.3,4443,5914,5326,1274,4.18
ASUS,Student,Intel,6,2.9,AMD,AMD Radeon,8,512.0,15.6,1760,1361,1521,728,2.09
Apple,Professional,Intel,8,3.1,NVIDIA,NVIDIA GeForce,16,512.0,14.0,2488,1097,1653,2388,0.69
Dell,Student,Intel,4,2.3,AMD,AMD Radeon,8,256.0,13.3,901,651,751,782,0.96
Lenovo,Professional,Intel,12,3.6,NVIDIA,NVIDIA GeForce,16,1024.0,14.0,4350,3788,4013,1159,3.46
Lenovo,Gaming,Intel,8,3.3,NVIDIA,NVIDIA RTX,32,512.0,16.0,2618,11677,8053,2949,2.73
MSI,Gaming,AMD,8,4.6,AMD,AMD Radeon,32,512.0,16.0,3651,10051,7491,3906,1.92
ASUS,Student,Intel,6,2.7,Intel,Intel Iris Xe,8,512.0,15.6,1642,995,1254,926,1.35
ASUS,Professional,Intel,6,4.1,NVIDIA,NVIDIA GeForce,16,512.0,15.6,2449,3355,2992,1502,1.99
Acer,Basic,Intel,4,2.6,Intel,Intel Iris Xe,4,256.0,13.3,1059,267,584,311,1.88
ASUS,Gaming,AMD,12,4.2,AMD,AMD Radeon,16,2048.0,13.3,4986,6358,5809,3178,1.83
Dell,Basic,AMD,4,2.0,AMD,AMD Radeon,8,512.0,15.6,781,680,720,268,2.69
HP,Gaming,AMD,8,5.3,AMD,AMD Radeon,32,1024.0,16.0,4209,14975,10669,2570,4.15
Razer,Student,Intel,6,3.2,AMD,AMD Radeon,8,256.0,16.0,1907,902,1304,842,1.55
Acer,Professional,AMD,8,3.8,NVIDIA,NVIDIA GeForce,32,512.0,14.0,3074,1258,1985,1704,1.16
ASUS,Professional,AMD,12,2.7,AMD,AMD Radeon,32,1024.0,15.6,3242,1830,2395,1894,1.26
Razer,Gaming,Intel,8,4.4,NVIDIA,NVIDIA RTX,32,512.0,13.3,3543,7487,5909,3153,1.87
Acer,Professional,Intel,8,4.0,NVIDIA,NVIDIA RTX,32,512.0,15.6,3179,1351,2082,1343,1.55
Dell,Basic,AMD,2,1.7,AMD,AMD Radeon,8,256.0,15.6,331,796,610,265,2.3
Lenovo,Basic,Intel,4,2.5,AMD,AMD Radeon,4,128.0,15.6,995,665,797,554,1.44
Lenovo,Basic,AMD,4,2.2,Intel,Intel UHD,4,128.0,16.0,878,559,687,440,1.56
HP,Student,Intel,4,2.7,AMD,AMD Radeon,8,256.0,13.3,1066,1281,1195,424,2.82
Apple,Gaming,Intel,16,4.7,AMD,AMD Radeon,16,512.0,14.0,7524,6489,6903,3706,1.86
Apple,Gaming,AMD,8,4.9,NVIDIA,NVIDIA GeForce,16,512.0,14.0,3950,9201,7101,2001,3.55
Lenovo,Gaming,Intel,8,4.8,AMD,AMD Radeon,32,1024.0,16.0,3870,14427,10204,3041,3.36
Lenovo,Professional,AMD,8,3.1,NVIDIA,NVIDIA RTX,32,1024.0,15.6,2493,1198,1716,1096,1.57
MSI,Gaming,Intel,8,5.4,NVIDIA,NVIDIA RTX,32,1024.0,17.3,4337,14579,10482,2221,4.72
Dell,Basic,Intel,2,2.7,AMD,AMD Radeon,4,128.0,15.6,544,461,494,504,0.98
Apple,Professional,Intel,6,4.4,AMD,AMD Radeon,32,1024.0,15.6,2655,3005,2865,1954,1.47
HP,Gaming,Intel,16,4.7,AMD,AMD Radeon,32,2048.0,15.6,7527,5752,6462,2246,2.88
Dell,Professional,AMD,8,3.2,NVIDIA,NVIDIA GeForce,32,512.0,16.0,2578,1860,2147,1464,1.47
Dell,Professional,Intel,8,4.2,NVIDIA,NVIDIA GeForce,16,512.0,13.3,3323,2448,2798,2413,1.16
ASUS,Student,AMD,6,3.3,AMD,AMD Radeon,16,256.0,13.3,1981,1245,1540,687,2.24
ASUS,Basic,AMD,4,2.1,Intel,Intel Iris Xe,4,256.0,13.3,858,333,543,487,1.11
ASUS,Professional,AMD,6,4.3,AMD,AMD Radeon,32,1024.0,13.3,2608,2748,2692,1523,1.77
ASUS,Professional,AMD,8,3.4,NVIDIA,NVIDIA RTX,16,1024.0,16.0,2754,2033,2322,2016,1.15
ASUS,Basic,Intel,2,1.8,AMD,AMD Radeon,4,128.0,15.6,358,762,601,418,1.44
Razer,Student,AMD,6,3.0,Intel,Intel UHD,8,256.0,14.0,1820,929,1285,922,1.39
ASUS,Student,Intel,6,2.7,Intel,Intel Iris Xe,8,512.0,14.0,1613,1156,1339,645,2.08
ASUS,Basic,Intel,4,1.6,AMD,AMD Radeon,4,128.0,13.3,652,362,478,154,3.1
Acer,Basic,Intel,2,1.6,Intel,Intel UHD,8,128.0,15.6,326,754,583,450,1.3
HP,Basic,AMD,4,2.2,AMD,AMD Radeon,4,128.0,13.3,865,626,722,377,1.92
Dell,Gaming,Intel,8,4.7,NVIDIA,NVIDIA GeForce,32,512.0,14.0,3753,5620,4873,3677,1.33
HP,Gaming,AMD,8,5.0,NVIDIA,NVIDIA RTX,32,512.0,13.3,4018,9698,7426,1884,3.94
Apple,Professional,AMD,12,4.0,AMD,AMD Radeon,16,512.0,15.6,4788,3055,3748,1470,2.55
Apple,Professional,AMD,8,3.9,AMD,AMD Radeon,16,512.0,14.0,3114,3985,3636,1040,3.5
Acer,Basic,Intel,2,2.5,AMD,AMD Radeon,8,256.0,13.3,503,204,324,335,0.97
Razer,Professional,Intel,6,3.9,NVIDIA,NVIDIA GeForce,16,1024.0,13.3,2351,1136,1622,1036,1.57
Acer,Professional,Intel,8,3.9,AMD,AMD Radeon,32,1024.0,14.0,3112,2935,3006,1142,2.63
ASUS,Gaming,Intel,8,3.8,AMD,AMD Radeon,32,1024.0,14.0,3060,12495,8721,2513,3.47
MSI,Student,AMD,4,2.4,Intel,Intel UHD,16,512.0,15.6,969,1019,999,673,1.48
HP,Professional,Intel,6,3.3,AMD,AMD Radeon,32,1024.0,14.0,1985,3658,2989,765,3.91
Acer,Student,Intel,6,3.0,Intel,Intel UHD,8,256.0,13.3,1811,1359,1540,385,4.0
ASUS,Basic,Intel,2,2.6,AMD,AMD Radeon,4,128.0,15.6,522,422,462,395,1.17
HP,Gaming,AMD,16,3.3,AMD,AMD Radeon,32,1024.0,15.6,5329,7946,6899,1117,6.18
Dell,Gaming,Intel,12,4.5,AMD,AMD Radeon,32,1024.0,13.3,5407,6304,5945,1712,3.47
Dell,Professional,AMD,8,3.0,NVIDIA,NVIDIA GeForce,16,512.0,15.6,2370,3494,3045,2223,1.37
HP,Professional,AMD,6,2.6,NVIDIA,NVIDIA RTX,32,512.0,16.0,1536,2101,1875,1296,1.45
Lenovo,Gaming,AMD,12,5.1,NVIDIA,NVIDIA RTX,32,512.0,15.6,6148,9208,7984,3076,2.6
Lenovo,Professional,Intel,6,3.9,NVIDIA,NVIDIA RTX,32,512.0,15.6,2340,2660,2532,1981,1.28
Dell,Student,Intel,6,2.2,Intel,Intel Iris Xe,8,512.0,14.0,1307,578,869,701,1.24
Lenovo,Basic,Intel,2,2.7,Intel,Intel UHD,8,128.0,15.6,543,279,385,380,1.01
Acer,Professional,AMD,8,3.7,NVIDIA,NVIDIA GeForce,16,512.0,14.0,2937,1669,2176,1076,2.02
Dell,Student,Intel,6,2.5,Intel,Intel Iris Xe,16,256.0,14.0,1486,953,1166,830,1.4
Lenovo,Professional,Intel,8,2.7,NVIDIA,NVIDIA RTX,16,1024.0,15.6,2168,2278,2234,2196,1.02
Dell,Professional,AMD,8,3.1,AMD,AMD Radeon,16,512.0,14.0,2470,1353,1800,1404,1.28
ASUS,Basic,Intel,2,2.6,AMD,AMD Radeon,4,128.0,17.3,515,621,578,232,2.49
HP,Gaming,Intel,12,3.0,AMD,AMD Radeon,16,512.0,14.0,3637,6288,5227,1810,2.89
Lenovo,Professional,Intel,8,4.1,NVIDIA,NVIDIA RTX,16,512.0,17.3,3266,3932,3666,1279,2.87
Dell,Professional,AMD,8,2.8,NVIDIA,NVIDIA GeForce,16,1024.0,14.0,2270,1915,2057,1276,1.61
Apple,Student,AMD,6,3.3,Intel,Intel Iris Xe,8,256.0,14.0,1982,531,1111,843,1.32
MSI,Professional,AMD,8,2.6,AMD,AMD Radeon,32,1024.0,15.6,2050,1202,1541,1488,1.04
Lenovo,Student,Intel,4,2.9,Intel,Intel Iris Xe,16,512.0,16.0,1157,905,1006,430,2.34
Razer,Student,Intel,4,2.9,Intel,Intel Iris Xe,8,512.0,17.3,1162,1148,1154,463,2.49
HP,Basic,Intel,2,2.5,Intel,Intel Iris Xe,4,256.0,13.3,499,350,409,332,1.23
Lenovo,Student,AMD,6,2.3,Intel,Intel Iris Xe,8,512.0,17.3,1365,1023,1160,521,2.23
HP,Professional,AMD,8,3.2,NVIDIA,NVIDIA RTX,32,512.0,14.0,2589,2124,2310,1371,1.68
Dell,Basic,AMD,2,2.7,Intel,Intel UHD,4,256.0,15.6,532,564,551,353,1.56
ASUS,Basic,Intel,4,2.4,AMD,AMD Radeon,4,256.0,17.3,964,394,622,211,2.95
Dell,Student,AMD,6,2.3,Intel,Intel Iris Xe,16,512.0,14.0,1394,672,961,532,1.81
Lenovo,Basic,Intel,2,1.7,AMD,AMD Radeon,8,256.0,16.0,337,705,558,232,2.41
Dell,Basic,Intel,4,1.6,AMD,AMD Radeon,8,128.0,14.0,655,223,396,327,1.21
ASUS,Gaming,Intel,12,5.4,NVIDIA,NVIDIA GeForce,32,2048.0,16.0,6491,12224,9931,3206,3.1
Lenovo,Basic,Intel,2,1.8,AMD,AMD Radeon,4,512.0,16.0,361,735,585,308,1.9
Razer,Basic,AMD,2,1.9,Intel,Intel UHD,4,512.0,15.6,382,657,547,202,2.71
Dell,Gaming,Intel,16,5.1,AMD,AMD Radeon,32,2048.0,16.0,8097,13103,11101,3746,2.96
ASUS,Professional,Intel,12,3.6,NVIDIA,NVIDIA GeForce,32,1024.0,16.0,4344,1834,2838,1121,2.53
Acer,Basic,Intel,2,1.9,Intel,Intel Iris Xe,4,512.0,15.6,376,262,308,278,1.11
Dell,Gaming,Intel,12,3.5,AMD,AMD Radeon,32,1024.0,15.6,4240,6587,5648,2616,2.16
Razer,Basic,Intel,4,1.7,AMD,AMD Radeon,4,128.0,17.3,667,454,539,334,1.61
ASUS,Professional,AMD,6,2.5,NVIDIA,NVIDIA RTX,16,1024.0,16.0,1510,3714,2832,1521,1.86
HP,Professional,Intel,6,3.4,NVIDIA,NVIDIA GeForce,16,512.0,16.0,2066,1488,1719,1251,1.37
Apple,Gaming,Intel,16,4.8,NVIDIA,NVIDIA RTX,32,1024.0,15.6,7651,5383,6291,1066,5.9
Dell,Professional,Intel,12,3.5,AMD,AMD Radeon,16,1024.0,16.0,4204,3270,3644,863,4.22
Razer,Gaming,AMD,8,4.6,AMD,AMD Radeon,32,2048.0,15.6,3680,8639,6655,3480,1.91
ASUS,Student,AMD,6,2.9,AMD,AMD Radeon,16,256.0,15.6,1759,527,1020,874,1.17
HP,Student,Intel,6,2.9,Intel,Intel Iris Xe,8,256.0,15.6,1748,1187,1411,907,1.56
MSI,Professional,AMD,8,4.3,NVIDIA,NVIDIA RTX,32,512.0,14.0,3454,1669,2383,1702,1.4
Razer,Basic,AMD,2,2.4,Intel,Intel UHD,4,256.0,15.6,482,360,409,160,2.56
Lenovo,Professional,Intel,12,4.2,NVIDIA,NVIDIA GeForce,32,1024.0,15.6,5043,1720,3049,977,3.12
HP,Basic,AMD,4,1.9,Intel,Intel UHD,4,256.0,14.0,759,475,588,410,1.43
Lenovo,Student,Intel,6,2.9,Intel,Intel Iris Xe,8,512.0,13.3,1726,997,1288,401,3.21
Lenovo,Gaming,Intel,8,4.3,AMD,AMD Radeon,16,512.0,16.0,3410,7752,6015,3266,1.84
HP,Student,AMD,4,2.9,Intel,Intel Iris Xe,8,256.0,13.3,1145,1130,1136,749,1.52
Dell,Basic,Intel,4,2.5,AMD,AMD Radeon,8,128.0,15.6,990,502,697,150,4.65
HP,Student,Intel,6,2.8,Intel,Intel UHD,8,256.0,17.3,1701,1193,1397,781,1.79
MSI,Basic,Intel,4,1.6,AMD,AMD Radeon,4,256.0,15.6,653,747,710,433,1.64
Razer,Basic,Intel,2,2.1,AMD,AMD Radeon,8,256.0,15.6,412,468,445,269,1.65
MSI,Gaming,Intel,12,5.4,AMD,AMD Radeon,16,1024.0,14.0,6439,11901,9716,2182,4.45
ASUS,Gaming,AMD,16,4.0,NVIDIA,NVIDIA GeForce,16,2048.0,15.6,6365,11946,9714,3190,3.05
HP,Student,Intel,6,2.8,AMD,AMD Radeon,8,256.0,15.6,1703,1298,1460,643,2.27
Dell,Student,Intel,4,2.9,AMD,AMD Radeon,8,256.0,15.6,1179,1398,1311,575,2.28
Lenovo,Student,Intel,6,3.3,AMD,AMD Radeon,8,512.0,16.0,1993,619,1169,622,1.88
Acer,Basic,Intel,2,1.8,AMD,AMD Radeon,8,512.0,15.6,360,414,392,202,1.94
Acer,Basic,AMD,2,2.4,Intel,Intel Iris Xe,4,256.0,15.6,479,351,402,273,1.47
Lenovo,Basic,Intel,2,1.7,AMD,AMD Radeon,4,256.0,17.3,346,427,394,302,1.3
Apple,Basic,Intel,2,1.7,Intel,Intel Iris Xe,4,128.0,15.6,337,386,366,287,1.28
Acer,Student,Intel,6,2.5,AMD,AMD Radeon,16,256.0,13.3,1515,870,1128,418,2.7
HP,Professional,AMD,12,2.7,AMD,AMD Radeon,16,1024.0,14.0,3261,2760,2960,1519,1.95
Lenovo,Professional,AMD,8,3.8,NVIDIA,NVIDIA RTX,16,512.0,13.3,3075,1738,2273,1837,1.24
ASUS,Professional,Intel,8,4.1,NVIDIA,NVIDIA RTX,32,512.0,16.0,3290,3193,3232,2034,1.59
Dell,Professional,AMD,8,4.1,NVIDIA,NVIDIA RTX,16,512.0,14.0,3293,3780,3585,1677,2.14
HP,Gaming,AMD,16,3.9,NVIDIA,NVIDIA RTX,16,512.0,16.0,6310,9678,8331,3059,2.72
Acer,Basic,AMD,4,2.2,AMD,AMD Radeon,8,128.0,13.3,869,605,711,150,4.74
HP,Student,Intel,6,2.6,AMD,AMD Radeon,8,512.0,14.0,1589,618,1007,436,2.31
Dell,Basic,Intel,4,1.8,AMD,AMD Radeon,4,128.0,15.6,718,564,626,187,3.35
HP,Professional,Intel,8,4.5,AMD,AMD Radeon,16,1024.0,15.6,3592,1765,2496,1464,1.7
Razer,Basic,Intel,4,2.0,AMD,AMD Radeon,4,256.0,15.6,814,641,710,296,2.4
Apple,Professional,AMD,8,3.8,NVIDIA,NVIDIA RTX,16,1024.0,15.6,3042,3174,3122,2434,1.28
Lenovo,Student,Intel,6,2.4,Intel,Intel UHD,16,512.0,16.0,1433,1408,1418,457,3.1
Dell,Professional,Intel,8,2.6,NVIDIA,NVIDIA RTX,32,512.0,14.0,2090,2966,2616,2347,1.11
HP,Gaming,AMD,12,3.1,NVIDIA,NVIDIA RTX,32,1024.0,13.3,3779,8703,6733,1601,4.21
HP,Gaming,Intel,8,5.2,NVIDIA,NVIDIA RTX,32,1024.0,13.3,4182,13702,9894,2996,3.3
ASUS,Basic,Intel,2,2.7,AMD,AMD Radeon,4,256.0,17.3,537,322,408,416,0.98
ASUS,Gaming,Intel,16,3.4,NVIDIA,NVIDIA GeForce,16,512.0,13.3,5481,8638,7375,2040,3.62
Lenovo,Basic,Intel,2,2.2,Intel,Intel Iris Xe,4,256.0,15.6,444,698,596,359,1.66
Dell,Professional,Intel,8,4.5,AMD,AMD Radeon,16,512.0,13.3,3578,3098,3290,2021,1.63
MSI,Student,Intel,6,2.3,Intel,Intel Iris Xe,8,256.0,15.6,1399,760,1015,674,1.51
HP,Student,Intel,4,3.2,AMD,AMD Radeon,8,256.0,15.6,1265,1306,1290,625,2.06
Dell,Basic,Intel,2,2.4,Intel,Intel UHD,4,512.0,13.3,481,511,499,227,2.2
HP,Gaming,Intel,12,4.8,NVIDIA,NVIDIA RTX,16,2048.0,14.0,5746,9799,8178,2756,2.97
Dell,Student,Intel,6,2.2,Intel,Intel UHD,8,256.0,13.3,1328,836,1033,797,1.3
Apple,Student,Intel,6,2.9,Intel,Intel Iris Xe,16,256.0,17.3,1742,715,1125,404,2.78
HP,Professional,Intel,8,3.0,NVIDIA,NVIDIA GeForce,16,512.0,17.3,2378,1069,1592,1514,1.05
HP,Professional,AMD,8,3.9,NVIDIA,NVIDIA GeForce,16,512.0,16.0,3121,2929,3006,1951,1.54
Dell,Gaming,AMD,12,5.1,NVIDIA,NVIDIA RTX,16,512.0,15.6,6150,10417,8710,3095,2.81
Razer,Gaming,Intel,8,3.2,NVIDIA,NVIDIA RTX,32,512.0,16.0,2574,9438,6692,1624,4.12
Acer,Gaming,Intel,12,3.5,AMD,AMD Radeon,16,1024.0,15.6,4198,12801,9359,2892,3.24
Dell,Professional,Intel,6,4.2,AMD,AMD Radeon,32,512.0,17.3,2515,1170,1708,1864,0.92
Dell,Gaming,Intel,8,4.2,NVIDIA,NVIDIA GeForce,32,512.0,14.0,3381,9409,6998,1007,6.95
Apple,Professional,Intel,8,2.5,AMD,AMD Radeon,32,1024.0,15.6,2028,1718,1842,1877,0.98
ASUS,Basic,AMD,2,2.8,AMD,AMD Radeon,8,256.0,14.0,555,443,487,419,1.16
HP,Student,Intel,4,3.2,Intel,Intel Iris Xe,8,512.0,13.3,1272,615,878,525,1.67
ASUS,Basic,Intel,4,2.0,AMD,AMD Radeon,4,128.0,15.6,788,481,604,216,2.8
Lenovo,Student,Intel,6,2.6,Intel,Intel UHD,8,512.0,16.0,1550,666,1019,646,1.58
HP,Professional,Intel,6,3.6,AMD,AMD Radeon,16,512.0,13.3,2133,2533,2373,983,2.41
HP,Professional,Intel,8,4.3,AMD,AMD Radeon,16,512.0,13.3,3410,1014,1972,876,2.25
HP,Student,Intel,6,2.4,Intel,Intel Iris Xe,8,512.0,13.3,1443,1136,1259,813,1.55
ASUS,Gaming,AMD,12,3.6,NVIDIA,NVIDIA GeForce,32,1024.0,17.3,4309,13566,9863,1778,5.55
ASUS,Basic,Intel,2,2.5,Intel,Intel UHD,4,128.0,14.0,491,527,513,235,2.18
ASUS,Student,AMD,4,2.1,Intel,Intel UHD,8,512.0,17.3,828,545,658,535,1.23
Lenovo,Professional,Intel,6,3.8,AMD,AMD Radeon,16,512.0,15.6,2267,3991,3301,1272,2.6
Lenovo,Professional,Intel,12,3.8,AMD,AMD Radeon,32,512.0,17.3,4518,3914,4155,1029,4.04
Apple,Professional,AMD,8,2.8,AMD,AMD Radeon,16,1024.0,14.0,2213,3253,2837,1766,1.61
HP,Professional,Intel,12,3.0,AMD,AMD Radeon,16,512.0,15.6,3658,1140,2147,2068,1.04
Dell,Professional,AMD,8,3.1,NVIDIA,NVIDIA GeForce,32,512.0,14.0,2455,1113,1650,1627,1.01
Dell,Student,Intel,4,2.3,Intel,Intel UHD,8,512.0,16.0,925,1117,1040,795,1.31
HP,Gaming,AMD,8,3.1,NVIDIA,NVIDIA RTX,16,1024.0,14.0,2491,9082,6446,1870,3.45
HP,Basic,AMD,4,2.6,Intel,Intel UHD,4,128.0,15.6,1053,304,604,394,1.53
ASUS,Basic,AMD,2,2.6,Intel,Intel UHD,4,128.0,17.3,520,722,641,471,1.36
HP,Gaming,AMD,12,4.2,AMD,AMD Radeon,16,2048.0,15.6,5038,12086,9267,1185,7.82
Dell,Gaming,Intel,8,5.3,NVIDIA,NVIDIA GeForce,16,1024.0,15.6,4263,10930,8263,1381,5.98
MSI,Professional,Intel,12,4.3,NVIDIA,NVIDIA RTX,16,1024.0,16.0,5168,3256,4021,1078,3.73
ASUS,Professional,Intel,6,2.8,NVIDIA,NVIDIA GeForce,16,512.0,15.6,1693,3146,2565,2142,1.2
Dell,Professional,Intel,6,3.1,NVIDIA,NVIDIA GeForce,16,1024.0,13.3,1836,2892,2469,2371,1.04
Dell,Gaming,Intel,12,4.2,NVIDIA,NVIDIA GeForce,16,512.0,17.3,5032,14547,10741,3868,2.78
Acer,Gaming,AMD,16,4.5,AMD,AMD Radeon,16,1024.0,17.3,7158,14279,11431,3381,3.38
MSI,Student,Intel,6,2.9,Intel,Intel Iris Xe,16,256.0,17.3,1753,621,1074,293,3.67
ASUS,Professional,Intel,6,3.8,NVIDIA,NVIDIA GeForce,32,512.0,17.3,2310,3919,3276,1620,2.02
Acer,Gaming,Intel,8,4.3,AMD,AMD Radeon,32,1024.0,14.0,3409,5547,4691,1296,3.62
Acer,Basic,Intel,2,2.3,AMD,AMD Radeon,4,256.0,13.3,461,680,593,425,1.4
MSI,Student,AMD,4,3.5,Intel,Intel Iris Xe,8,512.0,13.3,1390,527,872,770,1.13
Dell,Student,Intel,6,3.4,AMD,AMD Radeon,8,512.0,15.6,2013,1070,1447,411,3.52
Apple,Basic,Intel,2,2.2,AMD,AMD Radeon,4,512.0,15.6,443,406,421,503,0.84
HP,Student,Intel,6,3.3,AMD,AMD Radeon,8,512.0,17.3,1961,1383,1614,735,2.2
Lenovo,Professional,AMD,8,3.0,AMD,AMD Radeon,32,512.0,14.0,2378,3822,3244,1432,2.27
Dell,Student,Intel,6,3.4,AMD,AMD Radeon,16,512.0,13.3,2066,1387,1658,386,4.3
HP,Basic,AMD,4,2.0,AMD,AMD Radeon,8,256.0,15.6,795,543,644,399,1.61
Acer,Gaming,Intel,12,5.2,NVIDIA,NVIDIA GeForce,32,1024.0,13.3,6279,10051,8542,3031,2.82
ASUS,Student,Intel,6,3.4,AMD,AMD Radeon,8,256.0,15.6,2047,741,1263,611,2.07
ASUS,Student,Intel,4,2.8,Intel,Intel UHD,8,256.0,15.6,1118,1086,1099,375,2.93
Dell,Basic,Intel,2,2.7,AMD,AMD Radeon,4,512.0,14.0,543,294,394,393,1.0
HP,Student,Intel,6,2.5,AMD,AMD Radeon,8,256.0,15.6,1527,837,1113,801,1.39
HP,Professional,AMD,8,3.6,NVIDIA,NVIDIA RTX,16,1024.0,13.3,2915,1107,1830,1031,1.77
Lenovo,Gaming,Intel,12,4.9,NVIDIA,NVIDIA RTX,32,512.0,15.6,5821,10995,8925,1184,7.54
Acer,Student,Intel,4,2.3,AMD,AMD Radeon,16,256.0,13.3,927,1388,1203,455,2.64
Dell,Basic,Intel,2,2.7,Intel,Intel Iris Xe,8,512.0,13.3,546,799,698,362,1.93
ASUS,Gaming,Intel,12,3.4,NVIDIA,NVIDIA GeForce,32,2048.0,14.0,4052,11560,8557,3160,2.71
Lenovo,Professional,Intel,6,3.4,AMD,AMD Radeon,16,1024.0,15.6,2013,3993,3201,2031,1.58
Dell,Professional,Intel,6,3.2,AMD,AMD Radeon,16,512.0,16.0,1916,3240,2711,1345,2.02
Dell,Gaming,AMD,12,4.7,NVIDIA,NVIDIA GeForce,16,1024.0,15.6,5651,6266,6020,2631,2.29
HP,Student,Intel,6,2.0,Intel,Intel Iris Xe,8,512.0,15.6,1210,1068,1125,749,1.5
MSI,Basic,Intel,2,2.5,Intel,Intel Iris Xe,8,256.0,16.0,502,577,547,243,2.25
Dell,Basic,Intel,2,2.1,Intel,Intel UHD,8,128.0,14.0,417,515,476,498,0.96
Dell,Student,AMD,4,3.5,Intel,Intel UHD,8,512.0,14.0,1393,618,928,623,1.49
Lenovo,Basic,AMD,2,2.7,AMD,AMD Radeon,4,256.0,14.0,549,523,534,235,2.27
Acer,Professional,AMD,8,4.1,NVIDIA,NVIDIA RTX,16,1024.0,17.3,3247,1879,2426,974,2.49
HP,Student,AMD,4,2.1,AMD,AMD Radeon,16,512.0,15.6,826,746,778,815,0.95
Lenovo,Gaming,Intel,12,4.5,NVIDIA,NVIDIA RTX,32,512.0,13.3,5437,11302,8956,1536,5.83
HP,Student,Intel,6,2.4,Intel,Intel Iris Xe,8,256.0,16.0,1416,1375,1391,593,2.35
Acer,Basic,Intel,4,1.9,Intel,Intel UHD,4,256.0,17.3,743,432,556,391,1.42
Acer,Professional,AMD,8,2.5,NVIDIA,NVIDIA GeForce,16,512.0,15.6,2020,3668,3008,1120,2.69
Dell,Basic,Intel,4,2.5,Intel,Intel Iris Xe,4,512.0,15.6,1009,548,732,464,1.58
ASUS,Professional,AMD,8,3.7,NVIDIA,NVIDIA RTX,32,512.0,14.0,2979,1875,2317,2327,1.0
ASUS,Student,AMD,6,3.0,Intel,Intel Iris Xe,8,512.0,15.6,1815,1094,1382,914,1.51
HP,Student,AMD,6,2.9,AMD,AMD Radeon,8,256.0,13.3,1713,596,1043,964,1.08
Dell,Gaming,Intel,16,4.1,NVIDIA,NVIDIA GeForce,16,1024.0,15.6,6603,13346,10649,2927,3.64
HP,Basic,Intel,2,2.6,AMD,AMD Radeon,4,512.0,17.3,517,618,578,402,1.44
Apple,Gaming,Intel,16,4.8,NVIDIA,NVIDIA RTX,16,1024.0,16.0,7748,9354,8711,3586,2.43
Apple,Student,Intel,4,3.0,Intel,Intel UHD,16,256.0,15.6,1203,1489,1375,764,1.8
HP,Student,Intel,4,3.2,Intel,Intel Iris Xe,16,512.0,15.6,1278,984,1102,490,2.25
ASUS,Gaming,AMD,16,5.3,NVIDIA,NVIDIA GeForce,32,1024.0,14.0,8482,5929,6950,3402,2.04
HP,Student,Intel,6,2.9,AMD,AMD Radeon,8,512.0,15.6,1760,1023,1318,486,2.71
Apple,Gaming,AMD,12,5.1,NVIDIA,NVIDIA RTX,32,1024.0,14.0,6095,5177,5544,3470,1.6
HP,Basic,Intel,4,2.4,AMD,AMD Radeon,4,128.0,16.0,957,212,510,276,1.85
Dell,Professional,Intel,8,4.1,NVIDIA,NVIDIA GeForce,32,1024.0,15.6,3287,3662,3512,1184,2.97
ASUS,Basic,AMD,4,1.8,Intel,Intel Iris Xe,4,128.0,14.0,707,297,461,283,1.63
Lenovo,Gaming,AMD,16,3.5,NVIDIA,NVIDIA RTX,32,512.0,17.3,5624,5664,5648,2624,2.15
Dell,Student,AMD,6,2.1,AMD,AMD Radeon,8,512.0,14.0,1288,771,978,583,1.68
Acer,Student,Intel,4,3.3,Intel,Intel UHD,16,256.0,14.0,1306,1125,1197,485,2.47
Apple,Professional,AMD,6,3.6,NVIDIA,NVIDIA RTX,32,512.0,16.0,2161,2310,2251,1459,1.54
MSI,Gaming,Intel,16,4.9,NVIDIA,NVIDIA GeForce,32,512.0,16.0,7907,8148,8052,2201,3.66
Razer,Basic,Intel,2,2.1,Intel,Intel Iris Xe,4,128.0,15.6,414,535,487,265,1.84
Lenovo,Gaming,Intel,8,3.1,NVIDIA,NVIDIA RTX,32,512.0,17.3,2502,9997,6999,3244,2.16
HP,Basic,Intel,2,2.4,Intel,Intel UHD,8,128.0,15.6,481,260,349,250,1.4
ASUS,Gaming,Intel,8,3.5,AMD,AMD Radeon,16,512.0,15.6,2765,5161,4203,3188,1.32
Dell,Gaming,Intel,12,3.2,NVIDIA,NVIDIA RTX,16,1024.0,13.3,3822,8987,6921,1423,4.86
Lenovo,Gaming,Intel,8,4.4,AMD,AMD Radeon,16,1024.0,16.0,3521,10527,7725,3604,2.14
Dell,Professional,AMD,12,3.4,NVIDIA,NVIDIA RTX,16,512.0,15.6,4070,2979,3416,2099,1.63
Dell,Student,Intel,4,2.2,Intel,Intel Iris Xe,8,256.0,15.6,864,854,858,497,1.73
HP,Professional,AMD,6,3.6,AMD,AMD Radeon,16,1024.0,15.6,2157,3902,3204,1447,2.21
Acer,Student,Intel,6,2.8,Intel,Intel Iris Xe,8,256.0,13.3,1671,638,1051,807,1.3
Acer,Student,Intel,4,3.4,Intel,Intel Iris Xe,16,512.0,15.6,1356,1166,1242,542,2.29
Acer,Basic,Intel,2,1.8,Intel,Intel Iris Xe,4,128.0,14.0,354,341,346,268,1.29
Razer,Basic,Intel,2,2.0,Intel,Intel Iris Xe,4,512.0,15.6,392,204,279,216,1.29
ASUS,Gaming,AMD,12,3.1,NVIDIA,NVIDIA GeForce,32,1024.0,14.0,3730,8917,6842,2631,2.6
HP,Gaming,Intel,8,3.6,NVIDIA,NVIDIA GeForce,16,512.0,15.6,2876,5327,4347,1315,3.31
Lenovo,Professional,Intel,6,3.1,NVIDIA,NVIDIA GeForce,16,1024.0,17.3,1874,2204,2072,1627,1.27
HP,Gaming,AMD,8,4.7,AMD,AMD Radeon,16,512.0,15.6,3742,13624,9671,3481,2.78
ASUS,Basic,Intel,2,1.8,AMD,AMD Radeon,4,128.0,15.6,357,643,529,156,3.39
HP,Basic,Intel,2,2.8,AMD,AMD Radeon,8,256.0,14.0,555,586,573,368,1.56
HP,Student,AMD,4,2.6,Intel,Intel UHD,8,256.0,15.6,1045,649,807,392,2.06
Dell,Professional,Intel,12,3.4,NVIDIA,NVIDIA RTX,16,1024.0,14.0,4127,1214,2379,1591,1.5
Lenovo,Basic,Intel,4,2.7,AMD,AMD Radeon,4,128.0,15.6,1079,622,805,373,2.16
Dell,Professional,Intel,8,4.0,NVIDIA,NVIDIA RTX,16,1024.0,16.0,3226,1831,2389,1207,1.98
HP,Basic,AMD,4,2.2,AMD,AMD Radeon,8,128.0,15.6,888,446,623,326,1.91
Dell,Student,Intel,6,2.2,AMD,AMD Radeon,8,256.0,15.6,1334,822,1027,659,1.56
Lenovo,Student,Intel,4,2.8,Intel,Intel Iris Xe,8,256.0,17.3,1135,964,1033,482,2.14
Lenovo,Student,Intel,6,3.0,AMD,AMD Radeon,16,512.0,16.0,1772,811,1196,740,1.62
Razer,Basic,AMD,2,2.1,Intel,Intel Iris Xe,4,256.0,17.3,427,539,494,523,0.94
HP,Basic,Intel,4,1.7,AMD,AMD Radeon,4,128.0,14.0,665,649,656,217,3.02
Lenovo,Basic,Intel,2,2.7,AMD,AMD Radeon,4,256.0,13.3,530,474,497,257,1.93
Dell,Basic,AMD,2,2.0,Intel,Intel Iris Xe,4,128.0,13.3,402,249,310,282,1.1
ASUS,Gaming,Intel,8,5.5,NVIDIA,NVIDIA GeForce,32,1024.0,13.3,4377,7458,6226,3059,2.04
Lenovo,Basic,Intel,2,1.9,Intel,Intel Iris Xe,4,512.0,15.6,373,460,425,280,1.52
Lenovo,Gaming,Intel,8,4.5,AMD,AMD Radeon,32,512.0,15.6,3589,6235,5176,3950,1.31
Dell,Basic,Intel,2,1.9,Intel,Intel UHD,4,128.0,13.3,373,787,622,287,2.17
HP,Gaming,Intel,12,5.3,AMD,AMD Radeon,32,2048.0,15.6,6345,13719,10770,3927,2.74
Lenovo,Professional,Intel,6,4.3,NVIDIA,NVIDIA GeForce,16,1024.0,16.0,2598,1100,1699,1524,1.11
Acer,Basic,Intel,2,2.7,AMD,AMD Radeon,4,128.0,15.6,532,760,669,150,4.46
HP,Gaming,Intel,8,4.1,AMD,AMD Radeon,16,1024.0,16.0,3265,12497,8804,2140,4.11
Apple,Basic,Intel,2,2.8,Intel,Intel Iris Xe,4,512.0,16.0,558,490,517,399,1.3
Lenovo,Student,Intel,6,3.1,Intel,Intel UHD,8,512.0,13.3,1854,521,1054,529,1.99
ASUS,Gaming,Intel,8,5.3,AMD,AMD Radeon,32,512.0,15.6,4203,7489,6175,3405,1.81
ASUS,Professional,AMD,6,4.0,AMD,AMD Radeon,16,1024.0,15.6,2391,3123,2830,1610,1.76
ASUS,Basic,Intel,2,1.7,AMD,AMD Radeon,4,256.0,16.0,348,281,308,585,0.53
HP,Student,Intel,4,2.5,Intel,Intel UHD,16,256.0,16.0,983,1258,1148,617,1.86
Dell,Gaming,AMD,8,5.4,AMD,AMD Radeon,32,512.0,15.6,4313,11149,8414,2830,2.97
Razer,Student,Intel,4,2.9,AMD,AMD Radeon,8,256.0,14.0,1162,1476,1350,554,2.44
Lenovo,Student,Intel,6,2.9,Intel,Intel UHD,8,256.0,13.3,1720,856,1202,665,1.81
Acer,Professional,AMD,8,2.5,AMD,AMD Radeon,16,1024.0,16.0,2036,1110,1480,1530,0.97
Lenovo,Gaming,Intel,12,5.2,NVIDIA,NVIDIA RTX,16,2048.0,15.6,6296,12920,10270,1437,7.15
MSI,Gaming,Intel,8,4.5,AMD,AMD Radeon,32,1024.0,13.3,3598,5619,4810,2329,2.07
Acer,Student,Intel,4,2.0,Intel,Intel UHD,8,256.0,13.3,817,1085,978,680,1.44
ASUS,Student,AMD,6,2.2,AMD,AMD Radeon,8,512.0,15.6,1329,510,837,460,1.82
Lenovo,Student,Intel,4,2.3,AMD,AMD Radeon,8,256.0,14.0,922,1413,1217,649,1.88
Acer,Basic,AMD,2,2.2,AMD,AMD Radeon,4,256.0,15.6,437,436,436,432,1.01
Razer,Student,Intel,4,2.7,Intel,Intel UHD,8,256.0,15.6,1080,754,884,823,1.07
ASUS,Gaming,AMD,12,4.1,AMD,AMD Radeon,16,2048.0,16.0,4889,6611,5922,1330,4.45
ASUS,Basic,AMD,2,1.8,AMD,AMD Radeon,8,256.0,13.3,368,640,531,320,1.66
ASUS,Professional,AMD,8,3.4,NVIDIA,NVIDIA RTX,16,1024.0,14.0,2695,1525,1993,1391,1.43
HP,Professional,Intel,8,3.2,NVIDIA,NVIDIA RTX,32,512.0,17.3,2537,1234,1755,1065,1.65
Lenovo,Student,AMD,4,2.7,AMD,AMD Radeon,16,256.0,14.0,1070,793,904,641,1.41
Apple,Professional,Intel,12,3.5,NVIDIA,NVIDIA GeForce,32,512.0,16.0,4143,3606,3821,1831,2.09
Razer,Basic,Intel,4,2.3,Intel,Intel UHD,4,128.0,13.3,939,792,851,434,1.96
ASUS,Student,Intel,4,3.0,AMD,AMD Radeon,8,512.0,14.0,1197,843,985,691,1.43
Dell,Student,AMD,6,2.9,AMD,AMD Radeon,16,512.0,15.6,1763,613,1073,822,1.31
Dell,Professional,Intel,12,4.2,AMD,AMD Radeon,32,1024.0,15.6,5086,3577,4181,1360,3.07
HP,Professional,Intel,8,4.1,NVIDIA,NVIDIA RTX,32,512.0,14.0,3244,1348,2106,1761,1.2
Lenovo,Student,AMD,4,2.0,Intel,Intel Iris Xe,8,512.0,17.3,803,766,781,769,1.02
Dell,Gaming,AMD,16,5.0,NVIDIA,NVIDIA GeForce,32,2048.0,13.3,7960,5756,6638,2361,2.81
ASUS,Gaming,Intel,16,3.4,NVIDIA,NVIDIA GeForce,32,1024.0,15.6,5407,7877,6889,2178,3.16
Dell,Gaming,Intel,12,5.0,NVIDIA,NVIDIA RTX,16,512.0,15.6,5971,12344,9795,1831,5.35
Dell,Student,Intel,6,2.4,Intel,Intel Iris Xe,16,512.0,15.6,1438,1284,1346,536,2.51
Razer,Student,Intel,4,2.7,Intel,Intel UHD,8,256.0,15.6,1088,1132,1114,358,3.11
MSI,Student,Intel,6,2.9,Intel,Intel Iris Xe,16,512.0,15.6,1765,1469,1588,558,2.85
Dell,Gaming,Intel,16,4.4,NVIDIA,NVIDIA GeForce,16,1024.0,15.6,7097,14756,11693,2908,4.02
Lenovo,Gaming,Intel,12,3.2,AMD,AMD Radeon,32,1024.0,15.6,3883,12254,8906,1594,5.59
HP,Gaming,Intel,12,4.4,NVIDIA,NVIDIA RTX,16,2048.0,15.6,5244,8689,7311,1798,4.07
Acer,Student,Intel,4,2.6,AMD,AMD Radeon,8,256.0,15.6,1053,1455,1294,755,1.71
ASUS,Student,AMD,4,2.3,Intel,Intel UHD,8,512.0,14.0,915,1316,1156,943,1.23
MSI,Student,AMD,6,3.4,AMD,AMD Radeon,8,256.0,16.0,2052,1312,1608,651,2.47
Dell,Professional,Intel,12,3.8,NVIDIA,NVIDIA GeForce,16,512.0,15.6,4522,1927,2965,2175,1.36
Lenovo,Gaming,Intel,16,5.4,AMD,AMD Radeon,32,2048.0,14.0,8697,14910,12425,2076,5.99
Razer,Gaming,Intel,8,4.5,AMD,AMD Radeon,16,512.0,14.0,3635,13278,9421,2365,3.98
Dell,Student,AMD,6,2.8,AMD,AMD Radeon,8,512.0,14.0,1666,875,1191,415,2.87
Dell,Gaming,Intel,12,4.1,AMD,AMD Radeon,32,2048.0,15.6,4903,11328,8758,3065,2.86
HP,Basic,Intel,2,1.8,Intel,Intel UHD,4,128.0,15.6,366,215,275,399,0.69
Dell,Student,AMD,6,2.5,AMD,AMD Radeon,8,512.0,14.0,1504,990,1196,686,1.74
Lenovo,Professional,Intel,6,3.6,AMD,AMD Radeon,16,1024.0,16.0,2190,1552,1807,1528,1.18
Apple,Gaming,AMD,12,4.5,AMD,AMD Radeon,16,512.0,15.6,5352,7019,6353,1500,4.24
Dell,Professional,AMD,6,2.7,NVIDIA,NVIDIA RTX,32,512.0,14.0,1632,2718,2283,1155,1.98
Acer,Basic,AMD,2,2.5,AMD,AMD Radeon,4,128.0,14.0,503,706,625,199,3.14
Lenovo,Student,AMD,6,2.9,Intel,Intel UHD,8,512.0,13.3,1728,1293,1467,730,2.01
ASUS,Basic,Intel,2,2.0,AMD,AMD Radeon,8,128.0,13.3,403,247,310,435,0.71
ASUS,Basic,AMD,4,1.7,AMD,AMD Radeon,4,128.0,15.6,680,505,575,368,1.56
Dell,Basic,Intel,2,2.1,AMD,AMD Radeon,4,256.0,15.6,423,274,334,296,1.13
Acer,Basic,Intel,4,1.7,Intel,Intel UHD,8,256.0,16.0,665,470,548,230,2.38
ASUS,Gaming,Intel,12,3.8,AMD,AMD Radeon,32,1024.0,13.3,4612,11846,8952,2768,3.23
MSI,Basic,AMD,4,2.1,Intel,Intel UHD,8,128.0,14.0,848,647,727,366,1.99
Dell,Basic,Intel,2,2.6,Intel,Intel Iris Xe,4,256.0,14.0,521,519,520,393,1.32
Lenovo,Gaming,AMD,8,4.4,AMD,AMD Radeon,16,512.0,16.0,3503,6257,5155,1997,2.58
Lenovo,Basic,Intel,2,2.6,AMD,AMD Radeon,8,256.0,13.3,529,405,455,306,1.49
Razer,Basic,Intel,2,2.5,AMD,AMD Radeon,4,256.0,16.0,507,687,615,457,1.35
Dell,Student,Intel,6,2.0,Intel,Intel UHD,8,512.0,15.6,1214,903,1027,409,2.51
Lenovo,Professional,Intel,8,3.3,NVIDIA,NVIDIA RTX,16,512.0,15.6,2676,1579,2018,1150,1.75
Acer,Gaming,Intel,12,3.1,NVIDIA,NVIDIA RTX,32,512.0,15.6,3709,10383,7714,2177,3.54
Dell,Gaming,Intel,16,5.3,AMD,AMD Radeon,32,512.0,14.0,8461,12118,10655,1717,6.21
Lenovo,Student,AMD,6,3.4,Intel,Intel UHD,16,512.0,15.6,2059,688,1236,469,2.64
ASUS,Basic,Intel,2,1.9,AMD,AMD Radeon,4,256.0,15.6,383,706,577,162,3.56
Razer,Professional,Intel,8,3.1,NVIDIA,NVIDIA RTX,32,512.0,14.0,2479,3382,3021,1217,2.48
Dell,Professional,Intel,6,3.7,AMD,AMD Radeon,16,1024.0,14.0,2202,1677,1887,2478,0.76
Razer,Basic,Intel,2,1.8,Intel,Intel UHD,4,128.0,14.0,363,419,397,312,1.27
Acer,Student,Intel,4,2.4,Intel,Intel UHD,8,256.0,14.0,958,1435,1244,818,1.52
HP,Professional,Intel,12,2.6,NVIDIA,NVIDIA GeForce,32,1024.0,14.0,3162,1487,2157,781,2.76
MSI,Gaming,AMD,16,3.1,AMD,AMD Radeon,32,1024.0,17.3,4899,6118,5630,1648,3.42
ASUS,Gaming,Intel,8,4.9,AMD,AMD Radeon,16,2048.0,14.0,3918,14950,10537,1945,5.42
ASUS,Student,Intel,4,2.6,AMD,AMD Radeon,16,256.0,15.6,1032,1221,1146,807,1.42
Lenovo,Student,Intel,6,3.4,Intel,Intel Iris Xe,16,512.0,14.0,2024,1167,1510,939,1.61
Razer,Student,AMD,4,3.0,Intel,Intel UHD,8,512.0,14.0,1213,1273,1249,834,1.5
Acer,Student,Intel,4,3.1,Intel,Intel Iris Xe,16,512.0,17.3,1233,1321,1285,629,2.04
MSI,Basic,Intel,2,1.9,Intel,Intel UHD,4,128.0,15.6,386,461,431,171,2.52
Dell,Professional,Intel,12,2.8,NVIDIA,NVIDIA GeForce,16,512.0,16.0,3406,2416,2812,1301,2.16
HP,Professional,AMD,8,2.7,AMD,AMD Radeon,16,1024.0,16.0,2176,1221,1603,1572,1.02
Razer,Student,Intel,4,3.2,AMD,AMD Radeon,8,256.0,16.0,1273,1449,1378,841,1.64
HP,Student,Intel,4,2.8,Intel,Intel Iris Xe,8,256.0,13.3,1112,1057,1079,685,1.58
Razer,Gaming,Intel,8,3.3,NVIDIA,NVIDIA GeForce,32,2048.0,16.0,2626,11009,7656,3043,2.52
HP,Student,AMD,4,2.6,AMD,AMD Radeon,8,256.0,15.6,1060,953,996,642,1.55
Dell,Student,AMD,6,3.2,Intel,Intel Iris Xe,8,512.0,14.0,1945,772,1241,521,2.38
HP,Basic,AMD,2,1.7,Intel,Intel Iris Xe,8,128.0,16.0,346,224,273,331,0.82
HP,Student,Intel,4,3.4,Intel,Intel Iris Xe,8,256.0,15.6,1351,531,859,543,1.58
ASUS,Student,AMD,4,2.2,AMD,AMD Radeon,8,512.0,17.3,865,822,839,651,1.29
MSI,Professional,AMD,12,4.2,NVIDIA,NVIDIA GeForce,32,1024.0,15.6,5000,1418,2851,1107,2.58
Lenovo,Gaming,Intel,8,5.2,AMD,AMD Radeon,32,512.0,14.0,4156,6066,5302,3126,1.7
ASUS,Professional,AMD,8,3.6,NVIDIA,NVIDIA GeForce,16,1024.0,16.0,2850,3475,3225,1909,1.69
HP,Professional,Intel,8,3.5,AMD,AMD Radeon,32,512.0,17.3,2777,1324,1905,2417,0.79
Dell,Student,Intel,4,3.4,AMD,AMD Radeon,8,256.0,14.0,1347,704,961,826,1.16
Lenovo,Professional,Intel,6,3.3,NVIDIA,NVIDIA GeForce,16,1024.0,15.6,1983,1548,1722,2395,0.72
Acer,Gaming,AMD,8,4.5,AMD,AMD Radeon,32,1024.0,16.0,3588,7132,5715,1287,4.44
MSI,Basic,Intel,2,2.4,AMD,AMD Radeon,8,128.0,17.3,481,442,457,510,0.9
MSI,Professional,AMD,8,2.9,NVIDIA,NVIDIA GeForce,16,1024.0,15.6,2333,2536,2455,1854,1.32
Razer,Student,AMD,6,3.2,Intel,Intel Iris Xe,16,256.0,15.6,1902,858,1276,484,2.64
Lenovo,Basic,AMD,4,2.2,Intel,Intel UHD,4,128.0,15.6,863,337,547,490,1.12
ASUS,Student,Intel,6,3.3,AMD,AMD Radeon,8,256.0,13.3,1984,675,1198,464,2.58
ASUS,Student,AMD,6,2.6,AMD,AMD Radeon,8,512.0,15.6,1556,1439,1486,693,2.14
Lenovo,Student,Intel,4,2.8,Intel,Intel UHD,8,256.0,16.0,1114,1115,1115,862,1.29
Lenovo,Professional,Intel,8,4.5,AMD,AMD Radeon,16,512.0,13.3,3582,2784,3103,2449,1.27
Razer,Basic,Intel,2,2.0,Intel,Intel Iris Xe,8,256.0,13.3,395,569,499,286,1.74
Dell,Student,AMD,4,3.1,Intel,Intel UHD,8,256.0,17.3,1256,681,911,667,1.37
Acer,Professional,Intel,8,4.0,NVIDIA,NVIDIA GeForce,16,1024.0,16.0,3230,3824,3586,1813,1.98
Lenovo,Gaming,AMD,8,3.2,AMD,AMD Radeon,16,2048.0,16.0,2547,8002,5820,2531,2.3
Lenovo,Student,Intel,4,3.0,AMD,AMD Radeon,8,256.0,16.0,1181,523,786,719,1.09
ASUS,Basic,Intel,2,2.0,AMD,AMD Radeon,4,256.0,14.0,405,525,477,247,1.93
HP,Basic,Intel,2,2.1,AMD,AMD Radeon,4,128.0,14.0,411,726,600,334,1.8
HP,Gaming,Intel,16,4.6,AMD,AMD Radeon,32,1024.0,13.3,7409,11269,9725,1164,8.35
ASUS,Gaming,Intel,12,4.2,NVIDIA,NVIDIA GeForce,32,512.0,17.3,5096,7915,6787,3393,2.0
Acer,Gaming,Intel,12,4.5,NVIDIA,NVIDIA GeForce,16,512.0,13.3,5395,12214,9486,3566,2.66
Lenovo,Student,Intel,4,2.7,Intel,Intel UHD,8,512.0,13.3,1061,1468,1305,783,1.67
Dell,Professional,Intel,8,3.0,NVIDIA,NVIDIA RTX,32,512.0,16.0,2425,1383,1800,1546,1.16
Lenovo,Professional,Intel,8,2.8,AMD,AMD Radeon,16,1024.0,13.3,2255,1332,1701,2286,0.74
Lenovo,Gaming,Intel,8,4.6,NVIDIA,NVIDIA RTX,32,2048.0,13.3,3660,13990,9858,2454,4.02
ASUS,Professional,Intel,6,3.2,NVIDIA,NVIDIA RTX,16,512.0,14.0,1923,1107,1433,2407,0.6
Lenovo,Professional,Intel,8,4.0,AMD,AMD Radeon,16,512.0,13.3,3172,1081,1918,2500,0.77
Razer,Basic,Intel,4,2.6,AMD,AMD Radeon,4,128.0,15.6,1029,461,688,305,2.26
Dell,Student,Intel,6,2.1,Intel,Intel UHD,8,512.0,16.0,1230,1481,1381,487,2.84
Dell,Student,AMD,4,2.2,Intel,Intel UHD,16,256.0,14.0,880,904,894,629,1.42
Lenovo,Professional,Intel,8,2.7,AMD,AMD Radeon,16,512.0,17.3,2158,2559,2399,1125,2.13
ASUS,Basic,Intel,4,1.8,AMD,AMD Radeon,4,256.0,16.0,737,459,570,288,1.98
Acer,Professional,Intel,6,4.0,AMD,AMD Radeon,32,512.0,15.6,2377,1604,1913,2313,0.83
HP,Professional,Intel,6,3.7,NVIDIA,NVIDIA GeForce,16,1024.0,15.6,2234,3137,2776,923,3.01
ASUS,Basic,Intel,2,2.3,Intel,Intel Iris Xe,4,256.0,16.0,454,535,503,446,1.13
Dell,Student,Intel,4,3.3,AMD,AMD Radeon,16,512.0,16.0,1319,840,1031,649,1.59
Dell,Student,Intel,4,2.3,AMD,AMD Radeon,8,256.0,14.0,914,825,860,768,1.12
HP,Professional,Intel,8,4.3,NVIDIA,NVIDIA GeForce,16,1024.0,15.6,3456,3526,3498,1680,2.08
ASUS,Basic,Intel,2,1.8,AMD,AMD Radeon,8,256.0,16.0,358,713,571,212,2.69
HP,Basic,AMD,2,2.5,Intel,Intel UHD,8,128.0,15.6,496,420,450,341,1.32
ASUS,Student,AMD,6,2.6,Intel,Intel UHD,8,256.0,14.0,1547,727,1055,481,2.19
Apple,Gaming,Intel,16,4.3,NVIDIA,NVIDIA RTX,32,1024.0,15.6,6824,6325,6524,3575,1.82
HP,Student,AMD,6,2.4,AMD,AMD Radeon,8,256.0,17.3,1463,807,1070,1004,1.07
Razer,Professional,Intel,8,3.7,NVIDIA,NVIDIA RTX,16,512.0,15.6,2989,1549,2125,1249,1.7
Lenovo,Gaming,AMD,8,5.0,NVIDIA,NVIDIA GeForce,32,512.0,13.3,3981,7985,6383,3464,1.84
Apple,Gaming,Intel,8,3.4,NVIDIA,NVIDIA RTX,16,1024.0,17.3,2724,13577,9236,3115,2.97
Acer,Basic,AMD,2,1.7,Intel,Intel UHD,4,128.0,15.6,332,631,511,424,1.21
Dell,Gaming,AMD,12,4.6,NVIDIA,NVIDIA RTX,16,1024.0,15.6,5491,8031,7015,2458,2.85
Lenovo,Professional,Intel,6,3.5,AMD,AMD Radeon,16,512.0,17.3,2114,1422,1699,1516,1.12
HP,Basic,Intel,2,2.3,AMD,AMD Radeon,4,256.0,13.3,460,572,527,319,1.65
Razer,Basic,AMD,4,1.9,Intel,Intel UHD,4,256.0,16.0,757,524,617,325,1.9
Razer,Gaming,AMD,8,4.1,AMD,AMD Radeon,32,1024.0,15.6,3249,11408,8145,3353,2.43
HP,Professional,AMD,8,2.9,NVIDIA,NVIDIA RTX,16,512.0,15.6,2287,1868,2035,1903,1.07
HP,Basic,AMD,2,2.1,Intel,Intel Iris Xe,8,128.0,14.0,428,725,606,363,1.67
Apple,Student,AMD,4,2.1,AMD,AMD Radeon,8,256.0,15.6,843,762,794,456,1.74
HP,Student,AMD,4,3.4,Intel,Intel Iris Xe,8,256.0,15.6,1348,1480,1427,741,1.93
HP,Professional,Intel,8,4.0,AMD,AMD Radeon,16,1024.0,13.3,3233,3335,3295,1721,1.91
Lenovo,Professional,Intel,8,3.8,AMD,AMD Radeon,16,512.0,17.3,3005,3955,3575,1203,2.97
Lenovo,Professional,Intel,6,4.5,NVIDIA,NVIDIA GeForce,16,512.0,14.0,2690,1720,2108,1520,1.39
HP,Student,Intel,6,3.1,AMD,AMD Radeon,16,256.0,15.6,1833,1222,1466,704,2.08
HP,Professional,Intel,12,3.3,NVIDIA,NVIDIA GeForce,16,512.0,16.0,4002,2946,3369,1287,2.62
Lenovo,Gaming,AMD,12,4.0,NVIDIA,NVIDIA GeForce,32,2048.0,16.0,4783,9550,7643,1069,7.15
ASUS,Gaming,AMD,12,5.2,AMD,AMD Radeon,32,512.0,17.3,6219,7089,6741,3343,2.02
Dell,Professional,Intel,6,4.3,AMD,AMD Radeon,32,1024.0,14.0,2599,3695,3257,1615,2.02
Acer,Basic,Intel,2,1.7,Intel,Intel Iris Xe,8,256.0,15.6,332,408,377,353,1.07
Lenovo,Basic,Intel,2,2.3,Intel,Intel UHD,8,256.0,13.3,455,289,355,369,0.96
Lenovo,Professional,Intel,6,2.7,NVIDIA,NVIDIA RTX,32,1024.0,13.3,1640,1936,1818,2153,0.84
MSI,Professional,Intel,6,3.2,AMD,AMD Radeon,16,512.0,17.3,1900,2755,2413,1585,1.52
Apple,Professional,Intel,6,4.4,AMD,AMD Radeon,16,512.0,13.3,2647,2710,2685,1280,2.1
MSI,Professional,AMD,8,2.9,AMD,AMD Radeon,32,1024.0,13.3,2349,2017,2150,1387,1.55
Apple,Basic,Intel,2,2.4,AMD,AMD Radeon,4,256.0,13.3,475,788,663,421,1.57
Lenovo,Professional,AMD,6,3.9,NVIDIA,NVIDIA GeForce,16,1024.0,17.3,2356,2531,2461,1345,1.83
Dell,Gaming,Intel,12,3.1,AMD,AMD Radeon,16,2048.0,15.6,3720,9552,7219,2594,2.78
MSI,Basic,AMD,2,2.4,Intel,Intel Iris Xe,4,256.0,16.0,486,589,548,273,2.01
ASUS,Professional,Intel,8,4.5,NVIDIA,NVIDIA RTX,16,1024.0,15.6,3573,3143,3315,2169,1.53
Dell,Professional,Intel,12,4.2,NVIDIA,NVIDIA RTX,32,1024.0,15.6,5031,2533,3532,2341,1.51
Acer,Basic,AMD,4,2.5,AMD,AMD Radeon,4,128.0,16.0,1018,620,779,439,1.77
Acer,Student,Intel,4,3.5,Intel,Intel UHD,8,256.0,15.6,1382,1129,1230,659,1.87
Apple,Gaming,Intel,12,3.2,NVIDIA,NVIDIA GeForce,32,512.0,15.6,3785,11739,8558,2213,3.87
HP,Gaming,Intel,12,5.4,NVIDIA,NVIDIA GeForce,32,512.0,14.0,6477,11894,9727,1592,6.11
ASUS,Basic,Intel,4,2.2,Intel,Intel Iris Xe,4,256.0,15.6,890,583,706,226,3.12
Dell,Professional,AMD,8,3.4,NVIDIA,NVIDIA GeForce,16,1024.0,14.0,2747,2312,2486,954,2.61
Acer,Professional,Intel,12,3.3,NVIDIA,NVIDIA RTX,16,1024.0,15.6,3904,1142,2247,1245,1.8
Acer,Student,Intel,4,3.2,Intel,Intel Iris Xe,8,512.0,14.0,1289,574,860,470,1.83
HP,Student,Intel,4,2.6,Intel,Intel UHD,8,256.0,17.3,1038,809,901,714,1.26
ASUS,Gaming,Intel,8,4.0,NVIDIA,NVIDIA RTX,16,2048.0,15.6,3185,10382,7504,3859,1.94
HP,Student,AMD,6,2.5,Intel,Intel UHD,8,256.0,17.3,1488,787,1067,600,1.78
Apple,Professional,Intel,8,3.5,AMD,AMD Radeon,32,512.0,15.6,2784,1259,1869,2091,0.89
MSI,Student,Intel,4,3.2,Intel,Intel Iris Xe,8,256.0,16.0,1298,983,1109,716,1.55
ASUS,Gaming,Intel,8,4.7,AMD,AMD Radeon,32,1024.0,15.6,3752,12285,8872,1037,8.56
Lenovo,Professional,AMD,6,3.1,NVIDIA,NVIDIA RTX,16,512.0,13.3,1879,3735,2992,2150,1.39
Razer,Basic,AMD,2,2.4,Intel,Intel Iris Xe,8,512.0,17.3,471,473,472,484,0.98
HP,Basic,Intel,2,2.4,AMD,AMD Radeon,4,256.0,17.3,470,531,507,486,1.04
MSI,Professional,AMD,8,3.4,NVIDIA,NVIDIA RTX,16,512.0,14.0,2701,1832,2180,1654,1.32
ASUS,Student,Intel,6,2.7,AMD,AMD Radeon,8,512.0,14.0,1611,732,1083,498,2.17
Lenovo,Professional,Intel,12,3.1,AMD,AMD Radeon,32,512.0,14.0,3777,3174,3416,1932,1.77
HP,Basic,Intel,2,2.3,Intel,Intel Iris Xe,8,128.0,16.0,465,730,624,228,2.74
Lenovo,Basic,Intel,2,2.1,Intel,Intel Iris Xe,4,128.0,16.0,417,522,480,446,1.08
Acer,Student,Intel,4,2.2,AMD,AMD Radeon,8,256.0,17.3,890,893,892,643,1.39
ASUS,Student,Intel,4,3.1,Intel,Intel Iris Xe,16,256.0,16.0,1259,1028,1120,645,1.74
Razer,Basic,Intel,2,2.2,Intel,Intel UHD,4,128.0,16.0,446,459,454,455,1.0
Acer,Basic,Intel,4,1.9,AMD,AMD Radeon,8,128.0,17.3,774,434,570,298,1.91
HP,Student,Intel,6,2.0,AMD,AMD Radeon,16,512.0,13.3,1209,1486,1375,781,1.76
Acer,Professional,Intel,6,3.5,NVIDIA,NVIDIA RTX,16,512.0,14.0,2107,3928,3199,1803,1.77
ASUS,Basic,Intel,2,2.7,Intel,Intel UHD,4,128.0,17.3,548,500,519,386,1.34
Dell,Basic,Intel,2,1.7,AMD,AMD Radeon,4,256.0,15.6,343,259,293,321,0.91
Lenovo,Basic,Intel,2,2.7,AMD,AMD Radeon,4,128.0,17.3,542,576,562,244,2.3
HP,Student,Intel,6,2.4,AMD,AMD Radeon,8,512.0,16.0,1422,513,876,869,1.01
HP,Student,Intel,4,3.0,AMD,AMD Radeon,16,512.0,14.0,1220,1143,1173,570,2.06
Apple,Gaming,Intel,12,4.2,AMD,AMD Radeon,32,512.0,15.6,5014,7351,6416,2974,2.16
Dell,Student,Intel,4,2.6,Intel,Intel UHD,8,256.0,14.0,1041,541,741,648,1.14
Dell,Professional,Intel,6,4.2,AMD,AMD Radeon,32,512.0,13.3,2521,2871,2731,1731,1.58
Razer,Professional,Intel,12,2.6,AMD,AMD Radeon,32,512.0,17.3,3177,3038,3094,1912,1.62
Dell,Basic,AMD,2,1.6,Intel,Intel UHD,4,256.0,16.0,325,622,503,314,1.6
Lenovo,Professional,Intel,8,3.9,AMD,AMD Radeon,32,512.0,15.6,3146,3280,3226,1207,2.67
HP,Student,Intel,4,3.5,AMD,AMD Radeon,16,256.0,15.6,1399,977,1146,524,2.19
Apple,Student,Intel,4,2.2,Intel,Intel UHD,16,256.0,13.3,888,1181,1064,849,1.25
HP,Basic,Intel,2,2.6,AMD,AMD Radeon,4,128.0,13.3,512,659,600,466,1.29
ASUS,Professional,Intel,12,2.8,NVIDIA,NVIDIA GeForce,32,512.0,13.3,3360,3779,3611,1393,2.59
HP,Basic,Intel,2,2.1,Intel,Intel UHD,4,128.0,13.3,424,765,628,353,1.78
Dell,Student,Intel,4,2.5,Intel,Intel Iris Xe,16,256.0,15.6,984,661,790,853,0.93
HP,Gaming,Intel,8,3.9,AMD,AMD Radeon,32,1024.0,15.6,3108,12549,8773,3344,2.62
Lenovo,Gaming,AMD,8,4.5,AMD,AMD Radeon,32,1024.0,15.6,3637,5958,5030,3377,1.49
ASUS,Student,Intel,4,2.9,Intel,Intel UHD,16,256.0,15.6,1176,1317,1261,518,2.43
HP,Professional,Intel,8,2.7,AMD,AMD Radeon,32,1024.0,15.6,2177,3764,3129,1836,1.7
HP,Professional,Intel,8,3.9,AMD,AMD Radeon,16,512.0,14.0,3084,1100,1893,2308,0.82
Dell,Professional,Intel,8,4.3,AMD,AMD Radeon,16,512.0,13.3,3430,2882,3101,1484,2.09
Lenovo,Gaming,Intel,12,5.1,AMD,AMD Radeon,32,1024.0,13.3,6178,13453,10543,3229,3.27
Dell,Basic,AMD,4,1.7,Intel,Intel UHD,4,128.0,15.6,669,474,552,396,1.39
Dell,Professional,AMD,12,2.5,NVIDIA,NVIDIA GeForce,16,512.0,16.0,3014,3934,3566,1933,1.84
Lenovo,Student,AMD,4,3.3,Intel,Intel Iris Xe,8,512.0,15.6,1337,908,1080,846,1.28
Dell,Gaming,Intel,8,4.9,AMD,AMD Radeon,16,512.0,17.3,3940,7557,6110,3890,1.57
HP,Gaming,Intel,12,5.1,NVIDIA,NVIDIA GeForce,16,512.0,15.6,6128,7468,6932,3984,1.74
HP,Professional,AMD,6,4.4,AMD,AMD Radeon,32,512.0,15.6,2628,1647,2040,2038,1.0
Dell,Student,Intel,6,3.1,AMD,AMD Radeon,8,512.0,16.0,1841,1267,1496,928,1.61
Razer,Basic,Intel,4,2.6,Intel,Intel UHD,8,128.0,15.6,1028,245,558,370,1.51
Dell,Basic,Intel,4,2.7,Intel,Intel Iris Xe,4,256.0,15.6,1097,733,879,219,4.01
Lenovo,Basic,AMD,4,2.7,Intel,Intel UHD,4,128.0,15.6,1086,605,798,193,4.13
HP,Basic,Intel,4,2.5,Intel,Intel UHD,4,128.0,13.3,993,290,571,343,1.66
HP,Professional,Intel,6,2.9,NVIDIA,NVIDIA GeForce,32,512.0,16.0,1761,3957,3079,1711,1.8
ASUS,Basic,AMD,2,2.7,AMD,AMD Radeon,4,256.0,15.6,548,254,371,346,1.07
HP,Basic,AMD,2,1.9,AMD,AMD Radeon,4,128.0,16.0,386,519,466,214,2.18
Dell,Basic,Intel,4,1.9,Intel,Intel UHD,4,256.0,14.0,771,454,581,361,1.61
Dell,Student,Intel,4,3.4,Intel,Intel Iris Xe,16,256.0,13.3,1375,915,1099,800,1.37
Dell,Student,Intel,6,3.4,Intel,Intel UHD,8,256.0,13.3,2042,611,1183,683,1.73
Dell,Student,Intel,4,2.2,Intel,Intel Iris Xe,8,512.0,13.3,873,940,913,660,1.38
Dell,Professional,AMD,8,3.8,AMD,AMD Radeon,16,512.0,15.6,3078,3637,3414,1931,1.77
Lenovo,Basic,Intel,2,1.9,Intel,Intel Iris Xe,4,128.0,13.3,383,641,538,473,1.14
Lenovo,Student,Intel,4,2.4,Intel,Intel UHD,8,512.0,16.0,965,543,712,664,1.07
Lenovo,Basic,Intel,2,2.4,AMD,AMD Radeon,4,512.0,15.6,477,781,659,450,1.46
HP,Professional,Intel,8,3.7,AMD,AMD Radeon,16,512.0,16.0,2953,2601,2742,2170,1.26
Razer,Professional,Intel,12,3.5,NVIDIA,NVIDIA GeForce,16,1024.0,14.0,4148,2853,3371,1970,1.71
ASUS,Professional,Intel,8,2.7,AMD,AMD Radeon,16,512.0,15.6,2133,3557,2987,2052,1.46
Apple,Professional,Intel,6,2.7,NVIDIA,NVIDIA GeForce,32,1024.0,15.6,1613,3622,2818,1893,1.49
ASUS,Gaming,AMD,8,4.6,AMD,AMD Radeon,16,512.0,14.0,3686,9768,7336,2874,2.55
Acer,Student,AMD,4,2.5,AMD,AMD Radeon,8,256.0,14.0,987,654,787,858,0.92
Dell,Professional,Intel,8,3.5,AMD,AMD Radeon,16,1024.0,15.6,2803,2276,2487,1616,1.54
HP,Student,Intel,6,2.6,Intel,Intel Iris Xe,16,512.0,15.6,1547,795,1096,789,1.39
Lenovo,Professional,Intel,12,3.5,AMD,AMD Radeon,32,1024.0,15.6,4189,2729,3313,2345,1.41
Lenovo,Professional,AMD,12,3.1,AMD,AMD Radeon,16,1024.0,15.6,3673,1358,2284,788,2.9
ASUS,Student,AMD,6,2.5,AMD,AMD Radeon,8,256.0,14.0,1476,1491,1485,427,3.48
Razer,Gaming,AMD,12,4.8,NVIDIA,NVIDIA GeForce,32,2048.0,15.6,5702,6820,6373,2395,2.66
Dell,Basic,AMD,2,2.3,AMD,AMD Radeon,4,256.0,15.6,466,380,414,316,1.31
ASUS,Professional,AMD,12,4.1,NVIDIA,NVIDIA RTX,16,1024.0,15.6,4969,1864,3106,900,3.45
Lenovo,Basic,Intel,4,2.0,AMD,AMD Radeon,4,256.0,15.6,810,575,669,440,1.52
HP,Gaming,Intel,12,3.4,AMD,AMD Radeon,16,512.0,15.6,4119,8072,6491,1807,3.59
ASUS,Basic,Intel,2,2.8,AMD,AMD Radeon,8,128.0,13.3,558,696,641,446,1.44
Dell,Student,Intel,4,3.1,Intel,Intel UHD,8,256.0,14.0,1232,1262,1250,813,1.54
Lenovo,Student,Intel,4,3.2,Intel,Intel Iris Xe,8,256.0,16.0,1280,1224,1246,505,2.47
Razer,Student,Intel,6,2.8,AMD,AMD Radeon,16,512.0,14.0,1698,962,1256,744,1.69
Acer,Student,Intel,6,2.8,Intel,Intel UHD,8,256.0,15.6,1672,1255,1422,805,1.77
ASUS,Basic,Intel,2,2.4,Intel,Intel UHD,4,256.0,14.0,477,283,361,276,1.31
ASUS,Gaming,Intel,12,4.7,NVIDIA,NVIDIA GeForce,32,1024.0,15.6,5662,10620,8637,3190,2.71
Dell,Student,Intel,4,2.5,AMD,AMD Radeon,8,256.0,13.3,987,627,771,474,1.63
Dell,Gaming,AMD,12,3.1,NVIDIA,NVIDIA RTX,16,1024.0,15.6,3721,14972,10471,3674,2.85
Lenovo,Basic,Intel,4,2.8,Intel,Intel UHD,8,256.0,15.6,1109,418,694,323,2.15
MSI,Student,Intel,6,2.5,AMD,AMD Radeon,16,512.0,13.3,1503,1279,1369,427,3.21
Dell,Student,AMD,4,2.8,Intel,Intel UHD,16,256.0,15.6,1102,831,939,775,1.21
Razer,Basic,Intel,2,2.5,AMD,AMD Radeon,4,128.0,14.0,496,591,553,341,1.62
Acer,Professional,Intel,8,2.6,NVIDIA,NVIDIA RTX,32,512.0,13.3,2091,3410,2882,1707,1.69
ASUS,Student,AMD,6,3.1,AMD,AMD Radeon,8,256.0,14.0,1845,515,1047,704,1.49
Dell,Gaming,Intel,16,3.5,NVIDIA,NVIDIA RTX,32,1024.0,16.0,5534,5672,5617,1406,4.0
ASUS,Basic,Intel,2,1.9,AMD,AMD Radeon,8,128.0,16.0,375,618,521,224,2.33
Acer,Basic,Intel,2,2.6,AMD,AMD Radeon,4,128.0,13.3,511,574,549,197,2.79
Dell,Basic,Intel,2,2.0,AMD,AMD Radeon,4,128.0,15.6,391,256,310,273,1.14
Lenovo,Student,Intel,4,2.6,AMD,AMD Radeon,8,512.0,14.0,1059,1268,1185,564,2.1
ASUS,Student,Intel,4,2.9,AMD,AMD Radeon,8,512.0,13.3,1179,832,971,819,1.19
Acer,Basic,Intel,4,1.9,Intel,Intel Iris Xe,4,512.0,15.6,743,477,583,271,2.15
MSI,Professional,AMD,6,3.4,NVIDIA,NVIDIA RTX,32,512.0,15.6,2014,3629,2983,2269,1.31
HP,Student,Intel,4,3.3,Intel,Intel UHD,8,512.0,13.3,1332,971,1115,554,2.01
Razer,Student,AMD,6,3.0,Intel,Intel UHD,8,512.0,13.3,1786,1004,1317,692,1.9
Dell,Basic,AMD,4,2.7,AMD,AMD Radeon,8,512.0,17.3,1073,721,862,524,1.65
HP,Gaming,Intel,8,3.5,NVIDIA,NVIDIA GeForce,32,512.0,15.6,2826,6018,4741,1846,2.57
Dell,Basic,AMD,2,2.3,Intel,Intel UHD,4,256.0,14.0,464,513,493,439,1.12
Dell,Basic,Intel,2,2.3,Intel,Intel UHD,8,128.0,16.0,454,529,499,204,2.45
ASUS,Professional,Intel,8,4.2,NVIDIA,NVIDIA RTX,32,512.0,14.0,3336,2051,2565,1831,1.4
Lenovo,Student,Intel,4,2.9,Intel,Intel UHD,8,512.0,15.6,1170,963,1046,572,1.83
Razer,Basic,Intel,2,2.0,Intel,Intel Iris Xe,4,128.0,15.6,403,643,547,284,1.93
Dell,Gaming,AMD,8,5.3,NVIDIA,NVIDIA RTX,16,1024.0,13.3,4261,6867,5825,1336,4.36
HP,Student,Intel,4,3.0,Intel,Intel Iris Xe,8,256.0,16.0,1194,968,1058,800,1.32
HP,Basic,Intel,2,1.8,AMD,AMD Radeon,4,256.0,15.6,368,563,485,377,1.29
Apple,Basic,Intel,4,2.8,Intel,Intel Iris Xe,8,128.0,13.3,1108,530,761,337,2.26
HP,Professional,Intel,6,3.0,AMD,AMD Radeon,16,1024.0,17.3,1789,3072,2559,1763,1.45
HP,Student,Intel,4,2.7,Intel,Intel Iris Xe,8,256.0,13.3,1082,612,800,479,1.67
Lenovo,Professional,AMD,8,4.5,NVIDIA,NVIDIA RTX,16,512.0,15.6,3562,3368,3445,2091,1.65
HP,Student,AMD,6,3.4,AMD,AMD Radeon,8,256.0,15.6,2070,1398,1666,500,3.33
Acer,Gaming,Intel,16,3.2,AMD,AMD Radeon,16,2048.0,15.6,5152,13221,9993,1644,6.08
HP,Gaming,AMD,8,3.7,NVIDIA,NVIDIA RTX,16,512.0,14.0,2921,5245,4316,2149,2.01
ASUS,Basic,Intel,2,2.6,Intel,Intel UHD,4,256.0,16.0,526,223,344,355,0.97
Lenovo,Gaming,Intel,12,4.3,NVIDIA,NVIDIA RTX,16,2048.0,16.0,5164,6227,5802,2429,2.39
ASUS,Basic,AMD,2,1.7,AMD,AMD Radeon,4,256.0,14.0,344,401,378,345,1.1
HP,Professional,Intel,8,3.8,AMD,AMD Radeon,32,1024.0,15.6,3074,2179,2537,1990,1.27
HP,Student,AMD,6,3.1,Intel,Intel UHD,8,256.0,15.6,1863,759,1200,844,1.42
Apple,Student,Intel,4,3.5,Intel,Intel Iris Xe,16,512.0,15.6,1389,939,1119,516,2.17
ASUS,Professional,Intel,6,4.1,NVIDIA,NVIDIA GeForce,16,512.0,15.6,2437,3012,2782,2434,1.14
Apple,Student,Intel,6,2.2,Intel,Intel UHD,16,256.0,16.0,1295,671,921,574,1.6
ASUS,Student,AMD,6,2.4,Intel,Intel UHD,16,512.0,15.6,1428,1170,1274,890,1.43
Apple,Student,Intel,4,2.5,AMD,AMD Radeon,8,512.0,16.0,1016,672,809,847,0.96
ASUS,Student,Intel,4,2.5,Intel,Intel Iris Xe,16,256.0,15.6,1011,1173,1108,886,1.25
ASUS,Student,AMD,6,2.3,AMD,AMD Radeon,16,512.0,15.6,1408,697,981,751,1.31
Dell,Student,Intel,6,3.4,AMD,AMD Radeon,8,256.0,15.6,2021,662,1206,633,1.91
Lenovo,Student,Intel,6,2.8,Intel,Intel Iris Xe,8,256.0,13.3,1708,656,1077,727,1.48
HP,Gaming,AMD,12,4.7,AMD,AMD Radeon,16,512.0,14.0,5631,6433,6112,2881,2.12
Lenovo,Student,Intel,6,3.3,Intel,Intel UHD,8,256.0,16.0,1989,570,1138,880,1.29
Lenovo,Professional,AMD,12,2.9,NVIDIA,NVIDIA GeForce,16,1024.0,17.3,3429,2114,2640,855,3.09
MSI,Student,Intel,6,3.3,AMD,AMD Radeon,8,256.0,14.0,1985,775,1259,654,1.93
Lenovo,Student,Intel,6,2.7,Intel,Intel UHD,16,512.0,14.0,1602,1431,1499,629,2.38
Lenovo,Student,Intel,6,3.4,AMD,AMD Radeon,16,512.0,16.0,2045,1324,1612,741,2.18
Dell,Student,Intel,4,3.4,Intel,Intel Iris Xe,8,512.0,14.0,1351,918,1091,630,1.73
Dell,Student,Intel,6,2.3,AMD,AMD Radeon,16,256.0,15.6,1376,875,1076,553,1.95
Dell,Professional,Intel,6,2.9,AMD,AMD Radeon,32,1024.0,13.3,1759,3803,2985,2165,1.38
Lenovo,Basic,Intel,4,1.8,AMD,AMD Radeon,4,256.0,14.0,703,533,601,552,1.09
HP,Professional,AMD,8,4.2,AMD,AMD Radeon,16,512.0,14.0,3322,1889,2462,1046,2.35
HP,Student,Intel,6,2.6,AMD,AMD Radeon,8,256.0,16.0,1548,659,1015,584,1.74
HP,Professional,Intel,6,3.0,NVIDIA,NVIDIA RTX,32,512.0,14.0,1800,2635,2301,2249,1.02
ASUS,Student,AMD,4,2.3,Intel,Intel UHD,16,512.0,14.0,920,525,683,403,1.69
Lenovo,Basic,AMD,4,2.8,AMD,AMD Radeon,4,256.0,13.3,1101,284,611,365,1.67
Acer,Professional,Intel,8,4.4,AMD,AMD Radeon,16,1024.0,14.0,3484,3523,3507,2379,1.47
Lenovo,Gaming,Intel,12,3.1,NVIDIA,NVIDIA RTX,32,512.0,14.0,3764,14583,10256,3244,3.16
Lenovo,Professional,AMD,12,3.4,AMD,AMD Radeon,16,512.0,15.6,4063,3799,3904,1005,3.88
HP,Gaming,AMD,12,4.4,NVIDIA,NVIDIA RTX,16,512.0,15.6,5303,8480,7209,2113,3.41
ASUS,Student,Intel,4,2.3,Intel,Intel Iris Xe,8,256.0,14.0,932,1419,1224,587,2.09
Lenovo,Basic,Intel,2,2.1,Intel,Intel UHD,4,128.0,13.3,429,390,406,320,1.27
Acer,Student,Intel,4,2.9,AMD,AMD Radeon,16,512.0,15.6,1153,544,788,741,1.06
Lenovo,Professional,AMD,6,3.2,AMD,AMD Radeon,16,1024.0,15.6,1932,3006,2576,1657,1.55
HP,Gaming,Intel,8,4.1,NVIDIA,NVIDIA RTX,16,1024.0,16.0,3255,13989,9695,1703,5.69
Dell,Student,Intel,4,3.3,AMD,AMD Radeon,16,512.0,15.6,1335,660,930,385,2.42
Dell,Professional,Intel,8,4.1,NVIDIA,NVIDIA GeForce,32,1024.0,13.3,3290,1764,2374,1967,1.21
Acer,Gaming,Intel,12,3.5,AMD,AMD Radeon,16,512.0,13.3,4182,6642,5658,2824,2.0
Lenovo,Professional,Intel,6,3.8,NVIDIA,NVIDIA RTX,32,512.0,16.0,2281,3728,3149,1882,1.67
Dell,Student,Intel,4,3.1,Intel,Intel Iris Xe,16,256.0,14.0,1223,983,1079,843,1.28
Lenovo,Student,Intel,4,3.4,AMD,AMD Radeon,8,256.0,15.6,1356,1078,1190,682,1.74
ASUS,Gaming,AMD,8,4.8,NVIDIA,NVIDIA RTX,16,512.0,13.3,3821,7846,6236,1662,3.75
Lenovo,Professional,Intel,6,3.5,NVIDIA,NVIDIA RTX,32,1024.0,14.0,2076,1508,1735,1707,1.02
Acer,Student,Intel,4,3.0,Intel,Intel Iris Xe,16,512.0,13.3,1211,761,941,749,1.26
MSI,Basic,Intel,2,2.4,AMD,AMD Radeon,4,256.0,13.3,478,425,446,444,1.0
Lenovo,Professional,Intel,6,4.1,AMD,AMD Radeon,32,1024.0,15.6,2462,1496,1883,1956,0.96
HP,Student,AMD,6,2.8,Intel,Intel UHD,8,256.0,13.3,1667,1135,1348,770,1.75
ASUS,Gaming,AMD,12,5.0,AMD,AMD Radeon,16,512.0,15.6,5949,9543,8105,3375,2.4
Dell,Student,Intel,6,2.9,AMD,AMD Radeon,16,256.0,17.3,1745,955,1271,865,1.47
Razer,Student,Intel,6,2.1,Intel,Intel Iris Xe,8,512.0,17.3,1254,922,1055,742,1.42
Dell,Gaming,Intel,8,4.6,NVIDIA,NVIDIA RTX,16,512.0,15.6,3691,14092,9932,3757,2.64
ASUS,Student,AMD,4,2.7,Intel,Intel UHD,16,256.0,15.6,1095,1095,1095,429,2.55
ASUS,Gaming,AMD,8,4.0,NVIDIA,NVIDIA GeForce,16,1024.0,17.3,3220,11104,7950,2432,3.27
Dell,Gaming,Intel,12,4.1,AMD,AMD Radeon,16,1024.0,13.3,4916,10817,8457,3557,2.38
ASUS,Basic,Intel,2,1.8,Intel,Intel Iris Xe,8,128.0,15.6,365,772,609,276,2.21
Acer,Student,AMD,4,3.2,AMD,AMD Radeon,16,512.0,14.0,1283,944,1080,572,1.89
ASUS,Student,AMD,4,2.1,Intel,Intel Iris Xe,16,512.0,14.0,849,904,882,704,1.25
Acer,Student,AMD,6,2.7,AMD,AMD Radeon,8,512.0,14.0,1632,860,1169,620,1.89
Dell,Professional,Intel,8,4.3,NVIDIA,NVIDIA RTX,32,512.0,14.0,3460,2534,2905,2317,1.25
HP,Gaming,Intel,12,4.6,AMD,AMD Radeon,32,512.0,14.0,5508,5899,5742,1262,4.55
Lenovo,Basic,Intel,2,2.0,Intel,Intel UHD,4,128.0,16.0,404,547,490,288,1.7
Acer,Basic,AMD,4,1.7,Intel,Intel Iris Xe,8,256.0,16.0,688,652,667,270,2.47
Lenovo,Professional,AMD,6,4.2,AMD,AMD Radeon,32,1024.0,14.0,2540,3126,2891,1662,1.74
Lenovo,Student,Intel,4,2.2,AMD,AMD Radeon,16,512.0,13.3,869,1469,1229,692,1.78
HP,Basic,Intel,4,2.6,AMD,AMD Radeon,4,128.0,15.6,1054,303,604,400,1.51
HP,Professional,Intel,12,2.5,AMD,AMD Radeon,32,512.0,14.0,3020,3737,3450,2280,1.51
Dell,Basic,AMD,4,1.6,Intel,Intel UHD,4,128.0,14.0,646,318,449,403,1.11
Dell,Student,Intel,6,3.0,AMD,AMD Radeon,8,256.0,14.0,1789,1317,1506,633,2.38
Dell,Basic,Intel,4,2.1,AMD,AMD Radeon,4,128.0,14.0,858,654,735,197,3.73
Lenovo,Basic,Intel,2,2.8,Intel,Intel UHD,4,256.0,13.3,554,620,593,430,1.38
Acer,Basic,Intel,2,1.9,AMD,AMD Radeon,8,128.0,15.6,377,637,533,339,1.57
MSI,Basic,Intel,2,2.7,AMD,AMD Radeon,4,256.0,15.6,537,501,515,273,1.89
ASUS,Professional,AMD,6,3.7,NVIDIA,NVIDIA GeForce,32,512.0,13.3,2246,1640,1882,1221,1.54
Dell,Basic,AMD,4,2.4,Intel,Intel Iris Xe,4,256.0,16.0,959,308,568,202,2.81
HP,Professional,Intel,6,3.7,NVIDIA,NVIDIA RTX,32,512.0,15.6,2196,2809,2564,2165,1.18
HP,Professional,Intel,6,3.3,AMD,AMD Radeon,32,512.0,15.6,1955,3794,3058,2459,1.24
Apple,Student,AMD,6,2.8,AMD,AMD Radeon,8,256.0,13.3,1706,768,1143,697,1.64
ASUS,Basic,Intel,2,2.3,Intel,Intel UHD,8,256.0,16.0,451,674,585,175,3.34
Lenovo,Gaming,Intel,16,4.9,AMD,AMD Radeon,32,2048.0,13.3,7791,6551,7047,962,7.33
MSI,Basic,AMD,2,2.5,Intel,Intel UHD,4,256.0,16.0,496,788,671,214,3.14
HP,Professional,AMD,8,4.0,NVIDIA,NVIDIA GeForce,16,512.0,17.3,3178,1349,2081,1836,1.13
Apple,Basic,Intel,4,2.1,Intel,Intel UHD,8,128.0,15.6,839,340,539,234,2.3
Acer,Student,AMD,4,2.6,AMD,AMD Radeon,8,256.0,17.3,1053,992,1016,695,1.46
Dell,Basic,Intel,4,2.4,AMD,AMD Radeon,4,512.0,16.0,962,637,767,417,1.84
Dell,Basic,Intel,2,2.5,AMD,AMD Radeon,4,128.0,14.0,500,344,406,357,1.14
Dell,Student,Intel,6,3.0,Intel,Intel Iris Xe,16,256.0,17.3,1811,1394,1561,868,1.8
MSI,Student,Intel,4,2.8,AMD,AMD Radeon,8,512.0,15.6,1130,933,1012,640,1.58
HP,Basic,AMD,4,2.2,AMD,AMD Radeon,4,256.0,15.6,895,538,681,378,1.8
HP,Professional,Intel,12,2.6,NVIDIA,NVIDIA GeForce,32,1024.0,15.6,3102,2793,2917,1305,2.24
Lenovo,Basic,AMD,2,2.0,AMD,AMD Radeon,4,128.0,13.3,400,749,609,314,1.94
Dell,Student,Intel,6,2.2,Intel,Intel UHD,8,256.0,14.0,1303,529,838,711,1.18
Dell,Student,Intel,6,3.1,AMD,AMD Radeon,16,256.0,14.0,1831,831,1231,714,1.72
Dell,Student,AMD,6,2.8,AMD,AMD Radeon,16,512.0,15.6,1671,672,1072,462,2.32
ASUS,Student,Intel,4,2.5,AMD,AMD Radeon,8,256.0,17.3,1006,679,810,777,1.04
ASUS,Basic,Intel,2,2.1,AMD,AMD Radeon,4,256.0,13.3,416,602,528,443,1.19
Lenovo,Gaming,Intel,12,4.2,NVIDIA,NVIDIA GeForce,16,1024.0,14.0,5003,8929,7359,2487,2.96
MSI,Professional,AMD,8,3.8,AMD,AMD Radeon,16,1024.0,13.3,3034,2653,2805,971,2.89
ASUS,Professional,AMD,8,3.5,NVIDIA,NVIDIA RTX,16,1024.0,13.3,2774,3171,3012,1122,2.68
Lenovo,Gaming,Intel,12,3.6,AMD,AMD Radeon,16,512.0,13.3,4365,8054,6579,1443,4.56
Lenovo,Professional,Intel,8,3.2,AMD,AMD Radeon,32,1024.0,14.0,2563,3458,3100,1554,1.99
Apple,Basic,AMD,2,1.8,Intel,Intel Iris Xe,4,128.0,16.0,363,374,370,288,1.28
ASUS,Student,Intel,4,3.2,Intel,Intel UHD,8,512.0,15.6,1292,555,850,599,1.42
Lenovo,Gaming,Intel,12,3.9,NVIDIA,NVIDIA RTX,32,512.0,17.3,4707,6468,5764,3649,1.58
Lenovo,Professional,AMD,6,3.8,NVIDIA,NVIDIA GeForce,32,1024.0,16.0,2300,1048,1549,2217,0.7
HP,Gaming,AMD,12,3.5,NVIDIA,NVIDIA GeForce,32,1024.0,15.6,4234,11934,8854,3771,2.35
Razer,Basic,AMD,4,1.8,AMD,AMD Radeon,8,256.0,15.6,728,286,463,458,1.01
Dell,Gaming,Intel,16,4.1,NVIDIA,NVIDIA GeForce,32,2048.0,13.3,6510,13379,10631,1838,5.78
Dell,Professional,Intel,8,2.8,AMD,AMD Radeon,32,1024.0,15.6,2252,2349,2310,1260,1.83
HP,Student,Intel,6,3.0,AMD,AMD Radeon,8,256.0,16.0,1775,1439,1573,860,1.83
MSI,Basic,Intel,4,2.8,AMD,AMD Radeon,4,128.0,16.0,1114,372,669,295,2.27
Dell,Basic,AMD,2,2.8,Intel,Intel Iris Xe,4,128.0,17.3,556,299,402,470,0.86
Razer,Student,AMD,4,3.4,AMD,AMD Radeon,8,512.0,17.3,1375,681,959,899,1.07
ASUS,Professional,Intel,8,3.0,NVIDIA,NVIDIA GeForce,32,512.0,14.0,2374,3501,3050,1467,2.08
HP,Gaming,AMD,16,4.8,NVIDIA,NVIDIA RTX,16,512.0,15.6,7664,9485,8757,2923,3.0
HP,Student,Intel,6,2.8,AMD,AMD Radeon,8,256.0,16.0,1661,612,1031,614,1.68
ASUS,Student,Intel,6,2.3,AMD,AMD Radeon,16,256.0,13.3,1353,840,1045,830,1.26
Apple,Basic,Intel,2,2.6,Intel,Intel Iris Xe,8,256.0,15.6,521,427,464,408,1.14
HP,Student,AMD,6,3.1,AMD,AMD Radeon,16,256.0,13.3,1840,1005,1339,432,3.1
ASUS,Professional,Intel,12,2.9,NVIDIA,NVIDIA GeForce,16,512.0,13.3,3457,1914,2531,2446,1.03
Lenovo,Student,AMD,6,2.5,AMD,AMD Radeon,16,256.0,15.6,1515,757,1060,856,1.24
Lenovo,Gaming,Intel,8,4.1,NVIDIA,NVIDIA GeForce,16,1024.0,15.6,3246,7230,5637,3758,1.5
Acer,Student,Intel,4,3.0,Intel,Intel Iris Xe,16,512.0,14.0,1207,660,879,680,1.29
Lenovo,Professional,Intel,12,3.4,NVIDIA,NVIDIA RTX,32,1024.0,15.6,4024,2472,3093,1140,2.71
Dell,Professional,Intel,12,2.6,NVIDIA,NVIDIA GeForce,16,1024.0,16.0,3129,1572,2195,1420,1.55
HP,Student,Intel,4,2.6,Intel,Intel Iris Xe,16,512.0,13.3,1022,835,909,900,1.01
Acer,Basic,Intel,2,2.5,Intel,Intel Iris Xe,4,256.0,15.6,510,594,560,231,2.42
Acer,Gaming,AMD,16,3.7,NVIDIA,NVIDIA GeForce,16,512.0,15.6,5883,5042,5379,1478,3.64
ASUS,Student,Intel,6,2.8,AMD,AMD Radeon,8,512.0,15.6,1685,858,1189,891,1.33
ASUS,Student,Intel,6,3.2,Intel,Intel Iris Xe,8,256.0,16.0,1921,1284,1539,788,1.95
Dell,Basic,AMD,4,2.5,Intel,Intel Iris Xe,4,256.0,16.0,997,256,553,384,1.44
Razer,Professional,Intel,12,3.7,AMD,AMD Radeon,32,1024.0,15.6,4429,2051,3002,1504,2.0
HP,Basic,Intel,2,1.8,Intel,Intel UHD,4,256.0,14.0,364,789,619,455,1.36
Lenovo,Gaming,Intel,12,5.2,AMD,AMD Radeon,32,512.0,15.6,6228,9633,8271,3503,2.36
Lenovo,Gaming,Intel,16,5.4,NVIDIA,NVIDIA GeForce,32,2048.0,13.3,8582,9101,8894,1717,5.18
Lenovo,Basic,Intel,2,2.1,Intel,Intel Iris Xe,8,256.0,14.0,412,589,518,238,2.18
Lenovo,Basic,Intel,4,2.3,Intel,Intel UHD,4,128.0,13.3,905,489,655,475,1.38
Dell,Professional,Intel,6,3.3,NVIDIA,NVIDIA RTX,32,512.0,14.0,1977,3825,3086,2481,1.24
Dell,Student,Intel,4,2.9,Intel,Intel UHD,16,256.0,16.0,1150,786,931,789,1.18
Lenovo,Basic,AMD,2,2.0,Intel,Intel UHD,8,512.0,15.6,407,332,362,443,0.82
MSI,Student,Intel,6,2.7,Intel,Intel Iris Xe,16,512.0,14.0,1641,1384,1487,591,2.52
HP,Professional,Intel,8,3.0,AMD,AMD Radeon,16,1024.0,14.0,2363,3681,3154,1237,2.55
HP,Basic,AMD,4,2.8,AMD,AMD Radeon,4,512.0,14.0,1115,552,777,441,1.76
HP,Basic,Intel,2,2.3,Intel,Intel UHD,4,256.0,15.6,459,463,461,313,1.47
ASUS,Student,Intel,4,2.1,AMD,AMD Radeon,16,256.0,15.6,843,1266,1097,584,1.88
Dell,Student,AMD,4,3.3,AMD,AMD Radeon,8,512.0,13.3,1313,1438,1388,418,3.32
Acer,Gaming,Intel,12,4.1,NVIDIA,NVIDIA GeForce,16,1024.0,14.0,4870,12914,9696,2766,3.51
HP,Student,AMD,6,2.2,AMD,AMD Radeon,8,256.0,13.3,1324,849,1039,763,1.36
Lenovo,Basic,Intel,4,1.7,AMD,AMD Radeon,8,256.0,16.0,690,548,605,435,1.39
Acer,Student,Intel,6,2.7,Intel,Intel Iris Xe,16,256.0,16.0,1604,1183,1351,402,3.36
Acer,Student,AMD,6,2.6,AMD,AMD Radeon,8,256.0,17.3,1558,1451,1494,649,2.3
Acer,Gaming,AMD,8,4.5,AMD,AMD Radeon,32,512.0,15.6,3590,12498,8935,2331,3.83
HP,Professional,Intel,6,2.8,AMD,AMD Radeon,16,1024.0,16.0,1662,1630,1643,1932,0.85
HP,Basic,AMD,4,2.7,AMD,AMD Radeon,4,128.0,13.3,1064,550,755,268,2.82
ASUS,Gaming,Intel,12,4.3,NVIDIA,NVIDIA GeForce,16,2048.0,15.6,5211,12021,9297,3044,3.05
Acer,Gaming,Intel,16,4.4,AMD,AMD Radeon,32,1024.0,14.0,7059,7247,7172,1412,5.08
Lenovo,Professional,Intel,12,3.3,AMD,AMD Radeon,16,512.0,14.0,4018,1665,2606,1058,2.46
ASUS,Student,Intel,6,2.9,Intel,Intel Iris Xe,8,512.0,14.0,1749,778,1166,803,1.45
Razer,Basic,Intel,4,2.8,AMD,AMD Radeon,8,256.0,15.6,1103,620,813,306,2.66
ASUS,Student,Intel,4,3.3,Intel,Intel UHD,8,512.0,17.3,1331,1487,1424,794,1.79
Dell,Professional,AMD,6,4.1,NVIDIA,NVIDIA RTX,16,1024.0,16.0,2484,2497,2492,1727,1.44
ASUS,Basic,Intel,2,2.1,AMD,AMD Radeon,4,256.0,15.6,426,264,329,395,0.83
Acer,Gaming,AMD,16,4.6,AMD,AMD Radeon,16,512.0,13.3,7397,6557,6893,2820,2.44
ASUS,Professional,AMD,6,2.6,NVIDIA,NVIDIA RTX,16,1024.0,13.3,1530,3469,2693,1699,1.59
HP,Gaming,AMD,12,3.2,AMD,AMD Radeon,16,1024.0,17.3,3856,7479,6030,1339,4.5
Dell,Student,AMD,4,3.3,Intel,Intel Iris Xe,8,512.0,13.3,1315,1066,1166,549,2.12
Acer,Student,Intel,4,2.3,Intel,Intel UHD,16,256.0,14.0,901,943,926,889,1.04
HP,Student,Intel,4,2.3,AMD,AMD Radeon,16,512.0,17.3,911,890,899,757,1.19
Lenovo,Student,Intel,6,2.1,AMD,AMD Radeon,16,512.0,17.3,1285,1354,1326,387,3.43
Dell,Gaming,Intel,12,3.8,NVIDIA,NVIDIA RTX,16,2048.0,16.0,4527,7017,6021,2752,2.19
Dell,Gaming,Intel,16,3.4,AMD,AMD Radeon,16,512.0,13.3,5373,11896,9287,2707,3.43
Lenovo,Gaming,Intel,12,4.5,AMD,AMD Radeon,16,1024.0,13.3,5378,10565,8490,2416,3.51
Dell,Basic,Intel,2,2.0,AMD,AMD Radeon,8,256.0,16.0,409,648,552,371,1.49
Apple,Gaming,Intel,8,3.6,NVIDIA,NVIDIA GeForce,16,1024.0,13.3,2885,10096,7211,1922,3.75
Razer,Student,Intel,4,2.5,AMD,AMD Radeon,16,256.0,15.6,1009,851,914,805,1.14
Lenovo,Student,Intel,6,3.0,Intel,Intel UHD,8,256.0,16.0,1830,785,1203,753,1.6
HP,Professional,AMD,8,3.4,NVIDIA,NVIDIA GeForce,16,1024.0,17.3,2694,1847,2186,1516,1.44
MSI,Student,AMD,4,2.1,Intel,Intel Iris Xe,8,256.0,16.0,836,1368,1155,799,1.45
HP,Student,AMD,4,2.9,AMD,AMD Radeon,8,512.0,13.3,1174,1381,1298,484,2.68
HP,Professional,Intel,8,3.7,AMD,AMD Radeon,16,1024.0,16.0,2988,1073,1839,1806,1.02
Dell,Professional,AMD,8,3.2,NVIDIA,NVIDIA GeForce,16,512.0,15.6,2597,2031,2257,2489,0.91
Dell,Basic,Intel,4,2.1,Intel,Intel UHD,8,256.0,14.0,844,374,562,235,2.39
Razer,Professional,Intel,8,3.7,NVIDIA,NVIDIA GeForce,16,512.0,15.6,2949,1956,2353,926,2.54
Apple,Gaming,Intel,8,3.3,NVIDIA,NVIDIA GeForce,32,512.0,14.0,2607,5455,4316,3436,1.26
ASUS,Student,Intel,4,3.2,Intel,Intel Iris Xe,16,256.0,13.3,1284,986,1105,611,1.81
